date,score,daily_records,subreddits_active,num_comments,total_engagement,title_length,word_count,is_weekend
2021-01-01,2867,25,7,0,2867,0,0,0
2021-01-02,4008,25,7,0,4008,0,0,1
2021-01-03,3963,25,7,0,3963,0,0,1
2021-01-04,3876,25,7,0,3876,0,0,0
2021-01-05,4225,25,7,0,4225,0,0,0
2021-01-06,4252,25,7,0,4252,0,0,0
2021-01-07,3825,25,7,0,3825,0,0,0
2021-01-08,3623,25,7,0,3623,0,0,0
2021-01-09,2396,25,7,0,2396,0,0,1
2021-01-10,3194,25,7,0,3194,0,0,1
2021-01-11,5238,25,7,0,5238,0,0,0
2021-01-12,3590,25,7,0,3590,0,0,0
2021-01-13,14127,25,7,0,14127,0,0,0
2021-01-14,20079,25,7,0,20079,0,0,0
2021-01-15,21151,25,7,0,21151,0,0,0
2021-01-16,8543,25,7,0,8543,0,0,1
2021-01-17,8982,25,7,0,8982,0,0,1
2021-01-18,13469,25,7,0,13469,0,0,0
2021-01-19,29181,25,7,0,29181,0,0,0
2021-01-20,22227,25,7,0,22227,0,0,0
2021-01-21,28141,25,7,0,28141,0,0,0
2021-01-22,55146,25,7,0,55146,0,0,0
2021-01-23,23280,25,7,0,23280,0,0,1
2021-01-24,5855,25,7,0,5855,0,0,1
2021-01-25,0,25,7,0,0,0,0,0
2021-01-26,0,25,7,0,0,0,0,0
2021-01-27,199243,25,7,0,199243,0,0,0
2021-01-28,385551,25,7,0,385551,0,0,0
2021-01-29,274468,25,7,0,274468,0,0,0
2021-01-30,137892,25,7,0,137892,0,0,1
2021-01-31,120212,25,7,0,120212,0,0,1
2021-02-01,306101,25,7,0,306101,0,0,0
2021-02-02,195970,25,7,0,195970,0,0,0
2021-02-03,104207,25,7,0,104207,0,0,0
2021-02-04,69554,25,7,0,69554,0,0,0
2021-02-05,42776,25,7,0,42776,0,0,0
2021-02-06,20504,25,7,0,20504,0,0,1
2021-02-07,12849,25,7,0,12849,0,0,1
2021-02-08,23695,25,7,0,23695,0,0,0
2021-02-09,26641,25,7,0,26641,0,0,0
2021-02-10,21686,25,7,0,21686,0,0,0
2021-02-11,13352,25,7,0,13352,0,0,0
2021-02-12,11633,25,7,0,11633,0,0,0
2021-02-13,7083,25,7,0,7083,0,0,1
2021-02-14,4518,25,7,0,4518,0,0,1
2021-02-15,5926,25,7,0,5926,0,0,0
2021-02-16,8008,25,7,0,8008,0,0,0
2021-02-17,9072,25,7,0,9072,0,0,0
2021-02-18,23516,25,7,0,23516,0,0,0
2021-02-19,15963,25,7,0,15963,0,0,0
2021-02-20,10684,25,7,0,10684,0,0,1
2021-02-21,9661,25,7,0,9661,0,0,1
2021-02-22,25306,25,7,0,25306,0,0,0
2021-02-23,23141,25,7,0,23141,0,0,0
2021-02-24,56210,25,7,0,56210,0,0,0
2021-02-25,94259,25,7,0,94259,0,0,0
2021-02-26,64747,25,7,0,64747,0,0,0
2021-02-27,1298,25,7,0,1298,0,0,1
2021-02-28,0,25,7,0,0,0,0,1
2021-03-01,0,25,7,0,0,0,0,0
2021-03-02,26880,25,7,0,26880,0,0,0
2021-03-03,24397,25,7,0,24397,0,0,0
2021-03-04,20890,25,7,0,20890,0,0,0
2021-03-05,15655,25,7,0,15655,0,0,0
2021-03-06,8826,25,7,0,8826,0,0,1
2021-03-07,6792,25,7,0,6792,0,0,1
2021-03-08,28213,25,7,0,28213,0,0,0
2021-03-09,29491,25,7,0,29491,0,0,0
2021-03-10,50650,25,7,0,50650,0,0,0
2021-03-11,28732,25,7,0,28732,0,0,0
2021-03-12,22043,25,7,0,22043,0,0,0
2021-03-13,7779,25,7,0,7779,0,0,1
2021-03-14,6651,25,7,0,6651,0,0,1
2021-03-15,24547,25,7,0,24547,0,0,0
2021-03-16,23080,25,7,0,23080,0,0,0
2021-03-17,17783,25,7,0,17783,0,0,0
2021-03-18,18754,25,7,0,18754,0,0,0
2021-03-19,24186,25,7,0,24186,0,0,0
2021-03-20,6164,25,7,0,6164,0,0,1
2021-03-21,5704,25,7,0,5704,0,0,1
2021-03-22,16104,25,7,0,16104,0,0,0
2021-03-23,26620,25,7,0,26620,0,0,0
2021-03-24,26338,25,7,0,26338,0,0,0
2021-03-25,23574,25,7,0,23574,0,0,0
2021-03-26,19414,25,7,0,19414,0,0,0
2021-03-27,4748,25,7,0,4748,0,0,1
2021-03-28,5867,25,7,0,5867,0,0,1
2021-03-29,12877,25,7,0,12877,0,0,0
2021-03-30,14460,25,7,0,14460,0,0,0
2021-03-31,14584,25,7,0,14584,0,0,0
2021-04-01,12878,25,7,0,12878,0,0,0
2021-04-02,5121,25,7,0,5121,0,0,0
2021-04-03,4560,25,7,0,4560,0,0,1
2021-04-04,3337,25,7,0,3337,0,0,1
2021-04-05,11958,25,7,0,11958,0,0,0
2021-04-06,9714,25,7,0,9714,0,0,0
2021-04-07,10020,25,7,0,10020,0,0,0
2021-04-08,10559,25,7,0,10559,0,0,0
2021-04-09,11722,25,7,0,11722,0,0,0
2021-04-10,4455,25,7,0,4455,0,0,1
2021-04-11,4143,25,7,0,4143,0,0,1
2021-04-12,12538,25,7,0,12538,0,0,0
2021-04-13,12192,25,7,0,12192,0,0,0
2021-04-14,14040,25,7,0,14040,0,0,0
2021-04-15,12163,25,7,0,12163,0,0,0
2021-04-16,19625,25,7,0,19625,0,0,0
2021-04-17,6126,25,7,0,6126,0,0,1
2021-04-18,5637,25,7,0,5637,0,0,1
2021-04-19,9251,25,7,0,9251,0,0,0
2021-04-20,6479,25,7,0,6479,0,0,0
2021-04-21,6452,25,7,0,6452,0,0,0
2021-04-22,7940,25,7,0,7940,0,0,0
2021-04-23,5456,25,7,0,5456,0,0,0
2021-04-24,3708,25,7,0,3708,0,0,1
2021-04-25,3806,25,7,0,3806,0,0,1
2021-04-26,8806,25,7,0,8806,0,0,0
2021-04-27,7953,25,7,0,7953,0,0,0
2021-04-28,10081,25,7,0,10081,0,0,0
2021-04-29,8502,25,7,0,8502,0,0,0
2021-04-30,6369,25,7,0,6369,0,0,0
2021-05-01,7530,25,7,0,7530,0,0,1
2021-05-02,7529,25,7,0,7529,0,0,1
2021-05-03,10209,25,7,0,10209,0,0,0
2021-05-04,10505,25,7,0,10505,0,0,0
2021-05-05,12797,25,7,0,12797,0,0,0
2021-05-06,15843,25,7,0,15843,0,0,0
2021-05-07,8509,25,7,0,8509,0,0,0
2021-05-08,9249,25,7,0,9249,0,0,1
2021-05-09,12239,25,7,0,12239,0,0,1
2021-05-10,10767,25,7,0,10767,0,0,0
2021-05-11,8584,25,7,0,8584,0,0,0
2021-05-12,12406,25,7,0,12406,0,0,0
2021-05-13,14690,25,7,0,14690,0,0,0
2021-05-14,10627,25,7,0,10627,0,0,0
2021-05-15,7308,25,7,0,7308,0,0,1
2021-05-16,7811,25,7,0,7811,0,0,1
2021-05-17,9467,25,7,0,9467,0,0,0
2021-05-18,16553,25,7,0,16553,0,0,0
2021-05-19,12519,25,7,0,12519,0,0,0
2021-05-20,9631,25,7,0,9631,0,0,0
2021-05-21,10054,25,7,0,10054,0,0,0
2021-05-22,7660,25,7,0,7660,0,0,1
2021-05-23,10440,25,7,0,10440,0,0,1
2021-05-24,9746,25,7,0,9746,0,0,0
2021-05-25,14906,25,7,0,14906,0,0,0
2021-05-26,21444,25,7,0,21444,0,0,0
2021-05-27,20984,25,7,0,20984,0,0,0
2021-05-28,19341,25,7,0,19341,0,0,0
2021-05-29,10826,25,7,0,10826,0,0,1
2021-05-30,7485,25,7,0,7485,0,0,1
2021-05-31,7365,25,7,0,7365,0,0,0
2021-06-01,11375,25,7,0,11375,0,0,0
2021-06-02,27458,25,7,0,27458,0,0,0
2021-06-03,28461,25,7,0,28461,0,0,0
2021-06-04,19394,25,7,0,19394,0,0,0
2021-06-05,10069,25,7,0,10069,0,0,1
2021-06-06,10435,25,7,0,10435,0,0,1
2021-06-07,15922,25,7,0,15922,0,0,0
2021-06-08,18003,25,7,0,18003,0,0,0
2021-06-09,20573,25,7,0,20573,0,0,0
2021-06-10,15975,25,7,0,15975,0,0,0
2021-06-11,11153,25,7,0,11153,0,0,0
2021-06-12,6313,25,7,0,6313,0,0,1
2021-06-13,5774,25,7,0,5774,0,0,1
2021-06-14,7760,25,7,0,7760,0,0,0
2021-06-15,9304,25,7,0,9304,0,0,0
2021-06-16,9099,25,7,0,9099,0,0,0
2021-06-17,8221,25,7,0,8221,0,0,0
2021-06-18,8349,25,7,0,8349,0,0,0
2021-06-19,5738,25,7,0,5738,0,0,1
2021-06-20,5539,25,7,0,5539,0,0,1
2021-06-21,9994,25,7,0,9994,0,0,0
2021-06-22,10178,25,7,0,10178,0,0,0
2021-06-23,6691,25,7,0,6691,0,0,0
2021-06-24,5484,25,7,0,5484,0,0,0
2021-06-25,5927,25,7,0,5927,0,0,0
2021-06-26,6194,25,7,0,6194,0,0,1
2021-06-27,6232,25,7,0,6232,0,0,1
2021-06-28,6695,25,7,0,6695,0,0,0
2021-06-29,6275,25,7,0,6275,0,0,0
2021-06-30,4794,25,7,0,4794,0,0,0
2021-07-01,7047,25,7,0,7047,0,0,0
2021-07-02,6136,25,7,0,6136,0,0,0
2021-07-03,3797,25,7,0,3797,0,0,1
2021-07-04,4155,25,7,0,4155,0,0,1
2021-07-05,4775,25,7,0,4775,0,0,0
2021-07-06,6416,25,7,0,6416,0,0,0
2021-07-07,5677,25,7,0,5677,0,0,0
2021-07-08,6025,25,7,0,6025,0,0,0
2021-07-09,4596,25,7,0,4596,0,0,0
2021-07-10,4505,25,7,0,4505,0,0,1
2021-07-11,4839,25,7,0,4839,0,0,1
2021-07-12,5663,25,7,0,5663,0,0,0
2021-07-13,5866,25,7,0,5866,0,0,0
2021-07-14,8851,25,7,0,8851,0,0,0
2021-07-15,8591,25,7,0,8591,0,0,0
2021-07-16,6826,25,7,0,6826,0,0,0
2021-07-17,5886,25,7,0,5886,0,0,1
2021-07-18,5672,25,7,0,5672,0,0,1
2021-07-19,7349,25,7,0,7349,0,0,0
2021-07-20,6253,25,7,0,6253,0,0,0
2021-07-21,5945,25,7,0,5945,0,0,0
2021-07-22,6252,25,7,0,6252,0,0,0
2021-07-23,5976,25,7,0,5976,0,0,0
2021-07-24,5293,25,7,0,5293,0,0,1
2021-07-25,7037,25,7,0,7037,0,0,1
2021-07-26,9348,25,7,0,9348,0,0,0
2021-07-27,8474,25,7,0,8474,0,0,0
2021-07-28,7310,25,7,0,7310,0,0,0
2021-07-29,7303,25,7,0,7303,0,0,0
2021-07-30,6637,25,7,0,6637,0,0,0
2021-07-31,6294,25,7,0,6294,0,0,1
2021-08-01,6448,25,7,0,6448,0,0,1
2021-08-02,7407,25,7,0,7407,0,0,0
2021-08-03,8063,25,7,0,8063,0,0,0
2021-08-04,10802,25,7,0,10802,0,0,0
2021-08-05,10521,25,7,0,10521,0,0,0
2021-08-06,7263,25,7,0,7263,0,0,0
2021-08-07,7956,25,7,0,7956,0,0,1
2021-08-08,7695,25,7,0,7695,0,0,1
2021-08-09,10242,25,7,0,10242,0,0,0
2021-08-10,8662,25,7,0,8662,0,0,0
2021-08-11,8438,25,7,0,8438,0,0,0
2021-08-12,8827,25,7,0,8827,0,0,0
2021-08-13,9442,25,7,0,9442,0,0,0
2021-08-14,7679,25,7,0,7679,0,0,1
2021-08-15,9717,25,7,0,9717,0,0,1
2021-08-16,9697,25,7,0,9697,0,0,0
2021-08-17,9244,25,7,0,9244,0,0,0
2021-08-18,9105,25,7,0,9105,0,0,0
2021-08-19,10312,25,7,0,10312,0,0,0
2021-08-20,8348,25,7,0,8348,0,0,0
2021-08-21,8869,25,7,0,8869,0,0,1
2021-08-22,8444,25,7,0,8444,0,0,1
2021-08-23,8840,25,7,0,8840,0,0,0
2021-08-24,11564,25,7,0,11564,0,0,0
2021-08-25,10038,25,7,0,10038,0,0,0
2021-08-26,7376,25,7,0,7376,0,0,0
2021-08-27,8004,25,7,0,8004,0,0,0
2021-08-28,6089,25,7,0,6089,0,0,1
2021-08-29,7777,25,7,0,7777,0,0,1
2021-08-30,8884,25,7,0,8884,0,0,0
2021-08-31,8122,25,7,0,8122,0,0,0
2021-09-01,9512,25,7,0,9512,0,0,0
2021-09-02,10555,25,7,0,10555,0,0,0
2021-09-03,9414,25,7,0,9414,0,0,0
2021-09-04,6384,25,7,0,6384,0,0,1
2021-09-05,6375,25,7,0,6375,0,0,1
2021-09-06,7890,25,7,0,7890,0,0,0
2021-09-07,8820,25,7,0,8820,0,0,0
2021-09-08,8401,25,7,0,8401,0,0,0
2021-09-09,8029,25,7,0,8029,0,0,0
2021-09-10,7710,25,7,0,7710,0,0,0
2021-09-11,6709,25,7,0,6709,0,0,1
2021-09-12,6730,25,7,0,6730,0,0,1
2021-09-13,6690,25,7,0,6690,0,0,0
2021-09-14,7114,25,7,0,7114,0,0,0
2021-09-15,8414,25,7,0,8414,0,0,0
2021-09-16,9658,25,7,0,9658,0,0,0
2021-09-17,7126,25,7,0,7126,0,0,0
2021-09-18,5537,25,7,0,5537,0,0,1
2021-09-19,5546,25,7,0,5546,0,0,1
2021-09-20,5799,25,7,0,5799,0,0,0
2021-09-21,4652,25,7,0,4652,0,0,0
2021-09-22,6188,25,7,0,6188,0,0,0
2021-09-23,6616,25,7,0,6616,0,0,0
2021-09-24,4707,25,7,0,4707,0,0,0
2021-09-25,4085,25,7,0,4085,0,0,1
2021-09-26,4332,25,7,0,4332,0,0,1
2021-09-27,5583,25,7,0,5583,0,0,0
2021-09-28,5963,25,7,0,5963,0,0,0
2021-09-29,4705,25,7,0,4705,0,0,0
2021-09-30,5904,25,7,0,5904,0,0,0
2021-10-01,5278,25,7,0,5278,0,0,0
2021-10-02,4464,25,7,0,4464,0,0,1
2021-10-03,4346,25,7,0,4346,0,0,1
2021-10-04,6326,25,7,0,6326,0,0,0
2021-10-05,6336,25,7,0,6336,0,0,0
2021-10-06,10087,25,7,0,10087,0,0,0
2021-10-07,9510,25,7,0,9510,0,0,0
2021-10-08,8138,25,7,0,8138,0,0,0
2021-10-09,6345,25,7,0,6345,0,0,1
2021-10-10,6802,25,7,0,6802,0,0,1
2021-10-11,8235,25,7,0,8235,0,0,0
2021-10-12,8854,25,7,0,8854,0,0,0
2021-10-13,8702,25,7,0,8702,0,0,0
2021-10-14,7027,25,7,0,7027,0,0,0
2021-10-15,7028,25,7,0,7028,0,0,0
2021-10-16,5833,25,7,0,5833,0,0,1
2021-10-17,5439,25,7,0,5439,0,0,1
2021-10-18,6433,25,7,0,6433,0,0,0
2021-10-19,7710,25,7,0,7710,0,0,0
2021-10-20,8163,25,7,0,8163,0,0,0
2021-10-21,8600,25,7,0,8600,0,0,0
2021-10-22,6910,25,7,0,6910,0,0,0
2021-10-23,5978,25,7,0,5978,0,0,1
2021-10-24,6823,25,7,0,6823,0,0,1
2021-10-25,5888,25,7,0,5888,0,0,0
2021-10-26,9220,25,7,0,9220,0,0,0
2021-10-27,12608,25,7,0,12608,0,0,0
2021-10-28,10618,25,7,0,10618,0,0,0
2021-10-29,7498,25,7,0,7498,0,0,0
2021-10-30,5967,25,7,0,5967,0,0,1
2021-10-31,6077,25,7,0,6077,0,0,1
2021-11-01,7357,25,7,0,7357,0,0,0
2021-11-02,8541,25,7,0,8541,0,0,0
2021-11-03,9677,25,7,0,9677,0,0,0
2021-11-04,8550,25,7,0,8550,0,0,0
2021-11-05,6560,25,7,0,6560,0,0,0
2021-11-06,6161,25,7,0,6161,0,0,1
2021-11-07,7012,25,7,0,7012,0,0,1
2021-11-08,9821,25,7,0,9821,0,0,0
2021-11-09,9039,25,7,0,9039,0,0,0
2021-11-10,7907,25,7,0,7907,0,0,0
2021-11-11,5854,25,7,0,5854,0,0,0
2021-11-12,4954,25,7,0,4954,0,0,0
2021-11-13,5945,25,7,0,5945,0,0,1
2021-11-14,4731,25,7,0,4731,0,0,1
2021-11-15,7248,25,7,0,7248,0,0,0
2021-11-16,6846,25,7,0,6846,0,0,0
2021-11-17,6249,25,7,0,6249,0,0,0
2021-11-18,5165,25,7,0,5165,0,0,0
2021-11-19,5211,25,7,0,5211,0,0,0
2021-11-20,4243,25,7,0,4243,0,0,1
2021-11-21,5489,25,7,0,5489,0,0,1
2021-11-22,5484,25,7,0,5484,0,0,0
2021-11-23,5352,25,7,0,5352,0,0,0
2021-11-24,4292,25,7,0,4292,0,0,0
2021-11-25,4075,25,7,0,4075,0,0,0
2021-11-26,4513,25,7,0,4513,0,0,0
2021-11-27,4673,25,7,0,4673,0,0,1
2021-11-28,4884,25,7,0,4884,0,0,1
2021-11-29,5752,25,7,0,5752,0,0,0
2021-11-30,5461,25,7,0,5461,0,0,0
2021-12-01,5498,25,7,0,5498,0,0,0
2021-12-02,5099,25,7,0,5099,0,0,0
2021-12-03,4978,25,7,0,4978,0,0,0
2021-12-04,7751,25,7,0,7751,0,0,1
2021-12-05,4890,25,7,0,4890,0,0,1
2021-12-06,5883,25,7,0,5883,0,0,0
2021-12-07,6511,25,7,0,6511,0,0,0
2021-12-08,8948,25,7,0,8948,0,0,0
2021-12-09,7689,25,7,0,7689,0,0,0
2021-12-10,6602,25,7,0,6602,0,0,0
2021-12-11,5068,25,7,0,5068,0,0,1
2021-12-12,4925,25,7,0,4925,0,0,1
2021-12-13,6110,25,7,0,6110,0,0,0
2021-12-14,7224,25,7,0,7224,0,0,0
2021-12-15,5102,25,7,0,5102,0,0,0
2021-12-16,5672,25,7,0,5672,0,0,0
2021-12-17,6111,25,7,0,6111,0,0,0
2021-12-18,4062,25,7,0,4062,0,0,1
2021-12-19,3769,25,7,0,3769,0,0,1
2021-12-20,3986,25,7,0,3986,0,0,0
2021-12-21,5823,25,7,0,5823,0,0,0
2021-12-22,5649,25,7,0,5649,0,0,0
2021-12-23,5457,25,7,0,5457,0,0,0
2021-12-24,4835,25,7,0,4835,0,0,0
2021-12-25,4637,25,7,0,4637,0,0,1
2021-12-26,4842,25,7,0,4842,0,0,1
2021-12-27,4613,25,7,0,4613,0,0,0
2021-12-28,4145,25,7,0,4145,0,0,0
2021-12-29,5782,25,7,0,5782,0,0,0
2021-12-30,5083,25,7,0,5083,0,0,0
2021-12-31,5850,25,7,0,5850,0,0,0
2022-01-01,3803,22,7,0,3803,0,0,1
2022-01-02,4684,22,7,0,4684,0,0,1
2022-01-03,4568,22,7,0,4568,0,0,0
2022-01-04,4593,22,7,0,4593,0,0,0
2022-01-05,6216,22,7,0,6216,0,0,0
2022-01-06,9379,22,7,0,9379,0,0,0
2022-01-07,8878,22,7,0,8878,0,0,0
2022-01-08,6613,22,7,0,6613,0,0,1
2022-01-09,5338,22,7,0,5338,0,0,1
2022-01-10,7736,22,7,0,7736,0,0,0
2022-01-11,6115,22,7,0,6115,0,0,0
2022-01-12,5608,22,7,0,5608,0,0,0
2022-01-13,6653,22,7,0,6653,0,0,0
2022-01-14,6496,22,7,0,6496,0,0,0
2022-01-15,5004,22,7,0,5004,0,0,1
2022-01-16,5217,22,7,0,5217,0,0,1
2022-01-17,5369,22,7,0,5369,0,0,0
2022-01-18,8682,22,7,0,8682,0,0,0
2022-01-19,7381,22,7,0,7381,0,0,0
2022-01-20,5228,22,7,0,5228,0,0,0
2022-01-21,6872,22,7,0,6872,0,0,0
2022-01-22,6088,22,7,0,6088,0,0,1
2022-01-23,4321,22,7,0,4321,0,0,1
2022-01-24,4963,22,7,0,4963,0,0,0
2022-01-25,5897,22,7,0,5897,0,0,0
2022-01-26,6256,22,7,0,6256,0,0,0
2022-01-27,6313,22,7,0,6313,0,0,0
2022-01-28,6050,22,7,0,6050,0,0,0
2022-01-29,4226,22,7,0,4226,0,0,1
2022-01-30,4714,22,7,0,4714,0,0,1
2022-01-31,5599,22,7,0,5599,0,0,0
2022-02-01,5421,22,7,0,5421,0,0,0
2022-02-02,4062,22,7,0,4062,0,0,0
2022-02-03,5440,22,7,0,5440,0,0,0
2022-02-04,4226,22,7,0,4226,0,0,0
2022-02-05,3655,22,7,0,3655,0,0,1
2022-02-06,3461,22,7,0,3461,0,0,1
2022-02-07,3642,22,7,0,3642,0,0,0
2022-02-08,4607,22,7,0,4607,0,0,0
2022-02-09,3363,22,7,0,3363,0,0,0
2022-02-10,3394,22,7,0,3394,0,0,0
2022-02-11,2922,22,7,0,2922,0,0,0
2022-02-12,3383,22,7,0,3383,0,0,1
2022-02-13,3472,22,7,0,3472,0,0,1
2022-02-14,2408,22,7,0,2408,0,0,0
2022-02-15,3576,22,7,0,3576,0,0,0
2022-02-16,3414,22,7,0,3414,0,0,0
2022-02-17,2945,22,7,0,2945,0,0,0
2022-02-18,2745,22,7,0,2745,0,0,0
2022-02-19,2972,22,7,0,2972,0,0,1
2022-02-20,3053,22,7,0,3053,0,0,1
2022-02-21,3542,22,7,0,3542,0,0,0
2022-02-22,4019,22,7,0,4019,0,0,0
2022-02-23,2873,22,7,0,2873,0,0,0
2022-02-24,3852,22,7,0,3852,0,0,0
2022-02-25,2606,22,7,0,2606,0,0,0
2022-02-26,2127,22,7,0,2127,0,0,1
2022-02-27,1619,22,7,0,1619,0,0,1
2022-02-28,3692,22,7,0,3692,0,0,0
2022-03-01,2648,22,7,0,2648,0,0,0
2022-03-02,3743,22,7,0,3743,0,0,0
2022-03-03,2572,22,7,0,2572,0,0,0
2022-03-04,2001,22,7,0,2001,0,0,0
2022-03-05,1840,22,7,0,1840,0,0,1
2022-03-06,2722,22,7,0,2722,0,0,1
2022-03-07,3166,22,7,0,3166,0,0,0
2022-03-08,2105,22,7,0,2105,0,0,0
2022-03-09,2526,22,7,0,2526,0,0,0
2022-03-10,2108,22,7,0,2108,0,0,0
2022-03-11,2884,22,7,0,2884,0,0,0
2022-03-12,2143,22,7,0,2143,0,0,1
2022-03-13,2276,22,7,0,2276,0,0,1
2022-03-14,3106,22,7,0,3106,0,0,0
2022-03-15,3030,22,7,0,3030,0,0,0
2022-03-16,3331,22,7,0,3331,0,0,0
2022-03-17,5147,22,7,0,5147,0,0,0
2022-03-18,3887,22,7,0,3887,0,0,0
2022-03-19,2998,22,7,0,2998,0,0,1
2022-03-20,2554,22,7,0,2554,0,0,1
2022-03-21,4047,22,7,0,4047,0,0,0
2022-03-22,5518,22,7,0,5518,0,0,0
2022-03-23,6548,22,7,0,6548,0,0,0
2022-03-24,6314,22,7,0,6314,0,0,0
2022-03-25,6532,22,7,0,6532,0,0,0
2022-03-26,3269,22,7,0,3269,0,0,1
2022-03-27,3440,22,7,0,3440,0,0,1
2022-03-28,6808,22,7,0,6808,0,0,0
2022-03-29,7280,22,7,0,7280,0,0,0
2022-03-30,4711,22,7,0,4711,0,0,0
2022-03-31,6588,22,7,0,6588,0,0,0
2022-04-01,4873,22,7,0,4873,0,0,0
2022-04-02,3373,22,7,0,3373,0,0,1
2022-04-03,4741,22,7,0,4741,0,0,1
2022-04-04,5855,22,7,0,5855,0,0,0
2022-04-05,2854,22,7,0,2854,0,0,0
2022-04-06,2943,22,7,0,2943,0,0,0
2022-04-07,2525,22,7,0,2525,0,0,0
2022-04-08,2113,22,7,0,2113,0,0,0
2022-04-09,2871,22,7,0,2871,0,0,1
2022-04-10,2470,22,7,0,2470,0,0,1
2022-04-11,3720,22,7,0,3720,0,0,0
2022-04-12,3396,22,7,0,3396,0,0,0
2022-04-13,2788,22,7,0,2788,0,0,0
2022-04-14,2426,22,7,0,2426,0,0,0
2022-04-15,2032,22,7,0,2032,0,0,0
2022-04-16,2156,22,7,0,2156,0,0,1
2022-04-17,2384,22,7,0,2384,0,0,1
2022-04-18,2783,22,7,0,2783,0,0,0
2022-04-19,2351,22,7,0,2351,0,0,0
2022-04-20,2355,22,7,0,2355,0,0,0
2022-04-21,2257,22,7,0,2257,0,0,0
2022-04-22,2502,22,7,0,2502,0,0,0
2022-04-23,2610,22,7,0,2610,0,0,1
2022-04-24,2406,22,7,0,2406,0,0,1
2022-04-25,3424,22,7,0,3424,0,0,0
2022-04-26,2718,22,7,0,2718,0,0,0
2022-04-27,2441,22,7,0,2441,0,0,0
2022-04-28,2185,22,7,0,2185,0,0,0
2022-04-29,2180,22,7,0,2180,0,0,0
2022-04-30,2859,22,7,0,2859,0,0,1
2022-05-01,2829,22,7,0,2829,0,0,1
2022-05-02,3133,22,7,0,3133,0,0,0
2022-05-03,2150,22,7,0,2150,0,0,0
2022-05-04,2747,22,7,0,2747,0,0,0
2022-05-05,3060,22,7,0,3060,0,0,0
2022-05-06,2372,22,7,0,2372,0,0,0
2022-05-07,3039,22,7,0,3039,0,0,1
2022-05-08,3277,22,7,0,3277,0,0,1
2022-05-09,3931,22,7,0,3931,0,0,0
2022-05-10,3553,22,7,0,3553,0,0,0
2022-05-11,6363,22,7,0,6363,0,0,0
2022-05-12,5773,22,7,0,5773,0,0,0
2022-05-13,4253,22,7,0,4253,0,0,0
2022-05-14,3659,22,7,0,3659,0,0,1
2022-05-15,3380,22,7,0,3380,0,0,1
2022-05-16,3967,22,7,0,3967,0,0,0
2022-05-17,3396,22,7,0,3396,0,0,0
2022-05-18,4093,22,7,0,4093,0,0,0
2022-05-19,3968,22,7,0,3968,0,0,0
2022-05-20,3697,22,7,0,3697,0,0,0
2022-05-21,2248,22,7,0,2248,0,0,1
2022-05-22,2551,22,7,0,2551,0,0,1
2022-05-23,4445,22,7,0,4445,0,0,0
2022-05-24,2661,22,7,0,2661,0,0,0
2022-05-25,4162,22,7,0,4162,0,0,0
2022-05-26,5085,22,7,0,5085,0,0,0
2022-05-27,4155,22,7,0,4155,0,0,0
2022-05-28,2754,22,7,0,2754,0,0,1
2022-05-29,2469,22,7,0,2469,0,0,1
2022-05-30,2831,22,7,0,2831,0,0,0
2022-05-31,2771,22,7,0,2771,0,0,0
2022-06-01,3858,22,7,0,3858,0,0,0
2022-06-02,2792,22,7,0,2792,0,0,0
2022-06-03,2584,22,7,0,2584,0,0,0
2022-06-04,3005,22,7,0,3005,0,0,1
2022-06-05,3257,22,7,0,3257,0,0,1
2022-06-06,2248,22,7,0,2248,0,0,0
2022-06-07,2742,22,7,0,2742,0,0,0
2022-06-08,3351,22,7,0,3351,0,0,0
2022-06-09,2529,22,7,0,2529,0,0,0
2022-06-10,2320,22,7,0,2320,0,0,0
2022-06-11,2812,22,7,0,2812,0,0,1
2022-06-12,3200,22,7,0,3200,0,0,1
2022-06-13,5427,22,7,0,5427,0,0,0
2022-06-14,3871,22,7,0,3871,0,0,0
2022-06-15,4379,22,7,0,4379,0,0,0
2022-06-16,3692,22,7,0,3692,0,0,0
2022-06-17,2822,22,7,0,2822,0,0,0
2022-06-18,6042,22,7,0,6042,0,0,1
2022-06-19,3625,22,7,0,3625,0,0,1
2022-06-20,2598,22,7,0,2598,0,0,0
2022-06-21,2043,22,7,0,2043,0,0,0
2022-06-22,2856,22,7,0,2856,0,0,0
2022-06-23,2732,22,7,0,2732,0,0,0
2022-06-24,1740,22,7,0,1740,0,0,0
2022-06-25,1710,22,7,0,1710,0,0,1
2022-06-26,2058,22,7,0,2058,0,0,1
2022-06-27,3260,22,7,0,3260,0,0,0
2022-06-28,2291,22,7,0,2291,0,0,0
2022-06-29,3206,22,7,0,3206,0,0,0
2022-06-30,2361,22,7,0,2361,0,0,0
2022-07-01,1891,22,7,0,1891,0,0,0
2022-07-02,1754,22,7,0,1754,0,0,1
2022-07-03,2318,22,7,0,2318,0,0,1
2022-07-04,1971,22,7,0,1971,0,0,0
2022-07-05,2532,22,7,0,2532,0,0,0
2022-07-06,5072,22,7,0,5072,0,0,0
2022-07-07,6358,22,7,0,6358,0,0,0
2022-07-08,4127,22,7,0,4127,0,0,0
2022-07-09,1913,22,7,0,1913,0,0,1
2022-07-10,1843,22,7,0,1843,0,0,1
2022-07-11,3253,22,7,0,3253,0,0,0
2022-07-12,4457,22,7,0,4457,0,0,0
2022-07-13,2360,22,7,0,2360,0,0,0
2022-07-14,2003,22,7,0,2003,0,0,0
2022-07-15,1928,22,7,0,1928,0,0,0
2022-07-16,1481,22,7,0,1481,0,0,1
2022-07-17,1723,22,7,0,1723,0,0,1
2022-07-18,3113,22,7,0,3113,0,0,0
2022-07-19,2591,22,7,0,2591,0,0,0
2022-07-20,3161,22,7,0,3161,0,0,0
2022-07-21,3102,22,7,0,3102,0,0,0
2022-07-22,3901,22,7,0,3901,0,0,0
2022-07-23,1745,22,7,0,1745,0,0,1
2022-07-24,2216,22,7,0,2216,0,0,1
2022-07-25,2987,22,7,0,2987,0,0,0
2022-07-26,1913,22,7,0,1913,0,0,0
2022-07-27,2675,22,7,0,2675,0,0,0
2022-07-28,2389,22,7,0,2389,0,0,0
2022-07-29,2691,22,7,0,2691,0,0,0
2022-07-30,2304,22,7,0,2304,0,0,1
2022-07-31,2450,22,7,0,2450,0,0,1
2022-08-01,2993,22,7,0,2993,0,0,0
2022-08-02,2440,22,7,0,2440,0,0,0
2022-08-03,2730,22,7,0,2730,0,0,0
2022-08-04,3877,22,7,0,3877,0,0,0
2022-08-05,8843,22,7,0,8843,0,0,0
2022-08-06,5518,22,7,0,5518,0,0,1
2022-08-07,7445,22,7,0,7445,0,0,1
2022-08-08,13776,22,7,0,13776,0,0,0
2022-08-09,14769,22,7,0,14769,0,0,0
2022-08-10,8265,22,7,0,8265,0,0,0
2022-08-11,7209,22,7,0,7209,0,0,0
2022-08-12,8624,22,7,0,8624,0,0,0
2022-08-13,6636,22,7,0,6636,0,0,1
2022-08-14,7899,22,7,0,7899,0,0,1
2022-08-15,13407,22,7,0,13407,0,0,0
2022-08-16,24778,22,7,0,24778,0,0,0
2022-08-17,25647,22,7,0,25647,0,0,0
2022-08-18,31087,22,7,0,31087,0,0,0
2022-08-19,21516,22,7,0,21516,0,0,0
2022-08-20,9134,22,7,0,9134,0,0,1
2022-08-21,7932,22,7,0,7932,0,0,1
2022-08-22,11651,22,7,0,11651,0,0,0
2022-08-23,7984,22,7,0,7984,0,0,0
2022-08-24,8342,22,7,0,8342,0,0,0
2022-08-25,6641,22,7,0,6641,0,0,0
2022-08-26,7082,22,7,0,7082,0,0,0
2022-08-27,3926,22,7,0,3926,0,0,1
2022-08-28,3781,22,7,0,3781,0,0,1
2022-08-29,6597,22,7,0,6597,0,0,0
2022-08-30,8356,22,7,0,8356,0,0,0
2022-08-31,11241,22,7,0,11241,0,0,0
2022-09-01,7604,22,7,0,7604,0,0,0
2022-09-02,4711,22,7,0,4711,0,0,0
2022-09-03,3944,22,7,0,3944,0,0,1
2022-09-04,7411,22,7,0,7411,0,0,1
2022-09-05,5373,22,7,0,5373,0,0,0
2022-09-06,7563,22,7,0,7563,0,0,0
2022-09-07,6243,22,7,0,6243,0,0,0
2022-09-08,3831,22,7,0,3831,0,0,0
2022-09-09,3740,22,7,0,3740,0,0,0
2022-09-10,3006,22,7,0,3006,0,0,1
2022-09-11,3546,22,7,0,3546,0,0,1
2022-09-12,3909,22,7,0,3909,0,0,0
2022-09-13,3646,22,7,0,3646,0,0,0
2022-09-14,2827,22,7,0,2827,0,0,0
2022-09-15,3494,22,7,0,3494,0,0,0
2022-09-16,3243,22,7,0,3243,0,0,0
2022-09-17,3077,22,7,0,3077,0,0,1
2022-09-18,3247,22,7,0,3247,0,0,1
2022-09-19,3215,22,7,0,3215,0,0,0
2022-09-20,3151,22,7,0,3151,0,0,0
2022-09-21,2082,22,7,0,2082,0,0,0
2022-09-22,2333,22,7,0,2333,0,0,0
2022-09-23,2347,22,7,0,2347,0,0,0
2022-09-24,1863,22,7,0,1863,0,0,1
2022-09-25,3020,22,7,0,3020,0,0,1
2022-09-26,3274,22,7,0,3274,0,0,0
2022-09-27,3035,22,7,0,3035,0,0,0
2022-09-28,2553,22,7,0,2553,0,0,0
2022-09-29,3262,22,7,0,3262,0,0,0
2022-09-30,3078,22,7,0,3078,0,0,0
2022-10-01,2046,22,7,0,2046,0,0,1
2022-10-02,1646,22,7,0,1646,0,0,1
2022-10-03,1925,22,7,0,1925,0,0,0
2022-10-04,2295,22,7,0,2295,0,0,0
2022-10-05,2177,22,7,0,2177,0,0,0
2022-10-06,2203,22,7,0,2203,0,0,0
2022-10-07,1688,22,7,0,1688,0,0,0
2022-10-08,2142,22,7,0,2142,0,0,1
2022-10-09,1731,22,7,0,1731,0,0,1
2022-10-10,2366,22,7,0,2366,0,0,0
2022-10-11,2986,22,7,0,2986,0,0,0
2022-10-12,2489,22,7,0,2489,0,0,0
2022-10-13,3025,22,7,0,3025,0,0,0
2022-10-14,2442,22,7,0,2442,0,0,0
2022-10-15,2234,22,7,0,2234,0,0,1
2022-10-16,1931,22,7,0,1931,0,0,1
2022-10-17,1731,22,7,0,1731,0,0,0
2022-10-18,2092,22,7,0,2092,0,0,0
2022-10-19,1887,22,7,0,1887,0,0,0
2022-10-20,2011,22,7,0,2011,0,0,0
2022-10-21,1677,22,7,0,1677,0,0,0
2022-10-22,1838,22,7,0,1838,0,0,1
2022-10-23,1943,22,7,0,1943,0,0,1
2022-10-24,2275,22,7,0,2275,0,0,0
2022-10-25,2529,22,7,0,2529,0,0,0
2022-10-26,2425,22,7,0,2425,0,0,0
2022-10-27,2330,22,7,0,2330,0,0,0
2022-10-28,2918,22,7,0,2918,0,0,0
2022-10-29,2606,22,7,0,2606,0,0,1
2022-10-30,2236,22,7,0,2236,0,0,1
2022-10-31,3224,22,7,0,3224,0,0,0
2022-11-01,2757,22,7,0,2757,0,0,0
2022-11-02,2152,22,7,0,2152,0,0,0
2022-11-03,2197,22,7,0,2197,0,0,0
2022-11-04,2302,22,7,0,2302,0,0,0
2022-11-05,2324,22,7,0,2324,0,0,1
2022-11-06,2047,22,7,0,2047,0,0,1
2022-11-07,1862,22,7,0,1862,0,0,0
2022-11-08,4445,22,7,0,4445,0,0,0
2022-11-09,4112,22,7,0,4112,0,0,0
2022-11-10,2699,22,7,0,2699,0,0,0
2022-11-11,2726,22,7,0,2726,0,0,0
2022-11-12,3528,22,7,0,3528,0,0,1
2022-11-13,3176,22,7,0,3176,0,0,1
2022-11-14,2315,22,7,0,2315,0,0,0
2022-11-15,2995,22,7,0,2995,0,0,0
2022-11-16,2757,22,7,0,2757,0,0,0
2022-11-17,2440,22,7,0,2440,0,0,0
2022-11-18,2321,22,7,0,2321,0,0,0
2022-11-19,2351,22,7,0,2351,0,0,1
2022-11-20,3733,22,7,0,3733,0,0,1
2022-11-21,3568,22,7,0,3568,0,0,0
2022-11-22,3375,22,7,0,3375,0,0,0
2022-11-23,2522,22,7,0,2522,0,0,0
2022-11-24,3046,22,7,0,3046,0,0,0
2022-11-25,2281,22,7,0,2281,0,0,0
2022-11-26,1829,22,7,0,1829,0,0,1
2022-11-27,1969,22,7,0,1969,0,0,1
2022-11-28,2109,22,7,0,2109,0,0,0
2022-11-29,2165,22,7,0,2165,0,0,0
2022-11-30,2406,22,7,0,2406,0,0,0
2022-12-01,1755,22,7,0,1755,0,0,0
2022-12-02,1898,22,7,0,1898,0,0,0
2022-12-03,1475,22,7,0,1475,0,0,1
2022-12-04,1927,22,7,0,1927,0,0,1
2022-12-05,2082,22,7,0,2082,0,0,0
2022-12-06,1731,22,7,0,1731,0,0,0
2022-12-07,1905,22,7,0,1905,0,0,0
2022-12-08,1991,22,7,0,1991,0,0,0
2022-12-09,2122,22,7,0,2122,0,0,0
2022-12-10,1994,22,7,0,1994,0,0,1
2022-12-11,1570,22,7,0,1570,0,0,1
2022-12-12,1374,22,7,0,1374,0,0,0
2022-12-13,1154,22,7,0,1154,0,0,0
2022-12-14,1246,22,7,0,1246,0,0,0
2022-12-15,1357,22,7,0,1357,0,0,0
2022-12-16,2176,22,7,0,2176,0,0,0
2022-12-17,2027,22,7,0,2027,0,0,1
2022-12-18,1355,22,7,0,1355,0,0,1
2022-12-19,2054,22,7,0,2054,0,0,0
2022-12-20,1572,22,7,0,1572,0,0,0
2022-12-21,1621,22,7,0,1621,0,0,0
2022-12-22,2457,22,7,0,2457,0,0,0
2022-12-23,1492,22,7,0,1492,0,0,0
2022-12-24,841,22,7,0,841,0,0,1
2022-12-25,1378,22,7,0,1378,0,0,1
2022-12-26,1294,22,7,0,1294,0,0,0
2022-12-27,1337,22,7,0,1337,0,0,0
2022-12-28,1487,22,7,0,1487,0,0,0
2022-12-29,1675,22,7,0,1675,0,0,0
2022-12-30,1309,22,7,0,1309,0,0,0
2022-12-31,1210,22,7,0,1210,0,0,1
2023-01-01,1938,26,7,0,1938,0,0,1
2023-01-02,2355,26,7,0,2355,0,0,0
2023-01-03,1841,26,7,0,1841,0,0,0
2023-01-04,1687,26,7,0,1687,0,0,0
2023-01-05,1842,26,7,0,1842,0,0,0
2023-01-06,1697,26,7,0,1697,0,0,0
2023-01-07,1145,26,7,0,1145,0,0,1
2023-01-08,1424,26,7,0,1424,0,0,1
2023-01-09,1537,26,7,0,1537,0,0,0
2023-01-10,1081,26,7,0,1081,0,0,0
2023-01-11,1515,26,7,0,1515,0,0,0
2023-01-12,3816,26,7,0,3816,0,0,0
2023-01-13,4581,26,7,0,4581,0,0,0
2023-01-14,2513,26,7,0,2513,0,0,1
2023-01-15,1819,26,7,0,1819,0,0,1
2023-01-16,2338,26,7,0,2338,0,0,0
2023-01-17,3054,26,7,0,3054,0,0,0
2023-01-18,2349,26,7,0,2349,0,0,0
2023-01-19,1925,26,7,0,1925,0,0,0
2023-01-20,1730,26,7,0,1730,0,0,0
2023-01-21,1502,26,7,0,1502,0,0,1
2023-01-22,1497,26,7,0,1497,0,0,1
2023-01-23,1515,26,7,0,1515,0,0,0
2023-01-24,1468,26,7,0,1468,0,0,0
2023-01-25,2092,26,7,0,2092,0,0,0
2023-01-26,3231,26,7,0,3231,0,0,0
2023-01-27,1925,26,7,0,1925,0,0,0
2023-01-28,1584,26,7,0,1584,0,0,1
2023-01-29,2075,26,7,0,2075,0,0,1
2023-01-30,1547,26,7,0,1547,0,0,0
2023-01-31,1522,26,7,0,1522,0,0,0
2023-02-01,1552,26,7,0,1552,0,0,0
2023-02-02,1736,26,7,0,1736,0,0,0
2023-02-03,1693,26,7,0,1693,0,0,0
2023-02-04,1607,26,7,0,1607,0,0,1
2023-02-05,1990,26,7,0,1990,0,0,1
2023-02-06,2201,26,7,0,2201,0,0,0
2023-02-07,2153,26,7,0,2153,0,0,0
2023-02-08,2028,26,7,0,2028,0,0,0
2023-02-09,2211,26,7,0,2211,0,0,0
2023-02-10,1398,26,7,0,1398,0,0,0
2023-02-11,1581,26,7,0,1581,0,0,1
2023-02-12,1690,26,7,0,1690,0,0,1
2023-02-13,1888,26,7,0,1888,0,0,0
2023-02-14,1522,26,7,0,1522,0,0,0
2023-02-15,2472,26,7,0,2472,0,0,0
2023-02-16,2992,26,7,0,2992,0,0,0
2023-02-17,1904,26,7,0,1904,0,0,0
2023-02-18,1713,26,7,0,1713,0,0,1
2023-02-19,1694,26,7,0,1694,0,0,1
2023-02-20,1829,26,7,0,1829,0,0,0
2023-02-21,1386,26,7,0,1386,0,0,0
2023-02-22,1806,26,7,0,1806,0,0,0
2023-02-23,2480,26,7,0,2480,0,0,0
2023-02-24,2164,26,7,0,2164,0,0,0
2023-02-25,2095,26,7,0,2095,0,0,1
2023-02-26,2164,26,7,0,2164,0,0,1
2023-02-27,2577,26,7,0,2577,0,0,0
2023-02-28,3095,26,7,0,3095,0,0,0
2023-03-01,3211,26,7,0,3211,0,0,0
2023-03-02,2242,26,7,0,2242,0,0,0
2023-03-03,2137,26,7,0,2137,0,0,0
2023-03-04,2002,26,7,0,2002,0,0,1
2023-03-05,2294,26,7,0,2294,0,0,1
2023-03-06,2132,26,7,0,2132,0,0,0
2023-03-07,2035,26,7,0,2035,0,0,0
2023-03-08,2679,26,7,0,2679,0,0,0
2023-03-09,2596,26,7,0,2596,0,0,0
2023-03-10,2412,26,7,0,2412,0,0,0
2023-03-11,1804,26,7,0,1804,0,0,1
2023-03-12,2578,26,7,0,2578,0,0,1
2023-03-13,2619,26,7,0,2619,0,0,0
2023-03-14,3016,26,7,0,3016,0,0,0
2023-03-15,2501,26,7,0,2501,0,0,0
2023-03-16,2517,26,7,0,2517,0,0,0
2023-03-17,2868,26,7,0,2868,0,0,0
2023-03-18,3007,26,7,0,3007,0,0,1
2023-03-19,3096,26,7,0,3096,0,0,1
2023-03-20,3151,26,7,0,3151,0,0,0
2023-03-21,5490,26,7,0,5490,0,0,0
2023-03-22,4970,26,7,0,4970,0,0,0
2023-03-23,2769,26,7,0,2769,0,0,0
2023-03-24,2602,26,7,0,2602,0,0,0
2023-03-25,2426,26,7,0,2426,0,0,1
2023-03-26,2349,26,7,0,2349,0,0,1
2023-03-27,3207,26,7,0,3207,0,0,0
2023-03-28,2780,26,7,0,2780,0,0,0
2023-03-29,3068,26,7,0,3068,0,0,0
2023-03-30,2360,26,7,0,2360,0,0,0
2023-03-31,2347,26,7,0,2347,0,0,0
2023-04-01,2100,26,7,0,2100,0,0,1
2023-04-02,2101,26,7,0,2101,0,0,1
2023-04-03,3079,26,7,0,3079,0,0,0
2023-04-04,2902,26,7,0,2902,0,0,0
2023-04-05,3021,26,7,0,3021,0,0,0
2023-04-06,2959,26,7,0,2959,0,0,0
2023-04-07,2613,26,7,0,2613,0,0,0
2023-04-08,2292,26,7,0,2292,0,0,1
2023-04-09,1974,26,7,0,1974,0,0,1
2023-04-10,3109,26,7,0,3109,0,0,0
2023-04-11,2443,26,7,0,2443,0,0,0
2023-04-12,1983,26,7,0,1983,0,0,0
2023-04-13,2528,26,7,0,2528,0,0,0
2023-04-14,2297,26,7,0,2297,0,0,0
2023-04-15,2855,26,7,0,2855,0,0,1
2023-04-16,1949,26,7,0,1949,0,0,1
2023-04-17,2081,26,7,0,2081,0,0,0
2023-04-18,2375,26,7,0,2375,0,0,0
2023-04-19,2452,26,7,0,2452,0,0,0
2023-04-20,2392,26,7,0,2392,0,0,0
2023-04-21,2563,26,7,0,2563,0,0,0
2023-04-22,1714,26,7,0,1714,0,0,1
2023-04-23,2262,26,7,0,2262,0,0,1
2023-04-24,3033,26,7,0,3033,0,0,0
2023-04-25,2374,26,7,0,2374,0,0,0
2023-04-26,3508,26,7,0,3508,0,0,0
2023-04-27,2309,26,7,0,2309,0,0,0
2023-04-28,1910,26,7,0,1910,0,0,0
2023-04-29,1447,26,7,0,1447,0,0,1
2023-04-30,1917,26,7,0,1917,0,0,1
2023-05-01,2421,26,7,0,2421,0,0,0
2023-05-02,2153,26,7,0,2153,0,0,0
2023-05-03,1774,26,7,0,1774,0,0,0
2023-05-04,1774,26,7,0,1774,0,0,0
2023-05-05,3584,26,7,0,3584,0,0,0
2023-05-06,1993,26,7,0,1993,0,0,1
2023-05-07,2005,26,7,0,2005,0,0,1
2023-05-08,2135,26,7,0,2135,0,0,0
2023-05-09,2242,26,7,0,2242,0,0,0
2023-05-10,1792,26,7,0,1792,0,0,0
2023-05-11,2298,26,7,0,2298,0,0,0
2023-05-12,2376,26,7,0,2376,0,0,0
2023-05-13,1676,26,7,0,1676,0,0,1
2023-05-14,1343,26,7,0,1343,0,0,1
2023-05-15,1799,26,7,0,1799,0,0,0
2023-05-16,1290,26,7,0,1290,0,0,0
2023-05-17,1176,26,7,0,1176,0,0,0
2023-05-18,1293,26,7,0,1293,0,0,0
2023-05-19,1244,26,7,0,1244,0,0,0
2023-05-20,1272,26,7,0,1272,0,0,1
2023-05-21,1501,26,7,0,1501,0,0,1
2023-05-22,1780,26,7,0,1780,0,0,0
2023-05-23,1551,26,7,0,1551,0,0,0
2023-05-24,1485,26,7,0,1485,0,0,0
2023-05-25,1294,26,7,0,1294,0,0,0
2023-05-26,1457,26,7,0,1457,0,0,0
2023-05-27,1227,26,7,0,1227,0,0,1
2023-05-28,1213,26,7,0,1213,0,0,1
2023-05-29,1066,26,7,0,1066,0,0,0
2023-05-30,1866,26,7,0,1866,0,0,0
2023-05-31,1388,26,7,0,1388,0,0,0
2023-06-01,1460,26,7,0,1460,0,0,0
2023-06-02,1407,26,7,0,1407,0,0,0
2023-06-03,1244,26,7,0,1244,0,0,1
2023-06-04,943,26,7,0,943,0,0,1
2023-06-05,1164,26,7,0,1164,0,0,0
2023-06-06,1398,26,7,0,1398,0,0,0
2023-06-07,2319,26,7,0,2319,0,0,0
2023-06-08,1544,26,7,0,1544,0,0,0
2023-06-09,1314,26,7,0,1314,0,0,0
2023-06-10,2061,26,7,0,2061,0,0,1
2023-06-11,1001,26,7,0,1001,0,0,1
2023-06-12,84,26,7,0,84,0,0,0
2023-06-13,384,26,7,0,384,0,0,0
2023-06-14,1446,26,7,0,1446,0,0,0
2023-06-15,1635,26,7,0,1635,0,0,0
2023-06-16,1606,26,7,0,1606,0,0,0
2023-06-17,1270,26,7,0,1270,0,0,1
2023-06-18,1180,26,7,0,1180,0,0,1
2023-06-19,1624,26,7,0,1624,0,0,0
2023-06-20,1585,26,7,0,1585,0,0,0
2023-06-21,1822,26,7,0,1822,0,0,0
2023-06-22,1227,26,7,0,1227,0,0,0
2023-06-23,1273,26,7,0,1273,0,0,0
2023-06-24,1264,26,7,0,1264,0,0,1
2023-06-25,1151,26,7,0,1151,0,0,1
2023-06-26,1093,26,7,0,1093,0,0,0
2023-06-27,1313,26,7,0,1313,0,0,0
2023-06-28,1658,26,7,0,1658,0,0,0
2023-06-29,1075,26,7,0,1075,0,0,0
2023-06-30,1195,26,7,0,1195,0,0,0
2023-07-01,1190,26,7,0,1190,0,0,1
2023-07-02,1050,26,7,0,1050,0,0,1
2023-07-03,1266,26,7,0,1266,0,0,0
2023-07-04,1440,26,7,0,1440,0,0,0
2023-07-05,1074,26,7,0,1074,0,0,0
2023-07-06,1086,26,7,0,1086,0,0,0
2023-07-07,1186,26,7,0,1186,0,0,0
2023-07-08,1022,26,7,0,1022,0,0,1
2023-07-09,950,26,7,0,950,0,0,1
2023-07-10,991,26,7,0,991,0,0,0
2023-07-11,1181,26,7,0,1181,0,0,0
2023-07-12,1019,26,7,0,1019,0,0,0
2023-07-13,1369,26,7,0,1369,0,0,0
2023-07-14,1122,26,7,0,1122,0,0,0
2023-07-15,1060,26,7,0,1060,0,0,1
2023-07-16,1003,26,7,0,1003,0,0,1
2023-07-17,1458,26,7,0,1458,0,0,0
2023-07-18,2082,26,7,0,2082,0,0,0
2023-07-19,2712,26,7,0,2712,0,0,0
2023-07-20,2336,26,7,0,2336,0,0,0
2023-07-21,2398,26,7,0,2398,0,0,0
2023-07-22,1905,26,7,0,1905,0,0,1
2023-07-23,1732,26,7,0,1732,0,0,1
2023-07-24,2403,26,7,0,2403,0,0,0
2023-07-25,2224,26,7,0,2224,0,0,0
2023-07-26,1410,26,7,0,1410,0,0,0
2023-07-27,1783,26,7,0,1783,0,0,0
2023-07-28,1910,26,7,0,1910,0,0,0
2023-07-29,1837,26,7,0,1837,0,0,1
2023-07-30,1666,26,7,0,1666,0,0,1
2023-07-31,2325,26,7,0,2325,0,0,0
2023-08-01,1829,26,7,0,1829,0,0,0
2023-08-02,1389,26,7,0,1389,0,0,0
2023-08-03,1412,26,7,0,1412,0,0,0
2023-08-04,1840,26,7,0,1840,0,0,0
2023-08-05,1961,26,7,0,1961,0,0,1
2023-08-06,1766,26,7,0,1766,0,0,1
2023-08-07,2096,26,7,0,2096,0,0,0
2023-08-08,2151,26,7,0,2151,0,0,0
2023-08-09,2268,26,7,0,2268,0,0,0
2023-08-10,2565,26,7,0,2565,0,0,0
2023-08-11,2121,26,7,0,2121,0,0,0
2023-08-12,2555,26,7,0,2555,0,0,1
2023-08-13,2108,26,7,0,2108,0,0,1
2023-08-14,2008,26,7,0,2008,0,0,0
2023-08-15,2713,26,7,0,2713,0,0,0
2023-08-16,2828,26,7,0,2828,0,0,0
2023-08-17,2921,26,7,0,2921,0,0,0
2023-08-18,2018,26,7,0,2018,0,0,0
2023-08-19,1962,26,7,0,1962,0,0,1
2023-08-20,1992,26,7,0,1992,0,0,1
2023-08-21,2176,26,7,0,2176,0,0,0
2023-08-22,2331,26,7,0,2331,0,0,0
2023-08-23,2390,26,7,0,2390,0,0,0
2023-08-24,2517,26,7,0,2517,0,0,0
2023-08-25,1892,26,7,0,1892,0,0,0
2023-08-26,1482,26,7,0,1482,0,0,1
2023-08-27,1737,26,7,0,1737,0,0,1
2023-08-28,2393,26,7,0,2393,0,0,0
2023-08-29,2425,26,7,0,2425,0,0,0
2023-08-30,1819,26,7,0,1819,0,0,0
2023-08-31,2127,26,7,0,2127,0,0,0
2023-09-01,2629,26,7,0,2629,0,0,0
2023-09-02,1646,26,7,0,1646,0,0,1
2023-09-03,1899,26,7,0,1899,0,0,1
2023-09-04,1815,26,7,0,1815,0,0,0
2023-09-05,1840,26,7,0,1840,0,0,0
2023-09-06,2055,26,7,0,2055,0,0,0
2023-09-07,2407,26,7,0,2407,0,0,0
2023-09-08,2005,26,7,0,2005,0,0,0
2023-09-09,2281,26,7,0,2281,0,0,1
2023-09-10,2445,26,7,0,2445,0,0,1
2023-09-11,2323,26,7,0,2323,0,0,0
2023-09-12,2021,26,7,0,2021,0,0,0
2023-09-13,1832,26,7,0,1832,0,0,0
2023-09-14,1914,26,7,0,1914,0,0,0
2023-09-15,2346,26,7,0,2346,0,0,0
2023-09-16,2052,26,7,0,2052,0,0,1
2023-09-17,1770,26,7,0,1770,0,0,1
2023-09-18,1654,26,7,0,1654,0,0,0
2023-09-19,1673,26,7,0,1673,0,0,0
2023-09-20,1820,26,7,0,1820,0,0,0
2023-09-21,1817,26,7,0,1817,0,0,0
2023-09-22,1817,26,7,0,1817,0,0,0
2023-09-23,1355,26,7,0,1355,0,0,1
2023-09-24,1251,26,7,0,1251,0,0,1
2023-09-25,1642,26,7,0,1642,0,0,0
2023-09-26,1313,26,7,0,1313,0,0,0
2023-09-27,1316,26,7,0,1316,0,0,0
2023-09-28,1836,26,7,0,1836,0,0,0
2023-09-29,1592,26,7,0,1592,0,0,0
2023-09-30,1302,26,7,0,1302,0,0,1
2023-10-01,1456,26,7,0,1456,0,0,1
2023-10-02,1790,26,7,0,1790,0,0,0
2023-10-03,1134,26,7,0,1134,0,0,0
2023-10-04,1298,26,7,0,1298,0,0,0
2023-10-05,1765,26,7,0,1765,0,0,0
2023-10-06,1441,26,7,0,1441,0,0,0
2023-10-07,1446,26,7,0,1446,0,0,1
2023-10-08,1291,26,7,0,1291,0,0,1
2023-10-09,1498,26,7,0,1498,0,0,0
2023-10-10,1676,26,7,0,1676,0,0,0
2023-10-11,1428,26,7,0,1428,0,0,0
2023-10-12,1624,26,7,0,1624,0,0,0
2023-10-13,1892,26,7,0,1892,0,0,0
2023-10-14,1214,26,7,0,1214,0,0,1
2023-10-15,1291,26,7,0,1291,0,0,1
2023-10-16,1539,26,7,0,1539,0,0,0
2023-10-17,1394,26,7,0,1394,0,0,0
2023-10-18,713,26,7,0,713,0,0,0
2023-10-19,835,26,7,0,835,0,0,0
2023-10-20,726,26,7,0,726,0,0,0
2023-10-21,532,26,7,0,532,0,0,1
2023-10-22,752,26,7,0,752,0,0,1
2023-10-23,922,26,7,0,922,0,0,0
2023-10-24,1024,26,7,0,1024,0,0,0
2023-10-25,1603,26,7,0,1603,0,0,0
2023-10-26,593,26,7,0,593,0,0,0
2023-10-27,604,26,7,0,604,0,0,0
2023-10-28,360,26,7,0,360,0,0,1
2023-10-29,506,26,7,0,506,0,0,1
2023-10-30,1577,26,7,0,1577,0,0,0
2023-10-31,1198,26,7,0,1198,0,0,0
2023-11-01,773,26,7,0,773,0,0,0
2023-11-02,647,26,7,0,647,0,0,0
2023-11-03,593,26,7,0,593,0,0,0
2023-11-04,560,26,7,0,560,0,0,1
2023-11-05,751,26,7,0,751,0,0,1
2023-11-06,446,26,7,0,446,0,0,0
2023-11-07,628,26,7,0,628,0,0,0
2023-11-08,780,26,7,0,780,0,0,0
2023-11-09,2114,26,7,0,2114,0,0,0
2023-11-10,1015,26,7,0,1015,0,0,0
2023-11-11,584,26,7,0,584,0,0,1
2023-11-12,562,26,7,0,562,0,0,1
2023-11-13,1022,26,7,0,1022,0,0,0
2023-11-14,897,26,7,0,897,0,0,0
2023-11-15,626,26,7,0,626,0,0,0
2023-11-16,844,26,7,0,844,0,0,0
2023-11-17,583,26,7,0,583,0,0,0
2023-11-18,404,26,7,0,404,0,0,1
2023-11-19,498,26,7,0,498,0,0,1
2023-11-20,584,26,7,0,584,0,0,0
2023-11-21,507,26,7,0,507,0,0,0
2023-11-22,696,26,7,0,696,0,0,0
2023-11-23,731,26,7,0,731,0,0,0
2023-11-24,917,26,7,0,917,0,0,0
2023-11-25,625,26,7,0,625,0,0,1
2023-11-26,853,26,7,0,853,0,0,1
2023-11-27,658,26,7,0,658,0,0,0
2023-11-28,818,26,7,0,818,0,0,0
2023-11-29,894,26,7,0,894,0,0,0
2023-11-30,878,26,7,0,878,0,0,0
2023-12-01,923,26,7,0,923,0,0,0
2023-12-02,736,26,7,0,736,0,0,1
2023-12-03,1170,26,7,0,1170,0,0,1
2023-12-04,1604,26,7,0,1604,0,0,0
2023-12-05,1230,26,7,0,1230,0,0,0
2023-12-06,1839,26,7,0,1839,0,0,0
2023-12-07,1188,26,7,0,1188,0,0,0
2023-12-08,784,26,7,0,784,0,0,0
2023-12-09,601,26,7,0,601,0,0,1
2023-12-10,763,26,7,0,763,0,0,1
2023-12-11,819,26,7,0,819,0,0,0
2023-12-12,628,26,7,0,628,0,0,0
2023-12-13,475,26,7,0,475,0,0,0
2023-12-14,0,26,7,0,0,0,0,0
2023-12-15,1,26,7,0,1,0,0,0
2023-12-16,7,26,7,0,7,0,0,1
2023-12-17,8,26,7,0,8,0,0,1
2023-12-18,511,26,7,0,511,0,0,0
2023-12-19,863,26,7,0,863,0,0,0
2023-12-20,686,26,7,0,686,0,0,0
2023-12-21,1070,26,7,0,1070,0,0,0
2023-12-22,871,26,7,0,871,0,0,0
2023-12-23,1022,26,7,0,1022,0,0,1
2023-12-24,1116,26,7,0,1116,0,0,1
2023-12-25,959,26,7,0,959,0,0,0
2023-12-26,752,26,7,0,752,0,0,0
2023-12-27,930,26,7,0,930,0,0,0
2023-12-28,942,26,7,0,942,0,0,0
2023-12-29,782,26,7,0,782,0,0,0
2023-12-30,430,26,7,0,430,0,0,1
2023-12-31,672,26,7,0,672,0,0,1
