Date,Open,High,Low,Close,Volume,returns,is_outlier
2020-01-02 00:00:00-05:00,1.534999966621399,1.6174999475479126,1.5175000429153442,1.5774999856948853,17814400,,False
2020-01-03 00:00:00-05:00,1.5525000095367432,1.5625,1.4600000381469729,1.4700000286102295,14175600,-0.06814577373026232,False
2020-01-06 00:00:00-05:00,1.4500000476837158,1.4774999618530271,1.399999976158142,1.462499976158142,13579200,-0.0051020763987182915,False
2020-01-07 00:00:00-05:00,1.4424999952316284,1.4574999809265137,1.3600000143051147,1.3799999952316284,20912000,-0.056410244288163214,False
2020-01-08 00:00:00-05:00,1.372499942779541,1.462499976158142,1.3524999618530271,1.4299999475479126,22517600,0.036231849629747126,False
2020-01-09 00:00:00-05:00,1.4550000429153442,1.4550000429153442,1.3700000047683716,1.3875000476837158,10572000,-0.029720210785373347,False
2020-01-10 00:00:00-05:00,1.3899999856948853,1.399999976158142,1.3450000286102295,1.3574999570846558,11125600,-0.02162168617517668,False
2020-01-13 00:00:00-05:00,1.3574999570846558,1.402500033378601,1.3324999809265137,1.3574999570846558,14500800,0.0,False
2020-01-14 00:00:00-05:00,1.1950000524520874,1.25,1.1325000524520874,1.1775000095367432,50247600,-0.13259665063598047,False
2020-01-15 00:00:00-05:00,1.1649999618530271,1.1825000047683716,1.1375000476837158,1.152500033378601,19924400,-0.021231402085489348,False
2020-01-16 00:00:00-05:00,1.152500033378601,1.1775000095367432,1.1299999952316284,1.1549999713897705,17148400,0.002169143547736674,False
2020-01-17 00:00:00-05:00,1.1449999809265137,1.1875,1.127500057220459,1.1875,16078000,0.02813855360630302,False
2020-01-21 00:00:00-05:00,1.1875,1.1875,1.1375000476837158,1.1475000381469729,14128400,-0.033684178402549114,False
2020-01-22 00:00:00-05:00,1.1375000476837158,1.159999966621399,1.1150000095367432,1.1399999856948853,10510000,-0.006535993205018964,False
2020-01-23 00:00:00-05:00,1.1375000476837158,1.159999966621399,1.1150000095367432,1.1549999713897705,7520800,0.013157882353605599,False
2020-01-24 00:00:00-05:00,1.159999966621399,1.159999966621399,1.0625,1.0800000429153442,16654400,-0.0649350046166508,False
2020-01-27 00:00:00-05:00,1.0499999523162842,1.087499976158142,1.0399999618530271,1.0700000524520874,8490000,-0.009259250061012025,False
2020-01-28 00:00:00-05:00,1.0750000476837158,1.0750000476837158,1.0449999570846558,1.0525000095367432,8579600,-0.016355179492972827,False
2020-01-29 00:00:00-05:00,1.0549999475479126,1.0800000429153442,1.0325000286102295,1.0325000286102295,6210400,-0.019002357002653736,False
2020-01-30 00:00:00-05:00,1.024999976158142,1.0299999713897705,0.9700000286102296,0.9825000166893004,12026000,-0.04842616032488667,False
2020-01-31 00:00:00-05:00,0.977500021457672,0.9850000143051147,0.9574999809265136,0.959999978542328,11566800,-0.02290080179620768,False
2020-02-03 00:00:00-05:00,0.9700000286102296,0.9950000047683716,0.962499976158142,0.987500011920929,8102400,0.028645868742994463,False
2020-02-04 00:00:00-05:00,1.0075000524520874,1.0625,0.9925000071525574,1.0175000429153442,14252400,0.030379777855453316,False
2020-02-05 00:00:00-05:00,1.037500023841858,1.1024999618530271,1.034999966621399,1.0449999570846558,10566800,0.027026941532620086,False
2020-02-06 00:00:00-05:00,1.0499999523162842,1.0750000476837158,1.034999966621399,1.034999966621399,6041200,-0.009569369257348859,False
2020-02-07 00:00:00-05:00,1.027500033378601,1.0325000286102295,0.9424999952316284,0.9524999856948853,10969200,-0.07971012906968722,False
2020-02-10 00:00:00-05:00,0.962499976158142,1.024999976158142,0.9350000023841858,0.9850000143051147,11108000,0.03412076545756526,False
2020-02-11 00:00:00-05:00,0.9950000047683716,1.059999942779541,0.987500011920929,1.0049999952316284,13660000,0.020304548869091166,False
2020-02-12 00:00:00-05:00,1.0325000286102295,1.127500057220459,1.0175000429153442,1.0475000143051147,19282400,0.04228857639316819,False
2020-02-13 00:00:00-05:00,1.0299999713897705,1.065000057220459,1.0175000429153442,1.027500033378601,8326800,-0.019093060289627872,False
2020-02-14 00:00:00-05:00,1.027500033378601,1.0475000143051147,1.0049999952316284,1.0049999952316284,6330800,-0.02189784663362837,False
2020-02-18 00:00:00-05:00,1.002500057220459,1.0199999809265137,0.9900000095367432,1.0149999856948853,5870400,0.009950239314132636,False
2020-02-19 00:00:00-05:00,1.0149999856948853,1.0674999952316284,0.9800000190734864,1.037500023841858,10372400,0.022167525580375935,False
2020-02-20 00:00:00-05:00,1.0399999618530271,1.0750000476837158,1.027500033378601,1.034999966621399,6249200,-0.002409693651091449,False
2020-02-21 00:00:00-05:00,1.0299999713897705,1.0449999570846558,0.9975000023841858,1.0099999904632568,6782800,-0.024154567115350467,False
2020-02-24 00:00:00-05:00,0.975000023841858,0.9825000166893004,0.925000011920929,0.925000011920929,14265200,-0.08415839539101477,False
2020-02-25 00:00:00-05:00,0.9424999952316284,0.9474999904632568,0.887499988079071,0.8899999856948853,17791600,-0.03783786570268233,False
2020-02-26 00:00:00-05:00,0.8949999809265137,0.9049999713897704,0.8399999737739563,0.8475000262260437,18899200,-0.04775276421567454,False
2020-02-27 00:00:00-05:00,0.8075000047683716,0.9075000286102296,0.7950000166893005,0.8675000071525574,15518000,0.023598796823139256,False
2020-02-28 00:00:00-05:00,0.8349999785423279,0.9300000071525574,0.8349999785423279,0.8999999761581421,18768800,0.03746394090792138,False
2020-03-02 00:00:00-05:00,0.8999999761581421,0.962499976158142,0.8475000262260437,0.9574999809265136,12833600,0.06388889587955715,False
2020-03-03 00:00:00-05:00,0.9700000286102296,0.9725000262260436,0.875,0.9075000286102296,17130000,-0.05221927238881208,False
2020-03-04 00:00:00-05:00,0.9275000095367432,0.9574999809265136,0.8650000095367432,0.9424999952316284,17030400,0.03856745511622606,False
2020-03-05 00:00:00-05:00,0.925000011920929,0.9975000023841858,0.8974999785423279,0.9900000095367432,14397600,0.050397893416902484,False
2020-03-06 00:00:00-05:00,0.959999978542328,1.0175000429153442,0.9399999976158142,0.9800000190734864,8387200,-0.01010100037063244,False
2020-03-09 00:00:00-04:00,0.8974999785423279,0.9925000071525574,0.875,0.925000011920929,10928000,-0.05612245518582304,False
2020-03-10 00:00:00-04:00,0.9850000143051147,1.065000057220459,0.949999988079071,1.0575000047683716,19452800,0.14324323366470293,False
2020-03-11 00:00:00-04:00,1.034999966621399,1.0625,1.0,1.034999966621399,17656400,-0.021276631721529826,False
2020-03-12 00:00:00-04:00,0.925000011920929,1.0099999904632568,0.8700000047683716,0.9950000047683716,20493600,-0.03864730738456079,False
2020-03-13 00:00:00-04:00,1.0325000286102295,1.162500023841858,0.962499976158142,1.1475000381469729,23148800,0.15326636447012087,False
2020-03-16 00:00:00-04:00,0.9825000166893004,1.1425000429153442,0.975000023841858,1.0924999713897705,19466800,-0.04793033980723749,False
2020-03-17 00:00:00-04:00,1.100000023841858,1.162500023841858,1.027500033378601,1.0575000047683716,14248800,-0.03203658355878525,False
2020-03-18 00:00:00-04:00,1.024999976158142,1.0625,0.875,0.9424999952316284,14606800,-0.10874705344510338,False
2020-03-19 00:00:00-04:00,0.9275000095367432,1.0499999523162842,0.887499988079071,1.0475000143051147,20158000,0.11140585634452083,False
2020-03-20 00:00:00-04:00,1.0199999809265137,1.0199999809265137,0.912500023841858,0.9399999976158142,30888800,-0.10262531286036625,False
2020-03-23 00:00:00-04:00,0.8949999809265137,0.9649999737739564,0.875,0.9524999856948853,24039200,0.013297859692314562,False
2020-03-24 00:00:00-04:00,0.987500011920929,1.0525000095367432,0.9725000262260436,1.0399999618530271,27222400,0.09186349340919642,False
2020-03-25 00:00:00-04:00,1.037500023841858,1.122499942779541,1.0099999904632568,1.0425000190734863,14368400,0.0024039012616929867,False
2020-03-26 00:00:00-04:00,1.059999942779541,1.1775000095367432,1.059999942779541,1.1024999618530271,24742800,0.057553900893800636,False
2020-03-27 00:00:00-04:00,1.2350000143051147,1.2725000381469729,1.037500023841858,1.0549999475479126,28099200,-0.043083914692639835,False
2020-03-30 00:00:00-04:00,1.0549999475479126,1.0674999952316284,0.912500023841858,0.912500023841858,13402400,-0.13507102444626706,False
2020-03-31 00:00:00-04:00,0.9075000286102296,0.949999988079071,0.875,0.875,9203600,-0.04109591546526581,False
2020-04-01 00:00:00-04:00,0.862500011920929,0.8725000023841858,0.7799999713897705,0.8125,18274800,-0.0714285714285714,False
2020-04-02 00:00:00-04:00,0.8149999976158142,0.8374999761581421,0.7124999761581421,0.7124999761581421,16257200,-0.12307695242074823,False
2020-04-03 00:00:00-04:00,0.7124999761581421,0.7350000143051147,0.6424999833106995,0.699999988079071,15321600,-0.017543843505051004,False
2020-04-06 00:00:00-04:00,0.7149999737739563,0.800000011920929,0.7074999809265137,0.7724999785423279,13362000,0.10357141671132042,False
2020-04-07 00:00:00-04:00,0.8475000262260437,0.8600000143051147,0.7749999761581421,0.8174999952316284,11347600,0.05825245040681226,False
2020-04-08 00:00:00-04:00,0.8075000047683716,0.9175000190734864,0.800000011920929,0.8525000214576721,11538000,0.04281348798800533,False
2020-04-09 00:00:00-04:00,0.8999999761581421,1.0625,0.8725000023841858,0.9725000262260436,23634400,0.14076246539347403,False
2020-04-13 00:00:00-04:00,1.0625,1.190000057220459,1.0399999618530271,1.184999942779541,27378000,0.218508905730461,False
2020-04-14 00:00:00-04:00,1.3025000095367432,1.6174999475479126,1.284999966621399,1.4874999523162842,54026400,0.2552742819777678,False
2020-04-15 00:00:00-04:00,1.4149999618530271,1.4175000190734863,1.225000023841858,1.3174999952316284,29999600,-0.11428568909863668,False
2020-04-16 00:00:00-04:00,1.2799999713897705,1.3600000143051147,1.2200000286102295,1.2575000524520874,13487600,-0.04554075369768218,False
2020-04-17 00:00:00-04:00,1.3049999475479126,1.3200000524520874,1.1074999570846558,1.2200000286102295,22612800,-0.029821091274496614,False
2020-04-20 00:00:00-04:00,1.212499976158142,1.475000023841858,1.1950000524520874,1.402500033378601,24340000,0.14959016433488737,False
2020-04-21 00:00:00-04:00,1.3075000047683716,1.3250000476837158,1.190000057220459,1.1950000524520874,16568400,-0.14795007200580912,False
2020-04-22 00:00:00-04:00,1.284999966621399,1.2925000190734863,1.2074999809265137,1.222499966621399,10711200,0.023012479466325564,False
2020-04-23 00:00:00-04:00,1.1875,1.222499966621399,1.1449999809265137,1.1749999523162842,9063600,-0.03885481848837158,False
2020-04-24 00:00:00-04:00,1.1950000524520874,1.212499976158142,1.1649999618530271,1.1924999952316284,8944800,0.014893654149386482,False
2020-04-27 00:00:00-04:00,1.212499976158142,1.497499942779541,1.2024999856948853,1.4550000429153442,29100400,0.22012582703006922,False
2020-04-28 00:00:00-04:00,1.4800000190734863,1.5099999904632568,1.2649999856948853,1.409999966621399,20800800,-0.030927886575027097,False
2020-04-29 00:00:00-04:00,1.4574999809265137,1.5225000381469729,1.3624999523162842,1.5099999904632568,13478400,0.07092200440364205,False
2020-04-30 00:00:00-04:00,1.4674999713897705,1.4950000047683716,1.409999966621399,1.4325000047683716,8693200,-0.05132449416182372,False
2020-05-01 00:00:00-04:00,1.412500023841858,1.5449999570846558,1.3624999523162842,1.5125000476837158,16022400,0.05584645211102801,False
2020-05-04 00:00:00-04:00,1.4600000381469729,1.4824999570846558,1.350000023841858,1.3700000047683716,16272400,-0.09421490143658029,False
2020-05-05 00:00:00-04:00,1.3875000476837158,1.4075000286102295,1.337499976158142,1.347499966621399,8423600,-0.01642338545157651,False
2020-05-06 00:00:00-04:00,1.350000023841858,1.350000023841858,1.225000023841858,1.2324999570846558,13478400,-0.08534323739174843,False
2020-05-07 00:00:00-04:00,1.2074999809265137,1.2324999570846558,1.162500023841858,1.2174999713897705,10003200,-0.012170374212722934,False
2020-05-08 00:00:00-04:00,1.2200000286102295,1.2975000143051147,1.2050000429153442,1.2450000047683716,9410400,0.02258729694031114,False
2020-05-11 00:00:00-04:00,1.2300000190734863,1.2400000095367432,1.1875,1.190000057220459,6796800,-0.04417666452792113,False
2020-05-12 00:00:00-04:00,1.1950000524520874,1.2300000190734863,1.1150000095367432,1.1349999904632568,10556800,-0.04621854127105551,False
2020-05-13 00:00:00-04:00,1.1349999904632568,1.1349999904632568,1.0175000429153442,1.0525000095367432,11531600,-0.07268720847551802,False
2020-05-14 00:00:00-04:00,1.037500023841858,1.0475000143051147,0.9900000095367432,1.0325000286102295,8019600,-0.019002357002653736,False
2020-05-15 00:00:00-04:00,1.0125000476837158,1.1124999523162842,1.0099999904632568,1.0549999475479126,7762400,0.02179168843992052,False
2020-05-18 00:00:00-04:00,1.100000023841858,1.1575000286102295,1.090000033378601,1.1449999809265137,9456800,0.08530809275183748,False
2020-05-19 00:00:00-04:00,1.1449999809265137,1.1875,1.0924999713897705,1.1100000143051147,7362800,-0.030567656947101063,False
2020-05-20 00:00:00-04:00,1.125,1.1725000143051147,1.0850000381469729,1.1074999570846558,10174400,-0.0022523037731887463,False
2020-05-21 00:00:00-04:00,1.1124999523162842,1.162500023841858,1.100000023841858,1.1100000143051147,7887600,0.0022573880969170013,False
2020-05-22 00:00:00-04:00,1.1150000095367432,1.122499942779541,1.0325000286102295,1.0449999570846558,9519600,-0.058558609353848046,False
2020-05-26 00:00:00-04:00,1.0850000381469729,1.152500033378601,1.0824999809265137,1.1050000190734863,14182800,0.05741632961997323,False
2020-05-27 00:00:00-04:00,1.1425000429153442,1.1775000095367432,1.090000033378601,1.1725000143051147,12586400,0.061085967481000925,False
2020-05-28 00:00:00-04:00,1.1875,1.190000057220459,1.0750000476837158,1.0824999809265137,8735600,-0.07675908936507758,False
2020-05-29 00:00:00-04:00,1.0824999809265137,1.1050000190734863,1.0125000476837158,1.0149999856948853,15846800,-0.06235565489234929,False
2020-06-01 00:00:00-04:00,1.0299999713897705,1.090000033378601,1.0049999952316284,1.0325000286102295,10446400,0.01724142183446764,False
2020-06-02 00:00:00-04:00,1.0674999952316284,1.0774999856948853,1.0149999856948853,1.0449999570846558,9477600,0.012106467920636854,False
2020-06-03 00:00:00-04:00,1.059999942779541,1.1299999952316284,1.0499999523162842,1.1100000143051147,12149600,0.06220101424864777,False
2020-06-04 00:00:00-04:00,1.1100000143051147,1.1799999475479126,1.0924999713897705,1.1174999475479126,14057200,0.006756696528056327,False
2020-06-05 00:00:00-04:00,1.0724999904632568,1.1024999618530271,1.0225000381469729,1.034999966621399,25097600,-0.0738254897528543,False
2020-06-08 00:00:00-04:00,1.0700000524520874,1.284999966621399,1.0674999952316284,1.252500057220459,40534800,0.21014502184870243,False
2020-06-09 00:00:00-04:00,1.25,1.25,1.1375000476837158,1.2400000095367432,32293600,-0.009980077535050813,False
2020-06-10 00:00:00-04:00,1.1950000524520874,1.3825000524520874,1.1699999570846558,1.2675000429153442,42425600,0.022177446102500387,False
2020-06-11 00:00:00-04:00,1.159999966621399,1.225000023841858,1.0449999570846558,1.0924999713897705,24944000,-0.13806711289970497,False
2020-06-12 00:00:00-04:00,1.149999976158142,1.1950000524520874,1.097499966621399,1.1799999475479126,17512800,0.08009151345499199,False
2020-06-15 00:00:00-04:00,1.125,1.1924999952316284,1.1050000190734863,1.1725000143051147,15636000,-0.006355875912014253,False
2020-06-16 00:00:00-04:00,1.2374999523162842,1.2374999523162842,1.127500057220459,1.159999966621399,12485200,-0.010661021348578825,False
2020-06-17 00:00:00-04:00,1.1349999904632568,1.2074999809265137,1.1325000524520874,1.190000057220459,14374000,0.02586214781232954,False
2020-06-18 00:00:00-04:00,1.1675000190734863,1.2374999523162842,1.162500023841858,1.2374999523162842,13695200,0.03991587631245408,False
2020-06-19 00:00:00-04:00,1.2374999523162842,1.2699999809265137,1.1725000143051147,1.2200000286102295,29466400,-0.014141353034639925,False
2020-06-22 00:00:00-04:00,1.1974999904632568,1.2374999523162842,1.1799999475479126,1.2174999713897705,12715600,-0.002049227181827984,False
2020-06-23 00:00:00-04:00,1.2374999523162842,1.247499942779541,1.2000000476837158,1.2074999809265137,12821600,-0.008213544721353827,False
2020-06-24 00:00:00-04:00,1.2074999809265137,1.2100000381469729,1.0950000286102295,1.1024999618530271,11904800,-0.08695653890853072,False
2020-06-25 00:00:00-04:00,1.0824999809265137,1.1349999904632568,1.0750000476837158,1.1150000095367432,9803200,0.011337912123558391,False
2020-06-26 00:00:00-04:00,1.1200000047683716,1.125,1.0674999952316284,1.087499976158142,15204800,-0.02466370685505792,False
2020-06-29 00:00:00-04:00,1.087499976158142,1.1299999952316284,1.0750000476837158,1.0950000286102295,8524800,0.006896600107140438,False
2020-06-30 00:00:00-04:00,1.0824999809265137,1.127500057220459,1.0499999523162842,1.0850000381469729,15556000,-0.009132411143357277,False
2020-07-01 00:00:00-04:00,1.0774999856948853,1.125,1.0774999856948853,1.1100000143051147,9214800,0.023041451870212226,False
2020-07-02 00:00:00-04:00,1.122499942779541,1.127500057220459,1.0724999904632568,1.0724999904632568,7550400,-0.033783804827546615,False
2020-07-06 00:00:00-04:00,1.0774999856948853,1.0850000381469729,1.0475000143051147,1.059999942779541,8563600,-0.011655056218990323,False
2020-07-07 00:00:00-04:00,1.0499999523162842,1.0625,1.0149999856948853,1.0225000381469729,9826400,-0.03537727043101113,False
2020-07-08 00:00:00-04:00,1.024999976158142,1.0724999904632568,1.0075000524520874,1.065000057220459,8211200,0.04156480927913386,False
2020-07-09 00:00:00-04:00,1.0674999952316284,1.0800000429153442,1.0325000286102295,1.0525000095367432,7970400,-0.01173713334470583,False
2020-07-10 00:00:00-04:00,1.0499999523162842,1.0950000286102295,1.0449999570846558,1.0850000381469729,5643200,0.030878886760803415,False
2020-07-13 00:00:00-04:00,1.087499976158142,1.1375000476837158,1.065000057220459,1.065000057220459,16864800,-0.018433161496170136,False
2020-07-14 00:00:00-04:00,1.0549999475479126,1.0774999856948853,1.0175000429153442,1.0199999809265137,9046400,-0.04225359049406152,False
2020-07-15 00:00:00-04:00,1.0325000286102295,1.0724999904632568,1.0325000286102295,1.0475000143051147,5896400,0.026960817541997972,False
2020-07-16 00:00:00-04:00,1.0475000143051147,1.0499999523162842,1.0225000381469729,1.0425000190734863,5320400,-0.00477326507240694,False
2020-07-17 00:00:00-04:00,1.0399999618530271,1.0575000047683716,0.9850000143051147,0.9900000095367432,12263600,-0.05035972045679393,False
2020-07-20 00:00:00-04:00,0.987500011920929,1.0149999856948853,0.9424999952316284,0.962499976158142,13604400,-0.0277778112259508,False
2020-07-21 00:00:00-04:00,0.975000023841858,1.0225000381469729,0.9700000286102296,1.002500057220459,13351600,0.041558526808467056,False
2020-07-22 00:00:00-04:00,1.0049999952316284,1.0299999713897705,0.9800000190734864,1.027500033378601,10094000,0.024937630654563003,False
2020-07-23 00:00:00-04:00,1.0225000381469729,1.0774999856948853,1.0149999856948853,1.027500033378601,12948800,0.0,False
2020-07-24 00:00:00-04:00,1.0149999856948853,1.0575000047683716,1.002500057220459,1.0075000524520874,8863600,-0.019464700999327622,False
2020-07-27 00:00:00-04:00,1.0049999952316284,1.0299999713897705,0.987500011920929,1.002500057220459,9890800,-0.004962774165082395,False
2020-07-28 00:00:00-04:00,0.9900000095367432,1.0125000476837158,0.9800000190734864,0.9850000143051147,18221600,-0.017456400914195425,False
2020-07-29 00:00:00-04:00,0.9850000143051147,1.0449999570846558,0.9800000190734864,1.0149999856948853,11518400,0.030456823303636638,False
2020-07-30 00:00:00-04:00,1.0,1.0575000047683716,0.9925000071525574,1.024999976158142,9594000,0.00985220749181659,False
2020-07-31 00:00:00-04:00,1.0149999856948853,1.0399999618530271,0.9975000023841858,1.002500057220459,7517600,-0.02195114093759909,False
2020-08-03 00:00:00-04:00,1.0075000524520874,1.0625,1.0,1.037500023841858,10070400,0.03491268291638816,False
2020-08-04 00:00:00-04:00,1.0325000286102295,1.184999942779541,1.0325000286102295,1.1074999570846558,41445600,0.06746981362331783,False
2020-08-05 00:00:00-04:00,1.125,1.190000057220459,1.0625,1.1575000286102295,19677200,0.0451467931946401,False
2020-08-06 00:00:00-04:00,1.149999976158142,1.1649999618530271,1.0950000286102295,1.1074999570846558,7604800,-0.04319660500190836,False
2020-08-07 00:00:00-04:00,1.097499966621399,1.100000023841858,1.0149999856948853,1.0399999618530271,13364400,-0.06094807932030377,False
2020-08-10 00:00:00-04:00,1.0499999523162842,1.1425000429153442,1.0449999570846558,1.0824999809265137,18247200,0.04086540445420961,False
2020-08-11 00:00:00-04:00,1.1074999570846558,1.1425000429153442,1.0850000381469729,1.087499976158142,12555200,0.004618933320764462,False
2020-08-12 00:00:00-04:00,1.100000023841858,1.1575000286102295,1.090000033378601,1.1299999952316284,12230400,0.03908047816573568,False
2020-08-13 00:00:00-04:00,1.1299999952316284,1.1775000095367432,1.125,1.159999966621399,8513200,0.026548647359614375,False
2020-08-14 00:00:00-04:00,1.149999976158142,1.2074999809265137,1.1375000476837158,1.1875,13897600,0.023706926008538964,False
2020-08-17 00:00:00-04:00,1.1950000524520874,1.1950000524520874,1.1399999856948853,1.1575000286102295,9484000,-0.02526313380191203,False
2020-08-18 00:00:00-04:00,1.152500033378601,1.2174999713897705,1.1074999570846558,1.2024999856948853,15337600,0.03887685181199152,False
2020-08-19 00:00:00-04:00,1.2000000476837158,1.2100000381469729,1.159999966621399,1.1799999475479126,10450400,-0.01871105065666223,False
2020-08-20 00:00:00-04:00,1.1549999713897705,1.1699999570846558,1.127500057220459,1.152500033378601,9764800,-0.023305013043820377,False
2020-08-21 00:00:00-04:00,1.149999976158142,1.399999976158142,1.149999976158142,1.2575000524520874,42570400,0.09110630458350144,False
2020-08-24 00:00:00-04:00,1.274999976158142,1.2825000286102295,1.1399999856948853,1.2174999713897705,18341600,-0.03180920826549305,False
2020-08-25 00:00:00-04:00,1.2200000286102295,1.3125,1.2200000286102295,1.2450000047683716,11994800,0.02258729694031114,False
2020-08-26 00:00:00-04:00,1.2424999475479126,1.3049999475479126,1.2300000190734863,1.277500033378601,11118800,0.026104440550806185,False
2020-08-27 00:00:00-04:00,1.277500033378601,1.3450000286102295,1.2549999952316284,1.3125,13537600,0.0273972334300725,False
2020-08-28 00:00:00-04:00,1.3250000476837158,1.3925000429153442,1.3049999475479126,1.347499966621399,16947600,0.026666641235351562,False
2020-08-31 00:00:00-04:00,1.4424999952316284,1.787500023841858,1.4225000143051147,1.6699999570846558,151904000,0.2393320953260314,False
2020-09-01 00:00:00-04:00,1.825000047683716,1.955000042915344,1.6924999952316284,1.912500023841858,92634400,0.14520962454426534,False
2020-09-02 00:00:00-04:00,1.950000047683716,2.012500047683716,1.777500033378601,1.9275000095367432,52044400,0.007843129677328253,False
2020-09-03 00:00:00-04:00,1.9700000286102293,2.112499952316284,1.809999942779541,1.955000042915344,57378000,0.014267202719864258,False
2020-09-04 00:00:00-04:00,1.9450000524520876,1.9800000190734863,1.7925000190734863,1.912500023841858,30648000,-0.02173913971383301,False
2020-09-08 00:00:00-04:00,1.887500047683716,2.069999933242798,1.870000004768372,1.924999952316284,39266400,0.006535910231946662,False
2020-09-09 00:00:00-04:00,1.9900000095367432,1.997499942779541,1.8274999856948853,1.837499976158142,36272400,-0.04545453419510803,False
2020-09-10 00:00:00-04:00,1.662500023841858,1.7374999523162842,1.5475000143051147,1.5575000047683716,62233200,-0.1523809387879267,False
2020-09-11 00:00:00-04:00,1.565000057220459,1.5824999809265137,1.4674999713897705,1.5225000381469729,24244800,-0.022471888612677016,False
2020-09-14 00:00:00-04:00,1.7000000476837158,1.75,1.6074999570846558,1.7274999618530271,40476000,0.13464690874855978,False
2020-09-15 00:00:00-04:00,1.715000033378601,1.815000057220459,1.6725000143051147,1.7725000381469729,22974000,0.026049248791690793,False
2020-09-16 00:00:00-04:00,1.7575000524520874,2.259999990463257,1.7575000524520874,2.1700000762939453,77025200,0.22425953714648794,False
2020-09-17 00:00:00-04:00,2.1424999237060547,2.442500114440918,2.102499961853028,2.299999952316284,68106800,0.05990777486255228,False
2020-09-18 00:00:00-04:00,2.299999952316284,2.442500114440918,2.227499961853028,2.367500066757202,69630000,0.029347876452318955,False
2020-09-21 00:00:00-04:00,2.337500095367432,2.400000095367432,2.095000028610229,2.1875,30559200,-0.0760295931073619,False
2020-09-22 00:00:00-04:00,2.612499952316284,2.7925000190734863,2.4749999046325684,2.640000104904175,139010000,0.20685719081333698,False
2020-09-23 00:00:00-04:00,2.650000095367432,2.7149999141693115,2.4800000190734863,2.509999990463257,42604800,-0.04924246563453705,False
2020-09-24 00:00:00-04:00,2.427500009536743,2.452500104904175,2.252500057220459,2.2850000858306885,31755200,-0.08964139660854797,False
2020-09-25 00:00:00-04:00,2.297499895095825,2.5450000762939453,2.275000095367432,2.505000114440918,30060800,0.09628009643170343,False
2020-09-28 00:00:00-04:00,2.539999961853028,2.565000057220459,2.387500047683716,2.5225000381469727,27057200,0.0069859971682917354,False
2020-09-29 00:00:00-04:00,2.5,2.6624999046325684,2.4825000762939453,2.587500095367432,20950400,0.025768109509408887,False
2020-09-30 00:00:00-04:00,2.5625,2.690000057220459,2.515000104904175,2.549999952316284,24316000,-0.01449280837449507,False
2020-10-01 00:00:00-04:00,2.5225000381469727,2.5625,2.422499895095825,2.442500114440918,18216400,-0.04215679995512123,False
2020-10-02 00:00:00-04:00,2.345000028610229,2.444999933242798,2.325000047683716,2.3475000858306885,17362000,-0.03889458512143196,False
2020-10-05 00:00:00-04:00,2.359999895095825,2.3975000381469727,2.3125,2.365000009536743,11220000,0.007454706311485371,False
2020-10-06 00:00:00-04:00,2.390000104904175,2.4600000381469727,2.275000095367432,2.282500028610229,18141600,-0.03488371272466684,False
2020-10-07 00:00:00-04:00,2.307499885559082,2.390000104904175,2.2925000190734863,2.3399999141693115,13234400,0.025191625339909818,False
2020-10-08 00:00:00-04:00,2.384999990463257,3.4100000858306885,2.297499895095825,3.372499942779541,305814400,0.44123934465047276,True
2020-10-09 00:00:00-04:00,3.2074999809265137,3.700000047683716,2.9749999046325684,3.005000114440918,308611200,-0.1089695580649106,False
2020-10-12 00:00:00-04:00,2.914999961853028,3.192500114440918,2.8499999046325684,2.950000047683716,94622800,-0.018302850137306925,False
2020-10-13 00:00:00-04:00,2.932499885559082,3.1050000190734863,2.9124999046325684,2.970000028610229,40718800,0.006779654441774197,False
2020-10-14 00:00:00-04:00,3.1675000190734863,3.1700000762939453,3.012500047683716,3.0625,43045600,0.03114477121168746,False
2020-10-15 00:00:00-04:00,2.997499942779541,3.775000095367432,2.997499942779541,3.4574999809265137,159579200,0.12897958560865752,False
2020-10-16 00:00:00-04:00,3.442500114440918,3.4749999046325684,3.2699999809265137,3.327500104904175,46606400,-0.03759938589717726,False
2020-10-19 00:00:00-04:00,3.359999895095825,3.625,3.345000028610229,3.477499961853028,52676400,0.04507884364234238,False
2020-10-20 00:00:00-04:00,3.507499933242798,3.5350000858306885,3.4175000190734863,3.4649999141693115,26416000,-0.003594550056315593,False
2020-10-21 00:00:00-04:00,3.4749999046325684,3.6050000190734863,3.450000047683716,3.525000095367432,21447600,0.017316070038779552,False
2020-10-22 00:00:00-04:00,3.549999952316284,3.9674999713897705,3.547499895095825,3.7274999618530273,64848800,0.05744676908001267,False
2020-10-23 00:00:00-04:00,3.762500047683716,3.8450000286102295,3.637500047683716,3.75,26029200,0.006036227599526933,False
2020-10-26 00:00:00-04:00,3.732500076293945,3.862499952316284,3.315000057220459,3.362499952316284,53505200,-0.10333334604899092,False
2020-10-27 00:00:00-04:00,3.427500009536743,3.427500009536743,3.0899999141693115,3.172499895095825,28924000,-0.05650559402672284,False
2020-10-28 00:00:00-04:00,3.067500114440918,3.262500047683716,2.944999933242798,2.9549999237060547,25554400,-0.06855791287053803,False
2020-10-29 00:00:00-04:00,2.970000028610229,3.0625,2.9200000762939453,2.932499885559082,16663200,-0.0076142263038552205,False
2020-10-30 00:00:00-04:00,2.9100000858306885,2.9100000858306885,2.5899999141693115,2.617500066757202,46187600,-0.10741682219770154,False
2020-11-02 00:00:00-05:00,2.7049999237060547,2.7725000381469727,2.625,2.6875,20908000,0.026743049267433205,False
2020-11-03 00:00:00-05:00,2.6875,2.9649999141693115,2.657500028610229,2.8924999237060547,29818000,0.0762790413789971,False
2020-11-04 00:00:00-05:00,2.940000057220459,2.942500114440918,2.6524999141693115,2.727499961853028,23231600,-0.0570440678323747,False
2020-11-05 00:00:00-05:00,2.817500114440918,2.9600000381469727,2.765000104904175,2.862499952316284,18820800,0.049495872539458974,False
2020-11-06 00:00:00-05:00,2.880000114440918,3.0425000190734863,2.8299999237060547,2.9649999141693115,22072800,0.03580784753204491,False
2020-11-09 00:00:00-05:00,3.190000057220459,3.2325000762939453,2.8125,2.872499942779541,24979600,-0.031197293108753965,False
2020-11-10 00:00:00-05:00,2.875,2.914999961853028,2.7074999809265137,2.775000095367432,15304000,-0.03394250630263351,False
2020-11-11 00:00:00-05:00,2.875,2.987499952316284,2.802500009536743,2.9375,19530400,0.058558522179456673,False
2020-11-12 00:00:00-05:00,2.934999942779541,2.9674999713897705,2.742500066757202,2.782500028610229,17413200,-0.052765947707156036,False
2020-11-13 00:00:00-05:00,2.8399999141693115,2.887500047683716,2.75,2.752500057220459,14143600,-0.010781660765967427,False
2020-11-16 00:00:00-05:00,2.789999961853028,3.164999961853028,2.680000066757202,3.015000104904175,39099200,0.09536786275266951,False
2020-11-17 00:00:00-05:00,2.9124999046325684,2.9800000190734863,2.807499885559082,2.907500028610229,26712800,-0.03565508210732293,False
2020-11-18 00:00:00-05:00,2.950000047683716,3.009999990463257,2.890000104904175,2.8924999237060547,12676800,-0.005159107396929041,False
2020-11-19 00:00:00-05:00,2.900000095367432,3.197499990463257,2.862499952316284,3.115000009536743,47150400,0.07692310862556817,False
2020-11-20 00:00:00-05:00,3.137500047683716,3.365000009536743,3.134999990463257,3.177500009536743,33581600,0.02006420539603626,False
2020-11-23 00:00:00-05:00,3.2249999046325684,3.5299999713897705,3.1675000190734863,3.4749999046325684,38396400,0.0936270320072159,False
2020-11-24 00:00:00-05:00,3.557499885559082,3.565000057220459,3.325000047683716,3.4175000190734863,28732800,-0.01654673011139607,False
2020-11-25 00:00:00-05:00,3.400000095367432,3.8125,3.3550000190734863,3.6875,35440400,0.07900511468020799,False
2020-11-27 00:00:00-05:00,3.822499990463257,4.184999942779541,3.7200000286102295,4.019999980926514,50016800,0.09016948635295297,False
2020-11-30 00:00:00-05:00,4.542500019073486,4.855000019073486,4.139999866485596,4.139999866485596,127934000,0.02985071794239791,False
2020-12-01 00:00:00-05:00,4.277500152587891,4.349999904632568,3.940000057220459,3.950000047683716,50615600,-0.045893677519165954,False
2020-12-02 00:00:00-05:00,3.924999952316284,4.170000076293945,3.8450000286102295,4.144999980926514,31533600,0.049367071111086736,False
2020-12-03 00:00:00-05:00,4.119999885559082,4.159999847412109,3.9674999713897705,4.03000020980835,25180000,-0.027744215113954862,False
2020-12-04 00:00:00-05:00,4.074999809265137,4.322500228881836,4.065000057220459,4.224999904632568,35890800,0.048387018529086445,False
2020-12-07 00:00:00-05:00,4.25,4.375,4.054999828338623,4.087500095367432,29545200,-0.03254433428847481,False
2020-12-08 00:00:00-05:00,4.09250020980835,4.302499771118164,3.982500076293945,4.235000133514404,64480800,0.03608563540197629,False
2020-12-09 00:00:00-05:00,3.4800000190734863,3.682499885559082,3.307499885559082,3.414999961853028,97431600,-0.1936245916906032,False
2020-12-10 00:00:00-05:00,3.2799999713897705,3.602499961853028,3.262500047683716,3.5299999713897705,30235600,0.03367496656554625,False
2020-12-11 00:00:00-05:00,3.477499961853028,3.5,3.255000114440918,3.327500104904175,29987600,-0.05736540173564675,False
2020-12-14 00:00:00-05:00,3.3350000381469727,3.3575000762939453,3.0350000858306885,3.180000066757202,40028400,-0.04432758331985698,False
2020-12-15 00:00:00-05:00,3.194999933242798,3.505000114440918,3.119999885559082,3.462500095367432,32759200,0.08883648511941966,False
2020-12-16 00:00:00-05:00,3.490000009536743,3.577500104904175,3.3949999809265137,3.462500095367432,23460400,0.0,False
2020-12-17 00:00:00-05:00,3.490000009536743,3.744999885559082,3.3975000381469727,3.7074999809265137,32779600,0.07075808774326764,False
2020-12-18 00:00:00-05:00,3.944999933242798,4.074999809265137,3.795000076293945,3.9075000286102295,66475200,0.05394471981460014,False
2020-12-21 00:00:00-05:00,3.952500104904175,4.087500095367432,3.819999933242798,3.882499933242798,39504400,-0.0063979770145576875,False
2020-12-22 00:00:00-05:00,4.054999828338623,5.010000228881836,4.037499904632568,4.864999771118164,122610800,0.2530585588586858,False
2020-12-23 00:00:00-05:00,5.042500019073486,5.587500095367432,4.78249979019165,5.142499923706055,103321200,0.05704011626790084,False
2020-12-24 00:00:00-05:00,5.252500057220459,5.369999885559082,4.987500190734863,5.037499904632568,25048800,-0.0204180886011206,False
2020-12-28 00:00:00-05:00,5.327499866485596,5.492499828338623,5.087500095367432,5.247499942779541,35863600,0.04168735327495554,False
2020-12-29 00:00:00-05:00,5.204999923706055,5.267499923706055,4.639999866485596,4.84499979019165,36965600,-0.0767032219107926,False
2020-12-30 00:00:00-05:00,4.84499979019165,5.0,4.712500095367432,4.815000057220459,23737600,-0.006191895618225529,False
2020-12-31 00:00:00-05:00,4.8125,4.949999809265137,4.699999809265137,4.710000038146973,27690800,-0.021806857284670356,False
2021-01-04 00:00:00-05:00,4.75,4.775000095367432,4.287499904632568,4.3125,40090000,-0.084394911874217,False
2021-01-05 00:00:00-05:00,4.337500095367432,4.519999980926514,4.307499885559082,4.34250020980835,19846000,0.006956570390342032,False
2021-01-06 00:00:00-05:00,4.335000038146973,4.744999885559082,4.332499980926514,4.590000152587891,24224800,0.056994802722292626,False
2021-01-07 00:00:00-05:00,4.617499828338623,4.862500190734863,4.505000114440918,4.519999980926514,24517200,-0.015250581554318687,False
2021-01-08 00:00:00-05:00,4.545000076293945,4.574999809265137,4.269999980926514,4.422500133514404,25928000,-0.021570762792818332,False
2021-01-11 00:00:00-05:00,4.852499961853027,5.162499904632568,4.752500057220459,4.985000133514404,59632000,0.12719049926924497,False
2021-01-12 00:00:00-05:00,4.989999771118164,5.099999904632568,4.829999923706055,4.987500190734863,28242800,0.0005015159786356804,False
2021-01-13 00:00:00-05:00,5.105000019073486,9.662500381469728,5.007500171661377,7.849999904632568,578006800,0.5739347577801177,True
2021-01-14 00:00:00-05:00,9.522500038146973,10.765000343322754,8.262499809265137,9.977499961853027,374869600,0.2710191188620199,False
2021-01-15 00:00:00-05:00,9.6225004196167,10.1875,8.5024995803833,8.875,187465600,-0.110498618498443,False
2021-01-19 00:00:00-05:00,10.387499809265137,11.380000114440918,9.15999984741211,9.84000015258789,298887600,0.108732411559199,False
2021-01-20 00:00:00-05:00,9.342499732971191,10.297499656677246,9.015000343322754,9.779999732971191,133887200,-0.006097603525028306,False
2021-01-21 00:00:00-05:00,9.807499885559082,11.1875,9.25,10.75749969482422,224867600,0.09994887408407549,False
2021-01-22 00:00:00-05:00,10.647500038146973,19.190000534057617,10.579999923706056,16.252500534057617,788631600,0.5108065066343639,True
2021-01-25 00:00:00-05:00,24.1825008392334,39.79499816894531,15.282500267028809,19.19750022888184,711496000,0.18120286713129996,False
2021-01-26 00:00:00-05:00,22.13999938964844,37.5,20.049999237060547,36.994998931884766,714352000,0.9270737591255414,True
2021-01-27 00:00:00-05:00,88.7074966430664,95.0,62.25,86.87750244140625,373586800,1.3483580199952216,True
2021-01-28 00:00:00-05:00,66.25,120.75,28.0625,48.400001525878906,235263200,-0.442893727768914,True
2021-01-29 00:00:00-05:00,94.92749786376952,103.49500274658205,62.5,81.25,202264400,0.6787189553404578,True
2021-02-01 00:00:00-05:00,79.13999938964844,80.5,53.0,56.25,149528800,-0.3076923076923077,False
2021-02-02 00:00:00-05:00,35.189998626708984,39.5,18.55500030517578,22.5,312732400,-0.6,True
2021-02-03 00:00:00-05:00,28.002500534057617,28.350000381469727,21.3125,23.102500915527344,170794000,0.026777818467881964,False
2021-02-04 00:00:00-05:00,22.79750061035156,22.875,13.332500457763672,13.375,249709200,-0.42105834996372304,True
2021-02-05 00:00:00-05:00,13.510000228881836,23.75,12.772500038146973,15.942500114440918,325380000,0.1919626253787603,False
2021-02-08 00:00:00-05:00,18.102500915527344,18.165000915527344,14.505000114440918,15.0,102749200,-0.05911871461033824,False
2021-02-09 00:00:00-05:00,14.15250015258789,14.25,11.630000114440918,12.577500343322754,107372400,-0.1614999771118164,False
2021-02-10 00:00:00-05:00,12.692500114440918,15.707500457763672,11.637499809265137,12.800000190734863,145820000,0.017690307401202476,False
2021-02-11 00:00:00-05:00,12.5024995803833,13.829999923706056,12.05500030517578,12.774999618530272,52226800,-0.001953169674379196,False
2021-02-12 00:00:00-05:00,12.6875,13.8100004196167,12.012499809265137,13.100000381469728,58293200,0.025440373592500176,False
2021-02-16 00:00:00-05:00,13.164999961853027,13.375,12.260000228881836,12.3774995803833,32700000,-0.05515273130132292,False
2021-02-17 00:00:00-05:00,12.442500114440918,12.797499656677246,11.140000343322754,11.484999656677246,36747200,-0.07210664140280387,False
2021-02-18 00:00:00-05:00,12.1225004196167,12.217499732971191,10.162500381469728,10.172499656677246,95962400,-0.11427949840964324,False
2021-02-19 00:00:00-05:00,10.31999969482422,10.97249984741211,9.625,10.147500038146973,59312800,-0.002457568874319249,False
2021-02-22 00:00:00-05:00,11.672499656677246,12.1274995803833,10.600000381469728,11.5,77904000,0.13328405585303216,False
2021-02-23 00:00:00-05:00,11.24250030517578,11.557499885559082,10.0,11.24250030517578,30260800,-0.022391277810801746,False
2021-02-24 00:00:00-05:00,11.175000190734863,22.927499771118164,11.175000190734863,22.927499771118164,332446800,1.0393594973320028,True
2021-02-25 00:00:00-05:00,42.38999938964844,46.16999816894531,25.25,27.1825008392334,601235200,0.18558504462293235,False
2021-02-26 00:00:00-05:00,29.364999771118164,35.724998474121094,21.5,25.434999465942383,368776800,-0.06428773362783413,False
2021-03-01 00:00:00-05:00,26.13500022888184,33.497501373291016,24.99250030517578,30.100000381469727,199176000,0.18340872866043534,False
2021-03-02 00:00:00-05:00,29.232500076293945,33.29999923706055,28.049999237060547,29.545000076293945,135132000,-0.01843854811103096,False
2021-03-03 00:00:00-05:00,30.627500534057617,31.9375,28.280000686645508,31.045000076293945,77095600,0.05077001171523299,False
2021-03-04 00:00:00-05:00,31.25,36.96749877929688,28.825000762939453,33.087501525878906,130427600,0.06579163938043031,False
2021-03-05 00:00:00-05:00,32.04249954223633,37.88249969482422,31.875,34.435001373291016,122934800,0.040725342962453226,False
2021-03-08 00:00:00-05:00,38.72249984741211,52.71749877929688,36.525001525878906,48.625,254262400,0.4120806754988324,True
2021-03-09 00:00:00-05:00,54.4275016784668,62.462501525878906,52.12749862670898,61.72499847412109,156397200,0.269408708979354,False
2021-03-10 00:00:00-05:00,67.35749816894531,87.125,43.0,66.25,286282400,0.07330905852960168,False
2021-03-11 00:00:00-05:00,60.40999984741211,70.375,58.150001525878906,65.0,113250000,-0.018867924528301883,False
2021-03-12 00:00:00-05:00,68.75,73.875,65.56749725341797,66.125,103383600,0.017307692307692246,False
2021-03-15 00:00:00-04:00,69.37999725341797,70.75,51.5,55.03499984741211,96401600,-0.1677126677139945,False
2021-03-16 00:00:00-04:00,50.790000915527344,55.17499923706055,43.087501525878906,52.04249954223633,141691600,-0.05437449465744837,False
2021-03-17 00:00:00-04:00,54.459999084472656,57.86750030517578,51.0,52.45249938964844,65926400,0.007878173627678287,False
2021-03-18 00:00:00-04:00,53.5,54.720001220703125,48.91249847412109,50.4375,47059600,-0.038415698262151854,False
2021-03-19 00:00:00-04:00,48.932498931884766,56.75,45.665000915527344,50.067501068115234,98709200,-0.007335790471073467,False
2021-03-22 00:00:00-04:00,51.31499862670898,52.59000015258789,46.54999923706055,48.622501373291016,40246000,-0.028861030888247097,False
2021-03-23 00:00:00-04:00,49.375,50.4375,44.38750076293945,45.4375,57716400,-0.06550467958936768,False
2021-03-24 00:00:00-04:00,39.494998931884766,41.74250030517578,29.655000686645508,30.084999084472656,96711600,-0.3378817257887724,False
2021-03-25 00:00:00-04:00,30.872499465942383,46.875,29.225000381469727,45.9375,203849200,0.5269237626039707,True
2021-03-26 00:00:00-04:00,49.41999816894531,54.73249816894531,40.81499862670898,45.25,149722800,-0.014965986394557818,False
2021-03-29 00:00:00-04:00,45.1875,48.47999954223633,43.37749862670898,45.32500076293945,40168800,0.001657475424076349,False
2021-03-30 00:00:00-04:00,46.875,51.07500076293945,45.5,48.6150016784668,68379600,0.07258689156421272,False
2021-03-31 00:00:00-04:00,49.375,49.8650016784668,46.77750015258789,47.45500183105469,33575200,-0.02386094430448027,False
2021-04-01 00:00:00-04:00,48.34000015258789,49.24250030517578,45.900001525878906,47.86249923706055,37337200,0.008587027505690514,False
2021-04-05 00:00:00-04:00,42.75,48.75,41.20249938964844,46.73749923706055,56282000,-0.02350483192337971,False
2021-04-06 00:00:00-04:00,46.3025016784668,48.0,45.88999938964844,46.125,24873200,-0.013105092207733371,False
2021-04-07 00:00:00-04:00,45.80500030517578,46.125,44.02750015258789,44.49250030517578,19073200,-0.035392947313262146,False
2021-04-08 00:00:00-04:00,46.470001220703125,46.470001220703125,41.07500076293945,42.56499862670898,40189600,-0.04332194561433944,False
2021-04-09 00:00:00-04:00,42.42499923706055,42.89500045776367,38.25,39.59000015258789,37849600,-0.06989307107023646,False
2021-04-12 00:00:00-04:00,39.52750015258789,40.97499847412109,33.752498626708984,35.272499084472656,66734400,-0.10905534355834068,False
2021-04-13 00:00:00-04:00,35.470001220703125,36.345001220703125,33.0,35.247501373291016,27227600,-0.0007087025821951309,False
2021-04-14 00:00:00-04:00,35.89250183105469,43.522499084472656,35.75,41.63249969482422,84552400,0.1811475444432913,False
2021-04-15 00:00:00-04:00,40.75,41.5625,38.20000076293945,39.11000061035156,31427200,-0.06058966199395077,False
2021-04-16 00:00:00-04:00,39.0,40.04999923706055,37.8125,38.67250061035156,20858800,-0.011186397166258355,False
2021-04-19 00:00:00-04:00,42.95000076293945,43.79999923706055,40.58250045776367,41.09249877929688,42080800,0.06257671810075682,False
2021-04-20 00:00:00-04:00,41.03499984741211,41.22249984741211,38.34000015258789,39.63249969482422,18634400,-0.0355295766342697,False
2021-04-21 00:00:00-04:00,39.59999847412109,40.744998931884766,38.97999954223633,39.62749862670898,15251200,-0.0001261860380684654,False
2021-04-22 00:00:00-04:00,39.775001525878906,39.775001525878906,36.71500015258789,37.79249954223633,17383200,-0.04630620523789153,False
2021-04-23 00:00:00-04:00,37.25,38.415000915527344,36.17499923706055,37.79499816894531,16116400,6.611435441561397e-05,False
2021-04-26 00:00:00-04:00,37.744998931884766,43.66999816894531,37.18999862670898,42.23249816894531,42128400,0.11740971596728689,False
2021-04-27 00:00:00-04:00,45.88750076293945,47.0,43.29249954223633,44.442501068115234,35730800,0.05232943811017554,False
2021-04-28 00:00:00-04:00,43.025001525878906,45.494998931884766,41.50749969482422,44.64500045776367,23155600,0.004556435501640088,False
2021-04-29 00:00:00-04:00,44.13999938964844,45.21500015258789,42.6875,44.04750061035156,15041200,-0.013383354043805529,False
2021-04-30 00:00:00-04:00,43.75,45.95000076293945,43.17499923706055,43.397499084472656,17734400,-0.014756831077179178,False
2021-05-03 00:00:00-04:00,44.372501373291016,44.372501373291016,39.90250015258789,40.54999923706055,21044000,-0.06561437657661995,False
2021-05-04 00:00:00-04:00,39.75,40.372501373291016,37.95000076293945,40.182498931884766,16030000,-0.009062893023186636,False
2021-05-05 00:00:00-04:00,40.45750045776367,41.375,39.58250045776367,39.869998931884766,11221600,-0.007777017565028355,False
2021-05-06 00:00:00-04:00,40.21500015258789,41.18000030517578,38.900001525878906,40.25249862670898,11771200,0.009593672060982161,False
2021-05-07 00:00:00-04:00,40.02750015258789,41.852500915527344,39.375,40.27750015258789,11738400,0.0006211173649310897,False
2021-05-10 00:00:00-04:00,40.32749938964844,40.397499084472656,35.75,35.80500030517578,19226800,-0.11104214090915332,False
2021-05-11 00:00:00-04:00,34.25,37.625,34.125,36.72999954223633,18738400,0.025834359144715213,False
2021-05-12 00:00:00-04:00,36.42499923706055,37.625,35.557498931884766,36.1974983215332,10926000,-0.014497719230592288,False
2021-05-13 00:00:00-04:00,36.86000061035156,42.48749923706055,36.60749816894531,41.125,35494000,0.13612823833009258,False
2021-05-14 00:00:00-04:00,40.0,41.61750030517578,39.05500030517578,39.97999954223633,17174000,-0.027841956419785374,False
2021-05-17 00:00:00-04:00,39.962501525878906,45.625,39.75,45.150001525878906,29848400,0.12931470842516646,False
2021-05-18 00:00:00-04:00,43.6349983215332,47.29999923706055,42.067501068115234,45.16749954223633,30954800,0.0003875529516292886,False
2021-05-19 00:00:00-04:00,42.997501373291016,44.744998931884766,41.03749847412109,42.20750045776367,19303600,-0.06553382663356755,False
2021-05-20 00:00:00-04:00,42.6974983215332,43.727500915527344,41.72499847412109,42.622501373291016,9912800,0.00983239734706931,False
2021-05-21 00:00:00-04:00,42.75,44.810001373291016,42.58250045776367,44.1974983215332,14618800,0.03695224112841822,False
2021-05-24 00:00:00-04:00,43.962501525878906,47.1150016784668,43.337501525878906,45.00249862670898,18657200,0.01821370746641504,False
2021-05-25 00:00:00-04:00,45.25,54.27750015258789,45.25,52.35749816894531,59550000,0.16343535951737453,False
2021-05-26 00:00:00-04:00,57.25,62.119998931884766,56.38750076293945,60.63999938964844,84479600,0.15819130994337138,False
2021-05-27 00:00:00-04:00,57.45000076293945,66.0,56.75,63.532501220703125,62105200,0.047699568934172154,False
2021-05-28 00:00:00-04:00,65.74250030517578,67.19999694824219,55.35749816894531,55.5,47005600,-0.12643137081600686,False
2021-06-01 00:00:00-04:00,58.369998931884766,63.744998931884766,56.76750183105469,62.255001068115234,38502400,0.12171173095703125,False
2021-06-02 00:00:00-04:00,62.220001220703125,73.5,61.07500076293945,70.55999755859375,64076800,0.1334028808607961,False
2021-06-03 00:00:00-04:00,66.42749786376953,68.60749816894531,60.52999877929688,64.54499816894531,32000000,-0.08524659293891723,False
2021-06-04 00:00:00-04:00,64.00499725341797,66.25,61.442501068115234,62.09000015258789,14550000,-0.03803544946939985,False
2021-06-07 00:00:00-04:00,64.5,70.5,63.79999923706055,70.00250244140625,24206000,0.12743601657872716,False
2021-06-08 00:00:00-04:00,73.0,86.16500091552734,70.25,75.0,69756400,0.07139027012322563,False
2021-06-09 00:00:00-04:00,75.77999877929688,82.0,72.87750244140625,75.63999938964844,53717200,0.00853332519531258,False
2021-06-10 00:00:00-04:00,70.5,72.0,52.75,55.09749984741211,91920800,-0.27158249217341524,False
2021-06-11 00:00:00-04:00,55.587501525878906,60.282501220703125,51.532501220703125,58.334999084472656,62323200,0.05875945816101513,False
2021-06-14 00:00:00-04:00,59.125,59.50249862670898,54.79999923706055,57.36000061035156,28530400,-0.016713782282043677,False
2021-06-15 00:00:00-04:00,56.59000015258789,57.3125,52.0,55.625,29207600,-0.03024756959361774,False
2021-06-16 00:00:00-04:00,53.810001373291016,57.182498931884766,52.25,55.74250030517578,22259200,0.002112365036867958,False
2021-06-17 00:00:00-04:00,56.0,58.415000915527344,55.369998931884766,55.897499084472656,18434400,0.0027806212216585635,False
2021-06-18 00:00:00-04:00,55.04499816894531,55.872501373291016,53.25,53.45500183105469,17281200,-0.04369600238691984,False
2021-06-21 00:00:00-04:00,54.23749923706055,54.59999847412109,49.25,50.09249877929688,20480800,-0.06290343160748635,False
2021-06-22 00:00:00-04:00,54.432498931884766,56.470001220703125,52.29249954223633,55.09999847412109,32800800,0.09996506097423508,False
2021-06-23 00:00:00-04:00,55.36249923706055,55.64250183105469,53.52999877929688,54.834999084472656,14220400,-0.004809426442595854,False
2021-06-24 00:00:00-04:00,55.290000915527344,56.86249923706055,52.900001525878906,53.07749938964844,15453200,-0.03205069251696002,False
2021-06-25 00:00:00-04:00,53.5,53.54999923706055,49.625,52.37749862670898,50770800,-0.013188276972143531,False
2021-06-28 00:00:00-04:00,52.8125,56.11249923706055,52.54999923706055,53.3125,19517600,0.0178512032419631,False
2021-06-29 00:00:00-04:00,53.397499084472656,53.80500030517578,52.00249862670898,52.720001220703125,9920000,-0.01111369339830015,False
2021-06-30 00:00:00-04:00,52.42250061035156,53.81999969482422,51.73500061035156,53.53499984741211,10158400,0.015459002424850654,False
2021-07-01 00:00:00-04:00,53.34999847412109,54.20750045776367,50.5,51.09000015258789,10968400,-0.04567105074797928,False
2021-07-02 00:00:00-04:00,51.20000076293945,51.36249923706055,49.125,50.70750045776367,10396400,-0.007486782025481031,False
2021-07-06 00:00:00-04:00,51.0,51.192501068115234,48.4275016784668,49.88999938964844,11072400,-0.016121896380914325,False
2021-07-07 00:00:00-04:00,49.0,49.375,44.38999938964844,47.665000915527344,16958000,-0.04459808581562652,False
2021-07-08 00:00:00-04:00,44.95750045776367,48.55500030517578,44.875,47.845001220703125,11430000,0.003776362146615364,False
2021-07-09 00:00:00-04:00,47.720001220703125,48.69499969482422,46.6875,47.807498931884766,6331600,-0.0007838287775427943,False
2021-07-12 00:00:00-04:00,47.85499954223633,49.4375,46.85499954223633,47.3125,6545200,-0.010354001839544713,False
2021-07-13 00:00:00-04:00,46.91999816894531,47.1974983215332,44.75,45.01499938964844,9591600,-0.04856011858074638,False
2021-07-14 00:00:00-04:00,45.122501373291016,45.595001220703125,41.26750183105469,41.90499877929688,15655200,-0.06908809624613088,False
2021-07-15 00:00:00-04:00,40.0,42.997501373291016,39.50249862670898,41.70500183105469,17194400,-0.004772627468515811,False
2021-07-16 00:00:00-04:00,42.53749847412109,44.86750030517578,41.57500076293945,42.2599983215332,13151600,0.013307672128316517,False
2021-07-19 00:00:00-04:00,40.82500076293945,44.0,40.30500030517578,43.372501373291016,9747600,0.026325203406147413,False
2021-07-20 00:00:00-04:00,43.47499847412109,48.40999984741211,43.10499954223633,47.79499816894531,12404400,0.10196545404636703,False
2021-07-21 00:00:00-04:00,46.9474983215332,48.87749862670898,45.52750015258789,46.45249938964844,8916800,-0.028088687744090346,False
2021-07-22 00:00:00-04:00,46.32500076293945,46.92250061035156,44.03749847412109,44.712501525878906,5652000,-0.037457572501626846,False
2021-07-23 00:00:00-04:00,45.25,45.400001525878906,43.459999084472656,45.09000015258789,5264800,0.00844279818454119,False
2021-07-26 00:00:00-04:00,45.09000015258789,46.5099983215332,44.68999862670898,45.98500061035156,5042400,0.01984920059292361,False
2021-07-27 00:00:00-04:00,45.75,46.25,44.165000915527344,44.6349983215332,4859200,-0.029357448535391906,False
2021-07-28 00:00:00-04:00,43.93000030517578,44.27999877929688,41.067501068115234,42.27999877929688,16403200,-0.05276127771467176,False
2021-07-29 00:00:00-04:00,42.650001525878906,43.47249984741211,41.12749862670898,41.21500015258789,8960000,-0.02518918300514439,False
2021-07-30 00:00:00-04:00,41.25,41.80500030517578,39.71749877929688,40.27999877929688,9508400,-0.022685948558277547,False
2021-08-02 00:00:00-04:00,40.5,40.897499084472656,38.76499938964844,39.41249847412109,10131600,-0.021536751029438306,False
2021-08-03 00:00:00-04:00,39.185001373291016,39.72249984741211,37.04999923706055,38.1875,57802400,-0.031081472161056722,False
2021-08-04 00:00:00-04:00,38.182498931884766,39.4474983215332,36.42250061035156,36.70000076293945,9574000,-0.03895251684610268,False
2021-08-05 00:00:00-04:00,37.0,39.400001525878906,36.30500030517578,38.36000061035156,9648400,0.045231602531420556,False
2021-08-06 00:00:00-04:00,38.647499084472656,39.125,37.57749938964844,37.942501068115234,5410800,-0.01088372094873391,False
2021-08-09 00:00:00-04:00,37.95000076293945,41.1775016784668,37.665000915527344,40.282501220703125,8996800,0.06167226953191807,False
2021-08-10 00:00:00-04:00,40.34000015258789,41.72499847412109,38.837501525878906,39.76250076293945,6493200,-0.01290884235104095,False
2021-08-11 00:00:00-04:00,39.60749816894531,39.76250076293945,38.65499877929688,39.69499969482422,3781600,-0.0016976062073578158,False
2021-08-12 00:00:00-04:00,39.970001220703125,41.06999969482422,39.33250045776367,40.587501525878906,5271200,0.022483986343777795,False
2021-08-13 00:00:00-04:00,40.11750030517578,40.88750076293945,39.352500915527344,40.630001068115234,4059200,0.0010471091010426647,False
2021-08-16 00:00:00-04:00,40.25,42.470001220703125,39.790000915527344,40.98249816894531,6290400,0.008675783695873518,False
2021-08-17 00:00:00-04:00,40.29750061035156,42.369998931884766,40.275001525878906,40.88750076293945,4863600,-0.002317999396089676,False
2021-08-18 00:00:00-04:00,40.8125,41.400001525878906,39.1875,39.26250076293945,5647200,-0.039743197057250934,False
2021-08-19 00:00:00-04:00,39.192501068115234,39.497501373291016,37.69499969482422,38.22499847412109,4786000,-0.02642476328959875,False
2021-08-20 00:00:00-04:00,38.45000076293945,40.022499084472656,38.310001373291016,39.82500076293945,4619600,0.04185748470079309,False
2021-08-23 00:00:00-04:00,40.595001220703125,41.8224983215332,39.88750076293945,41.22249984741211,5372000,0.03509099956560835,False
2021-08-24 00:00:00-04:00,41.5724983215332,56.25,41.28749847412109,52.5724983215332,58608800,0.27533503586958297,False
2021-08-25 00:00:00-04:00,51.66249847412109,56.75,48.25,49.91249847412109,51444400,-0.050596793615239055,False
2021-08-26 00:00:00-04:00,50.16999816894531,54.25,49.75,51.30500030517578,24954400,0.027898860478336562,False
2021-08-27 00:00:00-04:00,51.92499923706055,53.25,50.005001068115234,51.23749923706055,12923200,-0.001315682052698941,False
2021-08-30 00:00:00-04:00,51.25,54.54750061035156,50.755001068115234,52.29999923706055,13238400,0.020736765373425614,False
2021-08-31 00:00:00-04:00,53.17499923706055,55.57500076293945,52.8650016784668,54.560001373291016,14298800,0.04321227856976706,False
2021-09-01 00:00:00-04:00,56.0,57.86000061035156,52.005001068115234,53.24250030517578,17815200,-0.024147746241813595,False
2021-09-02 00:00:00-04:00,53.46500015258789,53.70000076293945,51.57500076293945,53.380001068115234,7408000,0.0025825376748147555,False
2021-09-03 00:00:00-04:00,53.01250076293945,54.067501068115234,49.709999084472656,50.6875,10634400,-0.0504402587905437,False
2021-09-07 00:00:00-04:00,51.5625,52.47499847412109,49.025001525878906,49.75,9985200,-0.018495684340320562,False
2021-09-08 00:00:00-04:00,50.46500015258789,51.720001220703125,47.66999816894531,49.70000076293945,20694400,-0.001005009790161715,False
2021-09-09 00:00:00-04:00,45.022499084472656,50.5,44.5,49.79499816894531,30046000,0.0019114165904943192,False
2021-09-10 00:00:00-04:00,49.602500915527344,50.540000915527344,47.5,47.602500915527344,12170400,-0.04403047161442253,False
2021-09-13 00:00:00-04:00,48.4375,52.220001220703125,47.875,50.84999847412109,17336400,0.06822115426995246,False
2021-09-14 00:00:00-04:00,50.16249847412109,51.15499877929688,48.75,49.810001373291016,8566400,-0.02045225431735953,False
2021-09-15 00:00:00-04:00,49.25,51.21749877929688,48.4375,51.130001068115234,9241600,0.02650069581270942,False
2021-09-16 00:00:00-04:00,50.58250045776367,54.13750076293945,50.28749847412109,51.59249877929688,12232800,0.009045525161744283,False
2021-09-17 00:00:00-04:00,52.005001068115234,53.122501373291016,50.19499969482422,51.24250030517578,15783600,-0.006783902357944127,False
2021-09-20 00:00:00-04:00,50.0,50.712501525878906,46.13750076293945,48.04999923706055,15767200,-0.062301820736736624,False
2021-09-21 00:00:00-04:00,49.84000015258789,49.84000015258789,46.5,47.48749923706055,10535200,-0.011706555857052936,False
2021-09-22 00:00:00-04:00,47.40999984741211,48.375,46.5724983215332,47.53499984741211,9026400,0.0010002760961245194,False
2021-09-23 00:00:00-04:00,48.08250045776367,48.9375,47.650001525878906,47.810001373291016,6729200,0.005785243015917985,False
2021-09-24 00:00:00-04:00,47.75,47.93000030517578,46.02750015258789,46.290000915527344,6743200,-0.03179252068820937,False
2021-09-27 00:00:00-04:00,46.47999954223633,48.01250076293945,46.46749877929688,47.369998931884766,5880400,0.023331129725580713,False
2021-09-28 00:00:00-04:00,47.0,47.70249938964844,44.5,44.650001525878906,7082000,-0.05742025474640722,False
2021-09-29 00:00:00-04:00,45.022499084472656,46.119998931884766,43.65250015258789,43.97999954223633,7599600,-0.0150056430178227,False
2021-09-30 00:00:00-04:00,43.75,46.36249923706055,41.6974983215332,43.86750030517578,12682800,-0.002557963579615463,False
2021-10-01 00:00:00-04:00,44.84999847412109,44.872501373291016,43.0625,44.227500915527344,6204400,0.008206544887379597,False
2021-10-04 00:00:00-04:00,43.98749923706055,44.23749923706055,42.692501068115234,42.84000015258789,4782800,-0.031371900609747816,False
2021-10-05 00:00:00-04:00,42.79750061035156,43.29249954223633,41.67499923706055,43.04499816894531,5263600,0.004785201111747295,False
2021-10-06 00:00:00-04:00,42.51499938964844,43.2400016784668,41.45249938964844,42.76750183105469,4801200,-0.006446656979784082,False
2021-10-07 00:00:00-04:00,43.0,43.79999923706055,42.6349983215332,43.02999877929688,4637200,0.006137766692081881,False
2021-10-08 00:00:00-04:00,43.125,43.93000030517578,42.77999877929688,43.16999816894531,3272800,0.003253529947014222,False
2021-10-11 00:00:00-04:00,43.25,47.122501373291016,43.25,44.525001525878906,10739600,0.031387616733982826,False
2021-10-12 00:00:00-04:00,45.125,45.44499969482422,43.45000076293945,43.95500183105469,4934800,-0.012801789450651024,False
2021-10-13 00:00:00-04:00,44.57500076293945,47.0525016784668,44.0,46.01499938964844,7711600,0.046866055574552146,False
2021-10-14 00:00:00-04:00,45.93999862670898,47.54999923706055,45.650001525878906,45.95750045776367,6695600,-0.0012495693284242382,False
2021-10-15 00:00:00-04:00,46.0,46.744998931884766,45.220001220703125,45.81999969482422,4800000,-0.0029919112564840145,False
2021-10-18 00:00:00-04:00,45.73500061035156,47.46749877929688,45.63750076293945,46.505001068115234,6358400,0.014949833650225619,False
2021-10-19 00:00:00-04:00,47.247501373291016,48.04499816894531,46.09999847412109,46.6974983215332,8282400,0.004139280700929726,False
2021-10-20 00:00:00-04:00,46.58250045776367,47.0,45.494998931884766,46.130001068115234,9107600,-0.012152626453573512,False
2021-10-21 00:00:00-04:00,46.1775016784668,47.67499923706055,45.150001525878906,45.4275016784668,9609600,-0.015228687912040795,False
2021-10-22 00:00:00-04:00,44.525001525878906,44.872501373291016,41.95000076293945,42.45000076293945,11201600,-0.0655440164110701,False
2021-10-25 00:00:00-04:00,42.35499954223633,43.70000076293945,41.81499862670898,43.49250030517578,5771200,0.02455829266195142,False
2021-10-26 00:00:00-04:00,43.34000015258789,46.25,43.125,44.459999084472656,8706800,0.02224518646911955,False
2021-10-27 00:00:00-04:00,45.0,45.772499084472656,43.08250045776367,43.37749862670898,4428000,-0.024347739092548393,False
2021-10-28 00:00:00-04:00,43.790000915527344,45.78499984741211,43.75,45.712501525878906,6784800,0.05382981898666217,False
2021-10-29 00:00:00-04:00,45.70249938964844,46.4375,44.5,45.87749862670898,9176000,0.003609452454415907,False
2021-11-01 00:00:00-04:00,45.63249969482422,52.14250183105469,45.51250076293945,50.022499084472656,19776800,0.0903493124481407,False
2021-11-02 00:00:00-04:00,49.837501525878906,52.98500061035156,47.92250061035156,51.747501373291016,15529200,0.03448452837003124,False
2021-11-03 00:00:00-04:00,53.5,63.92250061035156,52.0625,54.58250045776367,45062400,0.054785236180232566,False
2021-11-04 00:00:00-04:00,55.5,57.24250030517578,52.88750076293945,54.459999084472656,11632000,-0.0022443342145127554,False
2021-11-05 00:00:00-04:00,55.15999984741211,55.25,52.25249862670898,53.3125,7242800,-0.021070494009608365,False
2021-11-08 00:00:00-05:00,53.125,56.2599983215332,53.00249862670898,54.65999984741211,8631600,0.02527549537935969,False
2021-11-09 00:00:00-05:00,55.5,55.872501373291016,51.11000061035156,51.650001525878906,7381200,-0.05506766062817159,False
2021-11-10 00:00:00-05:00,50.52999877929688,51.84749984741211,49.125,49.79750061035156,5237600,-0.03586642518488914,False
2021-11-11 00:00:00-05:00,50.0,52.022499084472656,49.53749847412109,51.08000183105469,4317600,0.025754329132665843,False
2021-11-12 00:00:00-05:00,50.53499984741211,51.34000015258789,49.470001220703125,50.525001525878906,3712000,-0.010865314903696022,False
2021-11-15 00:00:00-05:00,50.96500015258789,52.875,50.42250061035156,52.28499984741211,5865600,0.034834206202482454,False
2021-11-16 00:00:00-05:00,52.255001068115234,53.14250183105469,50.907501220703125,51.79499816894531,4858400,-0.00937174485792891,False
2021-11-17 00:00:00-05:00,51.57500076293945,54.42499923706055,51.5,52.5,5410800,0.013611388280295067,False
2021-11-18 00:00:00-05:00,52.5625,53.78499984741211,51.875,52.52999877929688,4017600,0.0005714053199405988,False
2021-11-19 00:00:00-05:00,52.28499984741211,57.34749984741211,52.0625,57.20000076293945,12136800,0.08890161987749967,False
2021-11-22 00:00:00-05:00,57.6150016784668,62.40999984741211,57.4375,61.88750076293945,17485600,0.08194929960625252,False
2021-11-23 00:00:00-05:00,60.959999084472656,63.04999923706055,53.13999938964844,53.47499847412109,13380800,-0.1359321702300198,False
2021-11-24 00:00:00-05:00,54.3125,55.997501373291016,52.0,52.94499969482422,5237600,-0.009911150900796306,False
2021-11-26 00:00:00-05:00,52.02000045776367,52.932498931884766,49.79999923706055,49.93000030517578,4941200,-0.05694587604168366,False
2021-11-29 00:00:00-05:00,51.0,51.977500915527344,50.23500061035156,50.50249862670898,4435200,0.011466018786982612,False
2021-11-30 00:00:00-05:00,50.025001525878906,50.98749923706055,47.0,49.0525016784668,6895600,-0.02871139028110048,False
2021-12-01 00:00:00-05:00,49.84999847412109,50.02750015258789,44.25249862670898,44.959999084472656,9406000,-0.08343106781423704,False
2021-12-02 00:00:00-05:00,46.25,46.85749816894531,43.26750183105469,45.38999938964844,8348400,0.009564063921973842,False
2021-12-03 00:00:00-05:00,45.25,45.98249816894531,39.76250076293945,43.09749984741211,16386800,-0.05050671013578267,False
2021-12-06 00:00:00-05:00,41.5,43.334999084472656,40.79999923706055,41.77999877929688,8914400,-0.03057024358210747,False
2021-12-07 00:00:00-05:00,43.79499816894531,45.494998931884766,42.62749862670898,44.45249938964844,7889600,0.06396602892376935,False
2021-12-08 00:00:00-05:00,44.150001525878906,45.0625,42.9900016784668,43.41249847412109,10444800,-0.02339578043545365,False
2021-12-09 00:00:00-05:00,41.75,43.17250061035156,37.75,38.93999862670898,20337200,-0.10302332288196314,False
2021-12-10 00:00:00-05:00,39.95750045776367,40.57500076293945,37.0,39.75249862670898,18107600,0.02086543473688529,False
2021-12-13 00:00:00-05:00,40.08250045776367,40.22249984741211,33.76750183105469,34.220001220703125,21944800,-0.13917357643246775,False
2021-12-14 00:00:00-05:00,32.75,37.59249877929688,32.375,36.92250061035156,26048400,0.07897426339112523,False
2021-12-15 00:00:00-05:00,36.8650016784668,38.0,35.279998779296875,37.147499084472656,11064000,0.006093803789064323,False
2021-12-16 00:00:00-05:00,38.23249816894531,38.61000061035156,35.532501220703125,36.147499084472656,8659200,-0.026919712622538117,False
2021-12-17 00:00:00-05:00,35.9375,39.64250183105469,34.83250045776367,38.90999984741211,17226800,0.07642301218360359,False
2021-12-20 00:00:00-05:00,38.29750061035156,39.91999816894531,37.42499923706055,39.28499984741211,7314400,0.00963762532692325,False
2021-12-21 00:00:00-05:00,39.26499938964844,40.0625,38.78499984741211,39.52999877929688,5720800,0.006236449862196292,False
2021-12-22 00:00:00-05:00,39.58250045776367,39.78749847412109,38.02999877929688,38.5,4188800,-0.026056129802774608,False
2021-12-23 00:00:00-05:00,38.5,38.75,36.505001068115234,38.03499984741211,4222000,-0.012077926041243914,False
2021-12-27 00:00:00-05:00,38.0,38.15499877929688,35.0,37.07749938964844,6454400,-0.025174193811093648,False
2021-12-28 00:00:00-05:00,36.875,39.352500915527344,36.602500915527344,36.6150016784668,5324400,-0.012473810769201066,False
2021-12-29 00:00:00-05:00,36.962501525878906,38.872501373291016,35.53499984741211,38.48249816894531,8149600,0.05100358882618283,False
2021-12-30 00:00:00-05:00,37.75,40.0,37.5,38.83250045776367,6247600,0.009095103111076197,False
