date,GME_close,GME_volume,AMC_close,AMC_volume,BB_close,BB_volume,GME_mentions,AMC_mentions,BB_mentions,reddit_score_mean,reddit_score_sum,reddit_score_count,reddit_comms_num_mean,reddit_comms_num_sum,reddit_title_count,reddit_body_count
2021-01-01,37.114835878987826,9463265,16.472695912264975,2408977,12.776531220746584,693398,30,2,17,92.0,92,1,38.0,38,1,1
2021-01-02,14.281258220528699,8351631,15.866617035866236,4391525,24.251816634533068,2134027,15,22,19,266.0,266,1,39.0,39,1,1
2021-01-03,44.31142565969409,1021385,10.357459461209524,3646257,8.514609703840216,1430822,48,0,13,345.0,345,1,25.0,25,1,1
2021-01-04,28.292133460904772,7600553,16.792146282931853,4473783,11.201671827157844,999883,45,24,2,777.0,777,1,60.0,60,1,1
2021-01-05,27.301671716273,4855363,11.792537819050567,4308561,24.003065046877996,1652539,19,5,15,992.0,992,1,27.0,27,1,1
2021-01-06,46.30123770433047,1403605,14.456175491028871,2908840,8.75930441841804,1641433,17,28,11,409.0,409,1,25.0,25,1,1
2021-01-07,44.997268265084124,5193792,8.366638076527739,3836179,23.32332294612659,800328,5,14,18,393.0,393,1,14.0,14,1,1
2021-01-08,31.874199997982466,9138908,6.520544881886004,4361652,19.2916568992871,465734,6,11,8,189.0,189,1,24.0,24,1,1
2021-01-09,34.270792250243886,4702205,14.410173685371387,1186536,8.539525833775725,2271927,45,10,8,624.0,624,1,21.0,21,1,1
2021-01-10,28.536385435584766,4506944,25.771004617169496,2958035,11.89770054306439,1742130,41,4,3,6.0,6,1,94.0,94,1,1
2021-01-11,46.02051732847058,1943205,27.01273735295563,2165750,19.986280668201985,1601093,43,27,6,757.0,757,1,32.0,32,1,1
2021-01-12,22.546265804523596,8795317,23.56037149351335,3802916,12.564994763379197,1525467,30,2,4,700.0,700,1,85.0,85,1,1
2021-01-13,19.51976975500206,2922451,11.465998676562538,2620838,17.06317335166065,1182224,7,13,6,934.0,934,1,10.0,10,1,1
2021-01-14,47.586758704292656,1830003,10.193346224551659,1320597,18.653793565002754,734301,36,12,19,759.0,759,1,9.0,9,1,1
2021-01-15,14.40783237432715,3519726,9.100055393709475,1531584,12.48559431616237,1501061,47,25,6,264.0,264,1,61.0,61,1,1
2021-01-16,44.77869764450476,9197583,10.694866835899042,792065,8.301373659874736,1794575,5,9,1,623.0,623,1,77.0,77,1,1
2021-01-17,18.85309368849308,6306611,20.250497980399928,4232443,8.578595252471402,1097002,9,22,18,570.0,570,1,73.0,73,1,1
2021-01-18,39.781700120056044,9605528,6.826681979712297,2502567,14.416950270847513,2516611,23,14,11,927.0,927,1,88.0,88,1,1
2021-01-19,39.3650627005316,6814718,8.03930998134036,1719078,20.62768470311881,902190,24,10,15,841.0,841,1,93.0,93,1,1
2021-01-20,25.177966753513907,8846765,5.861321549975128,1338326,17.207268756659214,2082440,39,15,7,144.0,144,1,55.0,55,1,1
2021-01-21,44.10775726641012,4473241,6.480006009655788,594592,12.006882961108003,817623,19,27,18,39.0,39,1,12.0,12,1,1
2021-01-22,41.618862896954425,5320858,5.599967279993094,4039479,17.023057645305727,2951273,16,2,8,526.0,526,1,68.0,68,1,1
2021-01-23,37.93730166333706,2527448,10.381003396799914,2216932,9.094915560014478,1029249,38,29,15,284.0,284,1,58.0,58,1,1
2021-01-24,10.238329253545224,7870094,10.430765996792879,4985733,15.704210672859675,1239872,24,24,17,838.0,838,1,78.0,78,1,1
2021-01-25,43.41334276062939,8036608,14.00636152010075,4045419,15.563296862470446,2923581,7,28,8,995.0,995,1,40.0,40,1,1
2021-01-26,30.98824202874949,4687228,21.946144988280395,1076154,12.133510809796443,907775,31,19,18,388.0,388,1,45.0,45,1,1
2021-01-27,49.52269233082114,9811746,24.431822886062637,2660616,24.690026859477662,1923479,37,20,2,28.0,28,1,33.0,33,1,1
2021-01-28,13.956225280176113,7550057,5.2867155676243485,4938563,23.890081134048188,2542867,26,26,15,959.0,959,1,0.0,0,1,1
2021-01-29,46.6523653885615,1695323,21.34186068447264,4141772,12.582625944819139,1214986,6,14,17,40.0,40,1,74.0,74,1,1
2021-01-30,49.49301954491239,2531624,13.97576963214663,2710442,12.869372416554306,2995267,19,5,9,221.0,221,1,65.0,65,1,1
2021-01-31,40.732571699429315,7114187,5.087466377053669,804855,15.105334233774268,347737,47,26,4,363.0,363,1,63.0,63,1,1
2021-02-01,24.56958170391583,8979779,24.993250359846524,1199945,21.172901386377415,1082689,22,8,1,804.0,804,1,12.0,12,1,1
2021-02-02,14.321567490622659,4218277,11.005090024126321,1951418,24.977713561342757,993277,33,13,13,440.0,440,1,57.0,57,1,1
2021-02-03,36.135895578116504,3684231,20.14675221266184,4329013,20.029988808490877,1571109,35,7,15,204.0,204,1,18.0,18,1,1
2021-02-04,36.73945491730295,4074994,11.840783710337556,999977,22.232895928025783,2646116,14,24,18,495.0,495,1,19.0,19,1,1
2021-02-05,18.99362376374559,6423131,7.027247034079075,1590155,12.608059372323153,1230651,23,8,19,734.0,734,1,73.0,73,1,1
2021-02-06,33.026393117920406,4760226,14.404311376073426,3278929,10.351686674618946,1617145,23,13,9,761.0,761,1,30.0,30,1,1
2021-02-07,23.69551145489501,9572338,23.22936660471948,566864,8.015390415530456,1681390,27,20,11,659.0,659,1,63.0,63,1,1
2021-02-08,13.89714467601502,3188564,6.110436434141318,2378570,23.49422468687593,1016468,1,14,0,42.0,42,1,78.0,78,1,1
2021-02-09,42.12284646571578,8202977,8.985337729934146,4549730,19.460334557787164,1145626,13,17,18,663.0,663,1,60.0,60,1,1
2021-02-10,38.09974325319038,3364891,19.056748129097123,1037140,19.31310283285881,382627,38,27,8,593.0,593,1,66.0,66,1,1
2021-02-11,48.64226716641713,7777723,6.8590029827046,1389497,20.39110830885832,1676757,1,11,17,419.0,419,1,99.0,99,1,1
2021-02-12,24.803940368239292,4402883,12.895089001405186,4821728,9.571012311630886,1528710,41,1,8,579.0,579,1,2.0,2,1,1
2021-02-13,25.16055159523315,9881356,28.704304527475692,3122097,9.16820317389857,2426721,15,26,19,785.0,785,1,24.0,24,1,1
2021-02-14,42.207530988312655,4537392,29.826330764303133,575236,23.20520479893573,2129852,41,18,8,851.0,851,1,43.0,43,1,1
2021-02-15,27.035199930483813,7281989,13.50342650193733,3801414,16.460010325029394,435293,17,11,1,90.0,90,1,53.0,53,1,1
2021-02-16,16.642757598353334,8929831,18.78631014577766,2404645,13.418848414194677,991325,27,19,10,396.0,396,1,83.0,83,1,1
2021-02-17,39.352900518774284,6034354,22.93035874625596,647279,23.333980927410135,2942838,0,10,14,331.0,331,1,66.0,66,1,1
2021-02-18,39.109382166325936,7364507,20.251373866761647,4068690,23.415518896033618,2214065,21,23,1,476.0,476,1,78.0,78,1,1
2021-02-19,24.714438965113857,8284721,13.560000600334694,1435738,13.381131111958451,1593799,46,17,4,673.0,673,1,12.0,12,1,1
2021-02-20,22.97986341188735,9450460,20.84657736403036,3406436,23.654576911027718,2143572,15,3,2,724.0,724,1,14.0,14,1,1
2021-02-21,29.619821644194097,4850523,10.951555033452188,1024517,22.88128079223199,981025,22,17,12,84.0,84,1,90.0,90,1,1
2021-02-22,32.34500248826339,2168014,18.370713960540176,4569462,21.206759959184915,2792657,24,26,13,914.0,914,1,45.0,45,1,1
2021-02-23,12.654231551599317,7614483,26.964955912589485,1173917,10.42005449907185,1724405,31,27,11,73.0,73,1,76.0,76,1,1
2021-02-24,18.17685158530526,8981419,27.398722698270824,3688807,8.11152552167681,743596,26,27,13,544.0,544,1,31.0,31,1,1
2021-02-25,37.888628275499734,3724175,13.647767494282032,2749646,21.27496162705003,1736261,26,28,17,156.0,156,1,80.0,80,1,1
2021-02-26,21.415370446329057,9734675,16.53535886968107,786416,19.262349912736752,2178863,33,19,19,736.0,736,1,14.0,14,1,1
2021-02-27,39.95043073627469,4007276,26.764466657484125,2367803,9.108051783909756,2272950,16,20,0,362.0,362,1,92.0,92,1,1
2021-02-28,46.19446226502569,6700249,6.448159076350566,1810742,24.82832609847767,1029902,47,0,11,535.0,535,1,27.0,27,1,1
2021-03-01,47.9328375723357,9716873,21.38502733927798,3485606,9.830096087498347,1821656,34,21,9,795.0,795,1,14.0,14,1,1
2021-03-02,19.213996867579226,1242278,11.86026821717827,3242012,16.469513794908895,2452085,20,7,9,541.0,541,1,68.0,68,1,1
2021-03-03,30.295236538994445,7395494,7.783782669865442,2411004,16.459852840516557,370927,2,7,10,836.0,836,1,38.0,38,1,1
2021-03-04,39.34536196607881,9881491,18.438907965377084,3099504,23.551316124018516,2182803,21,29,19,455.0,455,1,9.0,9,1,1
2021-03-05,15.631734068998666,1778162,9.316656035176251,2186967,22.566959124148326,1153503,22,16,0,399.0,399,1,32.0,32,1,1
2021-03-06,18.747723928107387,3830749,18.529218414912876,3900852,14.615022570809915,2575379,49,13,19,936.0,936,1,24.0,24,1,1
2021-03-07,45.193350887995926,7667891,25.069021628699886,1322361,14.228236493093318,2309990,6,19,19,164.0,164,1,86.0,86,1,1
2021-03-08,43.04670627545612,4530032,21.81430687202486,4647115,20.512497757821365,494077,22,8,17,475.0,475,1,72.0,72,1,1
2021-03-09,40.36957357667548,1910542,26.825502919347183,608632,16.317439985409326,818162,16,21,6,618.0,618,1,74.0,74,1,1
2021-03-10,20.78514475999895,4778020,5.538966578262401,1948614,11.250394229330805,790436,26,27,2,775.0,775,1,29.0,29,1,1
2021-03-11,32.79914904052936,1579217,29.89711205167033,2981614,22.247202000397955,621731,45,17,5,990.0,990,1,30.0,30,1,1
2021-03-12,29.948330691348318,7223899,11.71969765442682,862029,10.076180052278286,444253,37,19,19,879.0,879,1,40.0,40,1,1
2021-03-13,21.739081492914142,7534617,28.60741235984455,2743351,11.942102441861813,2716000,13,12,18,737.0,737,1,33.0,33,1,1
2021-03-14,33.56683244245754,9466853,25.707667008654084,3001328,20.877230714448533,407694,44,11,9,668.0,668,1,34.0,34,1,1
2021-03-15,42.970374172461575,8724688,11.704166063566236,2608776,13.742346133043501,2649818,35,16,12,440.0,440,1,13.0,13,1,1
2021-03-16,39.13860968843062,4032647,20.317539853961005,4578676,15.736246094330284,2282494,26,7,1,319.0,319,1,56.0,56,1,1
2021-03-17,22.03629304883332,2330089,15.29575562511907,576231,10.780039566488313,2821272,32,6,11,23.0,23,1,37.0,37,1,1
2021-03-18,22.13315982724518,4136612,5.904109812795576,1565658,21.395678850919488,2855645,41,6,19,942.0,942,1,97.0,97,1,1
2021-03-19,16.076868398104068,3061519,6.687637303237258,3359070,12.192511566882326,2740456,29,1,14,84.0,84,1,62.0,62,1,1
2021-03-20,43.71117484172507,2453839,24.65195157571343,2136588,20.455765859946595,2656741,15,28,0,720.0,720,1,86.0,86,1,1
2021-03-21,24.241670683751035,8352750,17.01257927028672,1401934,22.081560275977374,1117704,23,13,12,30.0,30,1,15.0,15,1,1
2021-03-22,42.41498625791508,1628530,24.3138315830114,3034851,15.952831084722764,2971488,28,19,1,633.0,633,1,92.0,92,1,1
2021-03-23,17.99799578422393,5739407,5.467005008616709,1048486,10.524258843913866,843980,15,12,16,749.0,749,1,6.0,6,1,1
2021-03-24,40.11458410970961,3749083,20.943698122661832,4304922,10.783781311447026,1132720,43,28,8,694.0,694,1,79.0,79,1,1
2021-03-25,49.28107374671293,4499737,21.993162880351463,929245,23.90379315580862,864007,14,10,5,901.0,901,1,51.0,51,1,1
2021-03-26,18.794906225115355,2966626,23.70209363866292,3823357,17.001984466146272,1582044,13,11,5,623.0,623,1,0.0,0,1,1
2021-03-27,44.05425795667859,6201393,8.112048291481786,4518865,17.068095636984868,2311418,19,12,17,169.0,169,1,33.0,33,1,1
2021-03-28,14.99655973809456,8561853,22.474535383278344,1717592,19.09567186443143,2250467,34,0,17,323.0,323,1,73.0,73,1,1
2021-03-29,31.59920358577503,3984930,14.871084362890507,727793,19.855930868522147,333939,9,26,0,780.0,780,1,31.0,31,1,1
2021-03-30,41.694389479356104,3240971,24.779627433508555,3918027,24.401219374271893,1865860,29,28,12,67.0,67,1,34.0,34,1,1
2021-03-31,32.279201207549974,2249926,27.892800056218736,3670821,13.969781266097126,531523,28,0,1,794.0,794,1,93.0,93,1,1
2021-04-01,44.5297519205583,8329906,5.588518383996791,2966099,22.657587458129846,923096,9,26,4,934.0,934,1,93.0,93,1,1
2021-04-02,25.237757295838406,7367058,16.853403825784692,1857921,12.34153123076507,2734524,16,3,4,494.0,494,1,75.0,75,1,1
2021-04-03,35.017326498237395,8931185,18.04346424735337,3290198,20.642216602559365,2476819,21,22,11,36.0,36,1,86.0,86,1,1
2021-04-04,17.520232528399326,2839113,25.02509565747105,3654397,13.416659189144879,1345252,43,8,16,509.0,509,1,52.0,52,1,1
2021-04-05,17.196822743350086,3820488,13.397066014503379,877560,20.277514860076923,845345,29,22,12,897.0,897,1,77.0,77,1,1
2021-04-06,36.76792031584708,5210757,14.214180772649291,2812291,9.790310692252868,2466333,47,6,8,455.0,455,1,30.0,30,1,1
2021-04-07,18.23131258358491,5812513,9.330293673264212,1898338,22.27306918541522,794167,20,12,10,360.0,360,1,26.0,26,1,1
2021-04-08,28.323769982698614,6630997,22.838347471251133,4277560,14.413871700634745,2682774,24,12,3,61.0,61,1,92.0,92,1,1
2021-04-09,46.65428459577583,7652877,21.877584688445374,2869017,23.808180032652032,1607690,18,24,15,358.0,358,1,35.0,35,1,1
2021-04-10,47.83232391181491,3469888,25.491728538754224,4850696,13.779253410009995,1454402,33,4,16,134.0,134,1,25.0,25,1,1
2021-04-11,45.44047669343149,9596083,21.68479504944429,1909357,21.85844997640792,1545467,41,8,18,147.0,147,1,51.0,51,1,1
2021-04-12,30.78034980625752,6526695,5.529085376074007,1722258,13.88396632990771,990846,1,26,12,257.0,257,1,12.0,12,1,1
2021-04-13,34.7425959663601,2019702,8.560739640799639,1234091,23.248390103659155,1834028,44,11,2,623.0,623,1,63.0,63,1,1
2021-04-14,25.488694454834032,4392165,25.41091942661164,4104336,9.337401781015313,2771409,25,13,10,708.0,708,1,20.0,20,1,1
2021-04-15,21.86118438907414,8939840,23.278217415353947,1502585,21.51082996920529,594917,23,22,18,306.0,306,1,98.0,98,1,1
2021-04-16,14.912297412826536,8647831,16.957162486493342,3916023,11.643672776421297,383135,20,21,11,729.0,729,1,31.0,31,1,1
2021-04-17,47.918146700221996,2746991,25.334339408033248,2866710,18.38075582834935,1555207,10,9,2,388.0,388,1,3.0,3,1,1
2021-04-18,15.194380313579634,4510199,13.245153664732968,4076091,18.902951542586173,651491,11,26,18,955.0,955,1,11.0,11,1,1
2021-04-19,23.90054837141865,8532636,13.774624472232484,4867734,10.635548980661293,2326758,23,0,0,3.0,3,1,84.0,84,1,1
2021-04-20,30.314887568169716,1119126,17.234472475826415,685157,11.927051697121431,2219366,35,20,2,666.0,666,1,18.0,18,1,1
2021-04-21,17.04833272199626,3331223,6.938239097903413,1160514,8.683162369528691,845395,17,23,3,776.0,776,1,73.0,73,1,1
2021-04-22,40.18880276596727,4810562,10.828036433820976,1505258,11.514687795288864,1618245,7,19,3,492.0,492,1,13.0,13,1,1
2021-04-23,13.215982090319255,7923085,13.436180582912103,4527482,16.063261364423635,2688675,49,7,17,756.0,756,1,83.0,83,1,1
2021-04-24,13.875708942571112,1247288,7.526858716785737,1713980,10.541198859592772,954131,35,22,4,880.0,880,1,64.0,64,1,1
2021-04-25,34.65258592258265,2568592,8.541996787491513,2697952,23.434825078690245,1558261,6,3,18,518.0,518,1,54.0,54,1,1
2021-04-26,48.26169073267009,6404131,18.3525641898341,3570935,24.89744032420154,1265698,8,21,10,790.0,790,1,80.0,80,1,1
2021-04-27,47.175423053633246,4408043,9.124734296245608,1398153,13.095016360266014,776394,0,19,19,690.0,690,1,62.0,62,1,1
2021-04-28,20.01391152091438,9061705,9.371396142327534,703737,18.383653382036904,1634448,28,29,10,44.0,44,1,82.0,82,1,1
2021-04-29,23.03023916757013,2840431,20.179161391845025,1004397,10.263708649030136,1863041,46,14,13,223.0,223,1,34.0,34,1,1
2021-04-30,42.05525719996076,4723073,17.57803610176553,4321161,19.992552069448358,1859018,13,8,8,980.0,980,1,59.0,59,1,1
2021-05-01,34.92543717195246,8229265,12.512264919695983,4996509,17.541833460281723,1474009,27,16,7,508.0,508,1,26.0,26,1,1
2021-05-02,48.46634346070255,5099498,11.959713027242294,760226,13.749339967950425,1533620,43,5,11,861.0,861,1,77.0,77,1,1
2021-05-03,18.278857533246264,6781993,29.37844565157794,1780310,21.61058122588237,2911775,35,21,18,994.0,994,1,81.0,81,1,1
2021-05-04,10.280411230065392,6924011,25.446374147990706,4098741,12.892227679452605,1930058,3,13,1,820.0,820,1,31.0,31,1,1
2021-05-05,24.26788332977231,8130605,23.705921441216873,4638574,21.212258226352425,513518,17,23,13,842.0,842,1,13.0,13,1,1
2021-05-06,49.34823708457726,6258731,6.48372146637778,4386825,21.63198982046776,1366201,12,28,8,535.0,535,1,47.0,47,1,1
2021-05-07,20.722788729408506,1126481,15.473412540789715,2910967,8.070307242851099,2408545,19,17,3,365.0,365,1,41.0,41,1,1
2021-05-08,15.124516893375803,2040420,22.466423461477373,589818,22.288214974787984,2443505,17,29,7,373.0,373,1,6.0,6,1,1
2021-05-09,13.526841052578815,6097443,29.65255479411257,3083255,16.169704323365316,2464023,37,23,6,522.0,522,1,5.0,5,1,1
2021-05-10,15.838747201121205,2445287,13.37547729923477,688414,16.85964844169562,671829,4,2,9,358.0,358,1,16.0,16,1,1
2021-05-11,31.795189417021234,7103955,10.44693599078642,1540802,11.413470672393181,2066852,29,6,17,818.0,818,1,0.0,0,1,1
2021-05-12,16.851745217946995,4265162,18.10339509090886,1590314,19.925619521791244,723787,13,2,18,151.0,151,1,39.0,39,1,1
2021-05-13,17.5384072958007,1468713,27.104517652655034,3790079,19.63372171174181,508258,47,2,16,420.0,420,1,75.0,75,1,1
2021-05-14,15.52166225932966,8014988,14.249174575697714,2206867,20.18480711575663,1047080,8,10,1,888.0,888,1,75.0,75,1,1
2021-05-15,47.594891408763765,1522611,11.827258243991317,3642905,22.08610529920295,2755104,34,21,4,306.0,306,1,25.0,25,1,1
2021-05-16,26.39658058115453,4218713,28.549431213801665,4212890,16.972717752138507,1093047,42,2,8,524.0,524,1,79.0,79,1,1
2021-05-17,24.328479246901775,2145014,14.965475425973183,2248107,19.872699881675125,885479,19,27,8,715.0,715,1,81.0,81,1,1
2021-05-18,25.606403376642582,5802066,13.694017137258045,949953,22.263220308168435,1535464,34,0,2,71.0,71,1,14.0,14,1,1
2021-05-19,46.604531722153,8792445,11.42811804790129,2409604,19.876887798084333,2449481,30,21,9,374.0,374,1,17.0,17,1,1
2021-05-20,40.39400529310292,4958753,23.926388899909355,3741209,19.23252920652859,1813728,10,27,12,349.0,349,1,89.0,89,1,1
2021-05-21,41.24749280359073,2263339,27.581603126904746,2359561,23.388270007345724,302460,37,17,8,58.0,58,1,66.0,66,1,1
2021-05-22,27.91558902643297,1299724,17.843993361127787,2614893,15.624972639957491,525539,9,4,2,132.0,132,1,12.0,12,1,1
2021-05-23,37.39052797455341,2767828,23.546277819098787,4237708,11.957611462840187,2220999,42,18,4,811.0,811,1,90.0,90,1,1
2021-05-24,43.20248697114083,7638655,10.536333686428469,2900671,17.543667988221127,2630549,8,17,18,271.0,271,1,15.0,15,1,1
2021-05-25,29.378087598995307,9430716,20.651384328159857,609784,10.908952956393861,1021809,31,15,16,755.0,755,1,87.0,87,1,1
2021-05-26,38.018976787401044,9779051,24.265380999204933,838741,12.126597289532807,2394843,23,0,9,123.0,123,1,80.0,80,1,1
2021-05-27,10.940708696331264,6992256,8.834382218130603,4729842,21.60413494841298,2497137,8,24,0,255.0,255,1,20.0,20,1,1
2021-05-28,23.89498245542041,1672582,24.645818057836493,2700126,12.208516258060342,1910462,44,26,17,263.0,263,1,14.0,14,1,1
2021-05-29,32.3526784249018,7686665,28.956281383760818,3062475,17.764659258449665,2677391,49,24,18,740.0,740,1,80.0,80,1,1
2021-05-30,24.21769555620442,2628585,15.122433719005183,1694005,11.396280145889047,403160,24,9,11,160.0,160,1,84.0,84,1,1
2021-05-31,16.45780757621241,2905604,19.578508225338677,3914912,13.99929711433646,2681702,43,6,5,425.0,425,1,72.0,72,1,1
2021-06-01,41.95041507067037,7610949,11.955845159174732,4931221,21.422357016475303,1959469,45,2,11,710.0,710,1,33.0,33,1,1
2021-06-02,43.912634174171735,8672095,21.028115565044715,4313686,17.909553221020992,456008,44,23,17,217.0,217,1,93.0,93,1,1
2021-06-03,10.120339315966223,5361572,24.51924587701426,831596,24.33978327251566,1045679,5,3,16,329.0,329,1,27.0,27,1,1
2021-06-04,39.87504696399202,8831199,26.168852709499316,1931119,23.785383043922934,816978,14,2,1,36.0,36,1,81.0,81,1,1
2021-06-05,21.506001167216922,8768786,17.704009201974486,4197222,24.752291135294247,1538268,49,8,9,822.0,822,1,32.0,32,1,1
2021-06-06,38.714729154079464,2725467,5.0735761496551,1778530,12.06214983414109,1610815,9,15,7,409.0,409,1,89.0,89,1,1
2021-06-07,32.116517589560296,4094997,24.28269210853498,1132972,18.188482644336254,1212885,4,16,12,114.0,114,1,44.0,44,1,1
2021-06-08,24.42470338180392,5406000,28.680341839363006,669685,20.980370827025403,314511,36,5,19,709.0,709,1,10.0,10,1,1
2021-06-09,18.42914156370214,6468105,11.18452438956482,701805,19.591743463734577,1453094,10,0,15,890.0,890,1,99.0,99,1,1
2021-06-10,17.042550131518727,3605789,29.315067176076994,2140992,9.321249261567857,2379887,7,16,15,277.0,277,1,39.0,39,1,1
2021-06-11,31.568346449598028,5533293,14.755975431462597,3532765,23.034444198489908,1250514,16,5,19,655.0,655,1,22.0,22,1,1
2021-06-12,21.951202478486355,9985158,14.583196207942086,2763144,20.705951680911667,651684,0,16,18,514.0,514,1,80.0,80,1,1
2021-06-13,35.575581167513896,1857662,25.615270313112134,1853329,21.710527369317443,2116376,10,25,2,632.0,632,1,96.0,96,1,1
2021-06-14,31.40625799038181,4959073,14.322859555052645,4760729,21.373157160334646,2764507,46,6,8,646.0,646,1,43.0,43,1,1
2021-06-15,38.78242826719101,8434068,22.773879315787173,3711621,10.621568058721136,2579498,11,4,19,198.0,198,1,63.0,63,1,1
2021-06-16,35.84038213892554,9430341,12.538540377843798,3184574,19.261215982362458,1161420,33,22,7,50.0,50,1,7.0,7,1,1
2021-06-17,19.501869670937282,4277785,20.298254453908285,4834579,12.718091094401032,389948,17,29,5,144.0,144,1,78.0,78,1,1
2021-06-18,14.750311091157528,8219173,19.364877122102055,2229622,13.762729945397552,727474,21,24,7,413.0,413,1,61.0,61,1,1
2021-06-19,34.9333632034365,4775365,18.590167464429385,4816710,13.275246169548161,1167794,15,5,14,396.0,396,1,5.0,5,1,1
2021-06-20,11.429292371185573,5060715,5.157416342944927,2539450,10.328742552643167,755877,38,29,7,608.0,608,1,2.0,2,1,1
2021-06-21,18.50343591453673,9883219,7.271082171787942,765174,8.104214953756967,2858962,34,0,18,684.0,684,1,48.0,48,1,1
2021-06-22,44.93688492103087,9995661,24.55324497162163,2836004,8.32357260300092,483270,39,7,8,354.0,354,1,63.0,63,1,1
2021-06-23,37.33291489462201,6095214,5.790707255837428,1148286,10.925125099222662,1728182,12,6,12,187.0,187,1,46.0,46,1,1
2021-06-24,43.17425316164844,6868117,28.190380385918694,2897941,19.621161443223787,997700,17,0,19,295.0,295,1,61.0,61,1,1
2021-06-25,26.656625663587306,1583255,17.73043687767539,992120,22.813101244763118,1003335,15,2,6,613.0,613,1,48.0,48,1,1
2021-06-26,43.102207932381596,8355273,23.454420138654953,1233102,18.331201393889764,2874217,4,19,5,773.0,773,1,65.0,65,1,1
2021-06-27,22.88759512665841,4572518,8.40553888577164,1567291,21.530465644190727,317796,11,11,13,482.0,482,1,55.0,55,1,1
2021-06-28,14.235686267226972,4603658,5.940694734520084,2529198,17.99461254758502,2076274,28,11,5,72.0,72,1,54.0,54,1,1
2021-06-29,11.21289961169699,8939612,19.761909387375827,2863772,12.581874840848844,1799000,29,24,6,897.0,897,1,94.0,94,1,1
2021-06-30,11.523804570606565,3647872,28.04790449889825,4662298,13.098583723378965,1256173,14,2,5,864.0,864,1,8.0,8,1,1
2021-07-01,30.253313425720116,5742251,13.730641444919263,2561400,14.10234791073823,981748,13,17,7,850.0,850,1,42.0,42,1,1
2021-07-02,10.70642668729298,4701525,19.908982678658205,621759,18.816035242129463,1164893,14,12,13,27.0,27,1,97.0,97,1,1
2021-07-03,48.91440282428921,3011881,23.68771549669592,1937357,18.987808130650393,2737233,10,18,3,543.0,543,1,69.0,69,1,1
2021-07-04,40.958529266511256,9734569,17.15506173102332,3542644,14.06407571607668,1906648,22,4,4,203.0,203,1,92.0,92,1,1
2021-07-05,21.082911190239628,8384008,26.387940291693035,1118226,14.983203526993439,988486,28,26,12,643.0,643,1,41.0,41,1,1
2021-07-06,22.40155924931972,4800963,6.735074426532703,1535435,18.827205977714115,2563946,4,26,7,934.0,934,1,2.0,2,1,1
2021-07-07,34.56510512005737,4409867,19.500229413053475,899707,12.983872749887905,1388527,22,24,11,598.0,598,1,99.0,99,1,1
2021-07-08,40.637503252980004,9931175,9.783534641942573,1330354,11.203986905154384,856630,7,28,7,992.0,992,1,15.0,15,1,1
2021-07-09,36.213138324653904,7511195,26.92224965072313,2449946,15.58905057252719,1913887,5,0,14,3.0,3,1,31.0,31,1,1
2021-07-10,38.981535373407496,7848434,10.971501690813843,3408599,14.640575456682779,489497,3,16,11,57.0,57,1,4.0,4,1,1
2021-07-11,33.97408957458187,3833285,19.56767898158688,2254999,14.797176656240387,1739378,44,18,18,255.0,255,1,26.0,26,1,1
2021-07-12,12.449191283988661,2012523,23.649741444274387,3489923,14.256350953606505,539439,25,10,16,541.0,541,1,2.0,2,1,1
2021-07-13,33.11569991919397,5591137,18.579215337171306,1055124,24.159625058711004,823430,3,5,7,622.0,622,1,80.0,80,1,1
2021-07-14,27.435652434165267,5768737,26.95444158609836,3246462,20.030988314763615,1759420,15,15,6,504.0,504,1,65.0,65,1,1
2021-07-15,39.53070930869754,4828309,18.552389859066764,4992196,16.936242283315806,2945915,28,25,5,954.0,954,1,45.0,45,1,1
2021-07-16,31.79270592304789,8028879,8.833244789149656,3271184,18.024633601975985,2289324,31,11,8,626.0,626,1,61.0,61,1,1
2021-07-17,25.6127384869229,7038518,25.129119188863157,4196284,22.15270277198057,306892,10,2,10,238.0,238,1,26.0,26,1,1
2021-07-18,26.996442260429752,8511112,10.91727860432282,1023331,18.346553408613694,2378970,37,1,10,894.0,894,1,98.0,98,1,1
2021-07-19,42.6896536097487,1142784,11.039355358764395,2551654,14.997857868734283,1065896,38,16,14,109.0,109,1,58.0,58,1,1
2021-07-20,41.492845970649334,1068989,5.6639695190204185,3512318,13.246196647194651,967510,12,7,8,397.0,397,1,95.0,95,1,1
2021-07-21,22.515874464610327,1915798,11.366356753945581,1782056,23.881770867431207,1597000,41,23,14,971.0,971,1,41.0,41,1,1
2021-07-22,40.29932421028296,9696362,10.127281387405958,3656320,9.1818413720195,722642,31,1,17,462.0,462,1,62.0,62,1,1
2021-07-23,28.252398216158863,9838917,16.29175334643763,1006723,19.92057372372553,1792092,33,14,6,38.0,38,1,20.0,20,1,1
2021-07-24,33.181941935600236,6646250,9.054919959387421,1928820,21.38227640507984,1726865,26,27,19,978.0,978,1,57.0,57,1,1
2021-07-25,33.39139909271135,2030938,12.552734778705222,4696263,20.02574183185901,2159002,8,16,8,182.0,182,1,92.0,92,1,1
2021-07-26,46.98755726645843,1459000,23.970096372082732,2219134,21.581236043746422,2024597,16,8,17,752.0,752,1,45.0,45,1,1
2021-07-27,14.416068701106589,5318986,21.31452568061485,1903349,21.88849767989682,325027,20,24,18,230.0,230,1,88.0,88,1,1
2021-07-28,21.469859204488305,9425704,24.830594998216043,921542,19.633285830035785,2740138,15,23,17,598.0,598,1,23.0,23,1,1
2021-07-29,41.59663188317274,6564343,19.2327067512402,4296963,18.536120867379875,375602,38,27,3,131.0,131,1,27.0,27,1,1
2021-07-30,49.8234939496146,6352576,26.75713245112077,4349796,22.069462472339012,2596836,33,20,16,936.0,936,1,24.0,24,1,1
2021-07-31,48.110059371454575,8897311,21.576476616974624,4765902,21.331962224417033,2494906,13,12,19,675.0,675,1,54.0,54,1,1
2021-08-01,47.95025475523787,4810172,26.777799806388245,2028908,13.388984558785092,1876829,38,15,1,647.0,647,1,72.0,72,1,1
2021-08-02,46.983806347012205,3722786,18.21126215524316,4431518,10.402890205090348,762906,1,26,0,596.0,596,1,17.0,17,1,1
2021-08-03,32.29737228923842,4160668,18.755398457141105,599436,11.616454511374148,1983355,26,22,4,231.0,231,1,29.0,29,1,1
2021-08-04,32.13830299947148,8296890,26.316781320162235,4661758,11.915534658629475,939705,43,18,3,640.0,640,1,66.0,66,1,1
2021-08-05,39.415109501749406,2438109,10.911692339548939,3308602,24.41488557513765,1637504,38,22,12,776.0,776,1,87.0,87,1,1
2021-08-06,25.4337901142641,1017744,9.669417186640365,2415796,24.228281312862247,1446366,44,25,14,367.0,367,1,82.0,82,1,1
2021-08-07,36.33804426412922,6430745,12.754687351542225,3688739,20.756297144738845,2069311,0,26,14,133.0,133,1,62.0,62,1,1
2021-08-08,35.06188223978259,4006258,20.076838140386894,2766524,17.997944500517825,945468,43,0,16,703.0,703,1,83.0,83,1,1
2021-08-09,27.666959169547344,2461132,23.93256977407554,3118613,16.79748133762078,1979277,37,25,12,675.0,675,1,23.0,23,1,1
2021-08-10,25.504284197054545,5013184,7.139047693635593,4438643,10.98001719873293,1964258,5,5,10,755.0,755,1,80.0,80,1,1
2021-08-11,13.418650258731661,2330877,19.824745792395234,2219096,10.502238090346543,900913,9,18,1,803.0,803,1,74.0,74,1,1
2021-08-12,24.220611271287005,5537709,11.976884591844179,710479,10.88380903096034,553364,18,23,19,648.0,648,1,9.0,9,1,1
2021-08-13,29.697959165684537,1695981,24.85373781643104,1238772,8.251480112912729,1264242,45,4,0,103.0,103,1,47.0,47,1,1
2021-08-14,38.58816105852695,1716026,11.60735018867204,1538360,17.828104502444184,2547653,29,9,2,547.0,547,1,28.0,28,1,1
2021-08-15,10.888283725438153,3896769,10.876616180252391,3572871,8.057872271787396,2989213,7,16,6,781.0,781,1,14.0,14,1,1
2021-08-16,16.125516973478568,2683900,16.404005889325134,1768777,18.105980431552354,2708126,32,21,5,506.0,506,1,12.0,12,1,1
2021-08-17,25.691638742055986,2659943,17.70381006637853,3753362,18.382622179140753,678451,16,1,5,221.0,221,1,83.0,83,1,1
2021-08-18,39.64428308125336,2155773,18.13595067678296,3938257,18.574889879862575,1980528,46,2,16,187.0,187,1,66.0,66,1,1
2021-08-19,19.031742728933043,7190095,14.801986005772589,3466703,14.543640381247773,2026662,5,14,5,957.0,957,1,23.0,23,1,1
2021-08-20,44.89779565977516,6412950,25.987900381444806,4501472,9.840741200945189,2640322,16,12,6,687.0,687,1,29.0,29,1,1
2021-08-21,20.214855294699127,6992571,12.474883761208947,2990300,23.11834174772774,2991934,20,23,11,768.0,768,1,55.0,55,1,1
2021-08-22,14.923866475568541,4787047,21.496919015757594,2822136,13.857097057796757,2639176,6,23,15,843.0,843,1,75.0,75,1,1
2021-08-23,15.522419037048824,2202853,5.93752347291205,3281620,14.820979280396603,817926,14,26,14,855.0,855,1,6.0,6,1,1
2021-08-24,29.114367077646147,3263617,7.528259899483998,2229719,17.061701581450144,2884351,32,28,6,143.0,143,1,83.0,83,1,1
2021-08-25,13.336291697205557,7410849,19.838013309364637,2788209,14.174478093012317,2834766,26,17,3,375.0,375,1,47.0,47,1,1
2021-08-26,14.375654854017913,2868645,25.73292063211414,2422810,21.06283032089238,2417769,10,19,10,243.0,243,1,18.0,18,1,1
2021-08-27,21.878750124078262,5015958,14.168204471774402,4971895,18.543176927731423,380689,41,21,7,691.0,691,1,26.0,26,1,1
2021-08-28,49.38687242249316,4490418,19.699551674240887,3589950,21.300768079398473,2881221,37,24,15,561.0,561,1,69.0,69,1,1
2021-08-29,28.55513697349719,4421496,11.435646046679786,4172753,24.68954215633716,1613406,22,26,6,381.0,381,1,19.0,19,1,1
2021-08-30,20.5049047692529,7122903,13.046866881806583,3127588,20.146497131351524,1347639,46,8,4,204.0,204,1,14.0,14,1,1
2021-08-31,49.11722399343526,4475381,28.966468496809625,3368917,23.67782279015878,2394103,46,11,13,510.0,510,1,6.0,6,1,1
2021-09-01,12.377210693789573,1826065,9.76508773876209,753753,16.51807238425873,1404726,33,16,4,221.0,221,1,42.0,42,1,1
2021-09-02,38.0891361658649,5415054,28.174201352431215,4696426,20.094982821495236,593938,23,6,7,605.0,605,1,20.0,20,1,1
2021-09-03,10.558338723313852,5499812,24.81483639349544,514511,24.47036788263799,2217386,8,7,14,280.0,280,1,46.0,46,1,1
2021-09-04,32.782991531102354,9277744,9.816176974314754,1485522,22.49722088167201,2531495,13,2,16,499.0,499,1,85.0,85,1,1
2021-09-05,11.248900174697344,3631723,22.55089202541288,2423742,16.014131076619414,1060509,12,14,18,152.0,152,1,67.0,67,1,1
2021-09-06,48.30614641026157,4558404,7.7636946466489425,985079,10.833353470100967,2302756,12,4,4,383.0,383,1,52.0,52,1,1
2021-09-07,23.965813344224642,5338853,8.827518948575694,1353573,8.944347712468423,2490344,34,15,9,492.0,492,1,8.0,8,1,1
2021-09-08,28.567953423581226,2208526,17.43085698268839,2518786,24.148450328134707,1990212,41,14,15,472.0,472,1,91.0,91,1,1
2021-09-09,37.25758028530898,8394753,23.440813296584903,4558182,21.308244092397544,698272,48,4,8,354.0,354,1,45.0,45,1,1
2021-09-10,11.730243717680931,8380849,14.597495012736884,1682324,24.039340748676015,1727651,18,10,2,264.0,264,1,94.0,94,1,1
2021-09-11,39.69257579996152,2530787,20.884564276116084,718915,23.019289206526203,2167492,20,25,0,937.0,937,1,29.0,29,1,1
2021-09-12,40.938736995291414,5726509,22.928508490422203,4001599,11.534694494262435,1993686,31,16,8,206.0,206,1,16.0,16,1,1
2021-09-13,25.199492897346566,1940702,16.036305969476757,4513626,14.282982212896185,1604672,7,15,0,767.0,767,1,67.0,67,1,1
2021-09-14,29.827299296134576,1713730,19.42102322113145,4861860,9.944550752184377,2862584,18,0,15,714.0,714,1,17.0,17,1,1
2021-09-15,25.26117073726757,1847173,12.228120043140017,680545,21.242940167306816,1209481,5,5,18,944.0,944,1,53.0,53,1,1
2021-09-16,15.292874005077746,3288397,27.82180150904202,4669874,22.89971131813546,1031191,21,9,17,799.0,799,1,15.0,15,1,1
2021-09-17,20.89496395764243,8748798,12.520153206089304,2721344,15.601749024233992,2858483,36,0,19,428.0,428,1,12.0,12,1,1
2021-09-18,34.199829524197256,7702874,12.709612099810172,4261665,10.483295749323354,2521683,38,1,1,15.0,15,1,4.0,4,1,1
2021-09-19,25.446482938709924,7400632,15.967986430926718,3909054,8.428818202686104,729740,20,11,7,50.0,50,1,65.0,65,1,1
2021-09-20,32.808031967630924,6704063,12.816413798347238,4184448,20.11592459008108,2743584,32,0,17,870.0,870,1,53.0,53,1,1
2021-09-21,38.425099925757884,4114358,25.900638685093565,3336365,9.511519283847026,1563939,0,16,6,759.0,759,1,25.0,25,1,1
2021-09-22,17.683676884027747,4373835,6.301271090104078,4798038,13.066635125751123,2003898,18,11,18,402.0,402,1,39.0,39,1,1
2021-09-23,23.450162081741148,6138943,19.09785169205339,521751,23.242398696946466,2983142,18,15,12,10.0,10,1,31.0,31,1,1
2021-09-24,45.60959598080705,2560192,18.79306093321487,2069990,20.853925686875485,525001,5,12,19,348.0,348,1,51.0,51,1,1
2021-09-25,34.98979961673215,4371137,11.072182205435903,4318896,20.911310894088725,2132116,1,29,2,247.0,247,1,88.0,88,1,1
2021-09-26,25.818721379522525,3645078,16.908875944907933,1534115,13.216534980766829,1363816,18,4,9,653.0,653,1,64.0,64,1,1
2021-09-27,14.730328308175178,6084789,15.288751955845646,1363660,9.815845911680105,1996460,35,9,9,391.0,391,1,13.0,13,1,1
2021-09-28,10.239812612683657,3184765,28.844319322273154,3417536,19.953355952637104,2589973,45,23,0,98.0,98,1,38.0,38,1,1
2021-09-29,39.17045531282838,2444740,17.725296279358822,2063954,23.756596700722817,965146,44,13,18,548.0,548,1,53.0,53,1,1
2021-09-30,45.160559689138616,3638838,14.892229294727612,2653135,22.81126118994169,2208125,27,28,8,390.0,390,1,10.0,10,1,1
2021-10-01,43.24184444961667,7333513,23.44216474951237,3820806,23.56150072921381,2341259,7,3,6,520.0,520,1,97.0,97,1,1
2021-10-02,18.759337702826787,3263540,7.908569575864428,721638,16.362038604356762,2697866,5,28,17,256.0,256,1,67.0,67,1,1
2021-10-03,18.9937985638537,5845900,23.47359084534014,2283609,12.014589365423069,2134614,44,6,17,78.0,78,1,40.0,40,1,1
2021-10-04,30.199302899788087,7676837,24.060020945217236,2950190,14.171800747272078,348644,41,12,10,50.0,50,1,40.0,40,1,1
2021-10-05,48.866528046513096,8635926,21.137803752699078,2678208,9.053534339261072,687543,39,7,1,308.0,308,1,10.0,10,1,1
2021-10-06,10.015059477437429,1126963,20.55373304222965,4341533,8.01092062609273,2153133,23,29,12,712.0,712,1,99.0,99,1,1
2021-10-07,45.79661309037032,1620149,16.541651388583645,2763548,15.26771941560639,1058124,44,24,14,760.0,760,1,67.0,67,1,1
2021-10-08,24.050285723354325,8699588,26.87201613542726,4807951,22.987353057316405,2730396,2,8,15,483.0,483,1,26.0,26,1,1
2021-10-09,25.269700445296056,1112159,13.229611897873031,4803157,19.65429097737315,1454113,15,2,13,243.0,243,1,86.0,86,1,1
2021-10-10,13.850552153668495,7177993,24.69486140075171,4557619,18.018360455164704,945563,34,14,18,290.0,290,1,47.0,47,1,1
2021-10-11,19.152496875994615,8062907,25.944880151576715,4565117,20.905858594956506,1702847,1,8,12,790.0,790,1,7.0,7,1,1
2021-10-12,31.434248966140235,1495661,28.94249713340727,2991478,22.975663675726302,2982011,40,0,16,526.0,526,1,1.0,1,1,1
2021-10-13,44.92709254946416,7274720,22.20516731840194,1967503,18.07006411965734,877162,21,22,18,158.0,158,1,96.0,96,1,1
2021-10-14,37.350996456626575,8594028,9.745106590675583,2204515,11.657371944517848,911885,29,9,11,704.0,704,1,85.0,85,1,1
2021-10-15,25.777232331125987,3377322,25.728255535700917,3984953,17.22774775608703,2418819,41,14,2,559.0,559,1,52.0,52,1,1
2021-10-16,34.93795862848522,7647837,24.66579005615888,3056003,22.884170566444677,2309885,25,4,6,544.0,544,1,18.0,18,1,1
2021-10-17,40.33018987016211,1791786,18.23140557533131,1453296,15.849230936107524,2534944,39,17,17,861.0,861,1,67.0,67,1,1
2021-10-18,29.54419443101851,3918922,24.686839492612172,1723967,18.02064975002375,2012535,36,23,7,868.0,868,1,55.0,55,1,1
2021-10-19,20.527894880537872,3903069,28.1844976072362,2739705,9.324067318447415,2161761,36,0,14,17.0,17,1,42.0,42,1,1
2021-10-20,24.310376535892395,1481802,18.85748547908336,3064784,14.477675482215258,1476829,15,24,17,323.0,323,1,31.0,31,1,1
2021-10-21,16.59424176553845,9437273,14.330969766633599,4177777,16.684592013343646,2916427,40,28,16,913.0,913,1,2.0,2,1,1
2021-10-22,14.258649886088545,1185893,13.837016457858882,2690144,16.211411203544596,1035482,23,6,3,749.0,749,1,29.0,29,1,1
2021-10-23,44.57497703776317,5494773,12.46833534342053,1290088,20.02344426880441,1295941,30,29,15,887.0,887,1,68.0,68,1,1
2021-10-24,12.388952153138867,8670685,17.067121364288226,2968069,10.651639366562367,1154197,2,22,18,888.0,888,1,78.0,78,1,1
2021-10-25,18.485019225843867,4064392,8.823713344368587,4906792,13.965824324154422,580855,17,20,15,997.0,997,1,29.0,29,1,1
2021-10-26,40.27078876254168,2132126,27.565014719812677,1855699,24.563217789661135,738135,15,12,18,863.0,863,1,49.0,49,1,1
2021-10-27,39.36236301821043,1776889,16.586190515986274,3317782,9.69358261003519,2669226,32,6,9,610.0,610,1,22.0,22,1,1
2021-10-28,45.69195515370947,5725728,27.22109915464028,1100806,15.253844929325345,2286888,22,18,19,309.0,309,1,48.0,48,1,1
2021-10-29,24.402571126989457,1483421,15.17418634646628,3315197,22.42855775543648,463909,20,22,14,750.0,750,1,28.0,28,1,1
2021-10-30,17.68241959251226,8118994,12.763737464221753,4283332,10.316271258783551,2245333,49,8,16,868.0,868,1,13.0,13,1,1
2021-10-31,10.621400836354887,2947628,6.833994401167646,1814251,10.083046654029822,681555,30,22,1,755.0,755,1,43.0,43,1,1
2021-11-01,47.031885925137416,5843814,13.888118256589927,2399996,23.55311943011855,2116018,25,24,16,936.0,936,1,54.0,54,1,1
2021-11-02,42.456827127040626,5319618,26.19322175176446,3924109,11.883134067217318,1006965,36,28,6,84.0,84,1,97.0,97,1,1
2021-11-03,36.77429206502616,7596882,20.313248570645655,4256720,21.424836317098006,2685983,26,17,3,355.0,355,1,87.0,87,1,1
2021-11-04,15.143588674991367,3823203,7.383691663976892,2983256,11.882314495365131,499951,46,20,12,873.0,873,1,92.0,92,1,1
2021-11-05,32.716675837592604,7411556,21.105215787244802,3556576,24.32481518281795,367535,38,8,19,148.0,148,1,56.0,56,1,1
2021-11-06,49.12276830685653,6593603,26.592556429539048,4334880,18.039056557443057,2360128,2,2,0,331.0,331,1,89.0,89,1,1
2021-11-07,21.63372435532887,4893459,25.97002022007408,977045,17.205296501792894,1203911,26,0,0,142.0,142,1,45.0,45,1,1
2021-11-08,34.12545004176077,7703240,5.743591710419595,1260470,12.407728793225932,1017682,36,4,7,161.0,161,1,62.0,62,1,1
2021-11-09,23.81406306068472,9151259,25.9961063121541,2834568,18.849039116950383,1262495,17,2,7,648.0,648,1,55.0,55,1,1
2021-11-10,40.02376884857687,6969234,20.377887231866694,3754551,16.704218282343934,2549709,40,1,2,306.0,306,1,21.0,21,1,1
2021-11-11,13.097958923419451,7722537,17.7747194650644,2112496,21.404912494774685,1755084,15,12,5,188.0,188,1,60.0,60,1,1
2021-11-12,20.184971288958728,9912161,17.676569756665558,2499108,18.621531971430546,1606081,49,2,9,890.0,890,1,74.0,74,1,1
2021-11-13,12.772415377414145,9087741,15.846538985087435,4566519,12.054306262810444,1272527,46,29,2,616.0,616,1,1.0,1,1,1
2021-11-14,34.25781485390891,3581680,28.276381438622924,949797,22.417244921851047,2163966,21,15,9,656.0,656,1,53.0,53,1,1
2021-11-15,42.98627612569342,4603987,27.03160891840086,2009511,16.476706493961856,2468385,29,19,16,53.0,53,1,89.0,89,1,1
2021-11-16,36.1380099402958,3472331,19.444261092666615,2467730,21.989005973198477,893397,4,12,10,470.0,470,1,76.0,76,1,1
2021-11-17,10.507086027971791,2861642,29.662499946594117,3053198,19.735230678577413,2723776,20,25,17,32.0,32,1,20.0,20,1,1
2021-11-18,10.09254850560831,5909729,14.176374569183352,2075936,10.705093623034065,984564,0,14,10,84.0,84,1,30.0,30,1,1
2021-11-19,42.977530152622634,8835865,26.800065671760805,1749801,11.908418998291891,373996,45,12,15,801.0,801,1,69.0,69,1,1
2021-11-20,38.05571072590752,8124902,11.979264022376803,2210685,22.194849805682686,895197,34,15,4,755.0,755,1,83.0,83,1,1
2021-11-21,10.479613421125604,7402992,5.044362258856243,4445409,19.784580865594783,690096,34,2,8,662.0,662,1,22.0,22,1,1
2021-11-22,48.87281085211791,3893953,15.784824563054816,1965945,23.678013378622204,839319,14,13,3,421.0,421,1,67.0,67,1,1
2021-11-23,16.902377308397206,7450983,6.2067338025727485,673929,11.60600018166891,348402,2,10,1,105.0,105,1,89.0,89,1,1
2021-11-24,44.75794251623209,8269417,5.449169195223378,3692476,12.751334702477418,518278,21,17,18,657.0,657,1,98.0,98,1,1
2021-11-25,28.225912883977298,9926503,24.342222071927775,2092188,23.298473839088025,2250312,21,15,18,326.0,326,1,9.0,9,1,1
2021-11-26,42.33808340774469,7031543,25.01108868402348,982307,14.028637252326996,447159,8,14,17,101.0,101,1,59.0,59,1,1
2021-11-27,10.247927398619602,5302195,19.23877021720772,3884051,24.47855283073866,2842674,35,29,17,706.0,706,1,78.0,78,1,1
2021-11-28,42.63842946594506,1265421,20.653541521812976,3382321,22.8955790134874,764001,29,14,13,617.0,617,1,39.0,39,1,1
2021-11-29,18.539901426645784,4251835,24.551122725464232,4064201,10.834428385809524,2736560,37,7,10,44.0,44,1,50.0,50,1,1
2021-11-30,35.73776350528963,7946829,13.683602456785103,2555741,23.862671325304383,410621,12,15,6,40.0,40,1,72.0,72,1,1
2021-12-01,29.437856480748344,9296342,5.4846941167656995,3614099,14.278318313441561,1059348,49,1,9,923.0,923,1,76.0,76,1,1
2021-12-02,39.79766506316971,6380591,8.208868523749167,4203459,18.08149873804457,567184,47,1,14,150.0,150,1,59.0,59,1,1
2021-12-03,38.518254734516645,2156193,19.64836993995621,1959249,15.29823222053539,1436402,30,9,0,140.0,140,1,93.0,93,1,1
2021-12-04,28.26749874532038,8993365,15.565989576878776,4324302,17.264659140878596,1464974,4,10,19,774.0,774,1,70.0,70,1,1
2021-12-05,32.94538874847449,2118120,11.308570558746032,2490750,10.403881773705724,1840771,2,12,17,15.0,15,1,32.0,32,1,1
2021-12-06,15.058142223892833,1595176,22.374649987796133,1495407,10.789456221819233,497163,33,29,10,194.0,194,1,40.0,40,1,1
2021-12-07,32.394960618922326,8489056,6.731323324647921,1687541,15.9702295939028,2880187,41,25,15,776.0,776,1,41.0,41,1,1
2021-12-08,32.38281748990352,1673149,17.52503328802165,4290112,12.056311167242573,2682742,38,4,2,627.0,627,1,49.0,49,1,1
2021-12-09,31.992819608187144,1000843,16.197311351723314,2016358,23.96555092612573,2220049,10,29,16,925.0,925,1,77.0,77,1,1
2021-12-10,30.857433400571228,3271856,16.234605604236577,3185894,13.343311957603085,1080457,37,8,0,355.0,355,1,75.0,75,1,1
2021-12-11,18.7065465897386,7558370,9.380685376438628,2261747,18.449310141494777,321601,32,25,18,262.0,262,1,7.0,7,1,1
2021-12-12,48.2616132219993,7629418,24.44753451557294,4197813,23.89455714384954,1261783,37,6,7,249.0,249,1,19.0,19,1,1
2021-12-13,39.868266539489845,4661972,6.3851645297566435,1902259,19.65538359195476,364291,34,1,6,75.0,75,1,21.0,21,1,1
2021-12-14,15.384669868355466,7566611,14.6897406801212,4499380,18.312724096618147,1659801,4,29,19,716.0,716,1,22.0,22,1,1
2021-12-15,11.57275344882538,5913308,18.63651641524118,3087341,23.571465254899145,1931374,31,9,15,548.0,548,1,79.0,79,1,1
2021-12-16,16.30862759582534,1652126,11.9330923556287,2446489,8.012860626357739,1874923,45,28,2,755.0,755,1,70.0,70,1,1
2021-12-17,18.87634580317215,4929381,6.759595816018772,4234036,24.211690102390122,1106605,8,8,6,295.0,295,1,50.0,50,1,1
2021-12-18,41.56233846282065,5606896,21.6631097242669,952147,20.871827523702954,1054165,48,12,18,680.0,680,1,74.0,74,1,1
2021-12-19,16.463624475549814,2718837,16.141368455230776,3625136,9.161930450374392,1943592,20,8,11,10.0,10,1,62.0,62,1,1
2021-12-20,27.175032523998514,6845563,25.722865464711347,2001957,18.364930705352116,2594984,43,20,1,88.0,88,1,88.0,88,1,1
2021-12-21,31.387365680991838,8477231,29.870407493118837,1919562,8.462739823326311,1920176,31,15,10,438.0,438,1,47.0,47,1,1
2021-12-22,42.84901873116161,1716313,20.54540524910995,2154338,15.40185918908207,2465879,13,7,17,26.0,26,1,81.0,81,1,1
2021-12-23,13.001375760429426,7559411,22.472164295265696,4320611,24.987304635767394,1908421,13,0,12,589.0,589,1,48.0,48,1,1
2021-12-24,24.903698086530547,7607788,10.405074603332572,972231,13.67693915321414,2745540,23,5,13,949.0,949,1,87.0,87,1,1
2021-12-25,37.878770950596795,6860212,6.951840805180577,3563648,9.264774706599765,1199600,48,20,16,930.0,930,1,55.0,55,1,1
2021-12-26,47.52285947617873,6997246,24.95742918849096,2461471,16.305533593009123,2321397,7,19,7,618.0,618,1,12.0,12,1,1
2021-12-27,13.7058599386909,9599933,12.642747459197025,1664445,19.25952121669794,529185,1,17,7,75.0,75,1,93.0,93,1,1
2021-12-28,26.219295891707276,4362552,9.043578156348252,4044411,23.400008652063637,1907933,23,17,18,399.0,399,1,63.0,63,1,1
2021-12-29,20.174649962008857,6462145,23.141102530370855,4821149,24.576869848530734,494356,42,9,10,803.0,803,1,2.0,2,1,1
2021-12-30,12.690085419655247,6254756,18.13494963528376,3102168,9.932257348789937,1319239,0,29,12,211.0,211,1,85.0,85,1,1
2021-12-31,11.445184922445634,7938008,27.66976269279843,1637051,12.092021203210194,538670,9,3,18,937.0,937,1,16.0,16,1,1
