date,post_count,total_score,avg_score,score_std,total_comments,avg_comments,comment_std,GME_close,GME_volume,AMC_close,AMC_volume,BB_close,BB_volume,GME_returns,AMC_returns,BB_returns,engagement_ratio
2020-09-29,1,4,4.0,0.0,11,11.0,0.0,2.587500095367432,20950400.0,48.59999847412109,252000.0,4.630000114440918,5843900.0,,,,11.0
2021-01-28,4508,1169707,259.47360248447205,3800.9793012479568,174380,38.682342502218276,937.9777147034652,48.400001525878906,235263200.0,86.30000305175781,59122390.0,14.649999618530272,194906600.0,17.705313909952135,0.7757202831541554,2.16414670765063,38.682342502218276
2021-01-29,2199,7055365,3208.442473851751,14705.983826275224,905911,411.9649840836744,4239.213732223487,81.25,202264400.0,132.60000610351562,60219330.0,14.100000381469728,94049200.0,0.6787189553404578,0.5365005957646343,-0.03754261101583023,411.9649840836744
2021-01-30,1002,6253251,6240.769461077844,20506.557155343755,636565,635.2944111776447,4097.5300832776475,81.25,202264400.0,132.60000610351562,60219330.0,14.100000381469728,94049200.0,0.0,0.0,0.0,635.2944111776447
2021-01-31,840,4808124,5723.957142857143,20997.017165492383,279883,333.19404761904764,878.8083866335409,81.25,202264400.0,132.60000610351562,60219330.0,14.100000381469728,94049200.0,0.0,0.0,0.0,333.19404761904764
2021-02-01,1080,3491081,3232.482407407407,10985.042147234593,495458,458.7574074074074,4030.280571283218,56.25,149528800.0,133.0,43460800.0,14.630000114440918,78506000.0,-0.3076923076923077,0.003016545083505573,0.037588632527110866,458.7574074074074
2021-02-02,1789,1014882,567.2901062045836,3605.6134203084716,154178,86.18110676355506,1427.7450163930669,22.5,312732400.0,78.19999694824219,46277590.0,11.550000190734863,80520900.0,-0.6,-0.41203009813351743,-0.21052630892776691,86.18110676355506
2021-02-03,1955,2879356,1472.816368286445,8051.046104653801,278542,142.476726342711,1564.5995406052482,23.102500915527344,170794000.0,89.69999694824219,22140510.0,12.0,50001300.0,0.026777818467881964,0.14705882926838787,0.0389610218038019,142.476726342711
2021-02-04,1324,1180613,891.7016616314199,5391.519762350205,106978,80.79909365558912,580.4775984454405,13.375,249709200.0,70.9000015258789,16298580.0,12.149999618530272,33668000.0,-0.42105834996372304,-0.20958747003314915,0.012499968210855972,80.79909365558912
2021-02-05,2434,486365,199.8212818405916,1761.2305759028561,62652,25.740345110928512,159.02076770501407,15.942500114440918,325380000.0,68.30000305175781,19709760.0,13.229999542236328,44183100.0,0.1919626253787603,-0.03667134581332954,0.08888888540036843,25.740345110928512
2021-02-06,2008,726791,361.9477091633466,3813.855144343791,75980,37.83864541832669,200.56185867088593,15.942500114440918,325380000.0,68.30000305175781,19709760.0,13.229999542236328,44183100.0,0.0,0.0,0.0,37.83864541832669
2021-02-07,429,627379,1462.4219114219113,6486.735489074589,55568,129.52913752913753,431.02311148049733,15.942500114440918,325380000.0,68.30000305175781,19709760.0,13.229999542236328,44183100.0,0.0,0.0,0.0,129.52913752913753
2021-02-08,240,889489,3706.204166666667,16207.556004406273,133621,556.7541666666667,3349.258934142352,15.0,102749200.0,61.79999923706055,12817150.0,13.760000228881836,37068900.0,-0.05911871461033824,-0.09516842641678291,0.040060521918651615,556.7541666666667
2021-02-09,147,820807,5583.721088435374,16275.626748777177,120228,817.8775510204082,3882.308676050429,12.577500343322754,107372400.0,55.0,10258810.0,13.43000030517578,23252500.0,-0.1614999771118164,-0.11003235147263057,-0.023982552195994655,817.8775510204082
2021-02-10,160,598046,3737.7875,10901.441350889652,186595,1166.21875,5878.046313298446,12.800000190734863,145820000.0,58.0,15281080.0,13.100000381469728,27277900.0,0.017690307401202476,0.05454545454545445,-0.024571847818862125,1166.21875
2021-02-11,158,527321,3337.474683544304,10446.933816891644,202719,1283.0316455696202,7274.792216194295,12.774999618530272,52226800.0,56.09999847412109,5592040.0,12.460000038146973,22895500.0,-0.001953169674379196,-0.03275864699791231,-0.04885498661725629,1283.0316455696202
2021-02-12,166,402310,2423.5542168674697,7640.31100946062,138361,833.5,4662.937927764194,13.100000381469728,58293200.0,55.900001525878906,4677300.0,13.039999961853027,18222500.0,0.025440373592500176,-0.0035650080870223144,0.0465489503956944,833.5
2021-02-13,149,456724,3065.261744966443,10486.465968349443,98460,660.8053691275168,5031.1866644364745,13.100000381469728,58293200.0,55.900001525878906,4677300.0,13.039999961853027,18222500.0,0.0,0.0,0.0,660.8053691275168
2021-02-14,100,254266,2542.66,9435.643905077934,21231,212.31,318.2601913434028,13.100000381469728,58293200.0,55.900001525878906,4677300.0,13.039999961853027,18222500.0,0.0,0.0,0.0,212.31
2021-02-15,59,315877,5353.847457627118,16550.31754129536,22605,383.135593220339,631.8122663562148,13.100000381469728,58293200.0,55.900001525878906,4677300.0,13.039999961853027,18222500.0,0.0,0.0,0.0,383.135593220339
2021-02-16,84,374586,4459.357142857143,14469.188907120826,86518,1029.9761904761904,4395.436110539647,12.3774995803833,32700000.0,56.5,6116570.0,12.210000038146973,25480200.0,-0.05515273130132292,0.010733425004350483,-0.06365030108390501,1029.9761904761904
2021-02-17,170,432122,2541.894117647059,9443.865986437318,81202,477.6588235294118,2905.583307407074,11.484999656677246,36747200.0,55.5,3884900.0,11.31999969482422,26222900.0,-0.07210664140280387,-0.017699115044247815,-0.07289110078150507,477.6588235294118
2021-02-18,243,813654,3348.3703703703704,13671.272805960174,178344,733.925925925926,5507.8066357343305,10.172499656677246,95962400.0,55.09999847412109,13054080.0,10.9399995803833,19052600.0,-0.11427949840964324,-0.007207234700520981,-0.0335689156082456,733.925925925926
2021-02-19,328,1739533,5303.454268292683,17173.808074796663,145810,444.5426829268293,2657.7713142836164,10.147500038146973,59312800.0,57.0,4024910.0,10.899999618530272,20132700.0,-0.002457568874319249,0.034482787268520276,-0.003656303783114767,444.5426829268293
2021-02-20,225,863666,3838.5155555555557,17649.24549457168,94393,419.52444444444444,2882.8082121459056,10.147500038146973,59312800.0,57.0,4024910.0,10.899999618530272,20132700.0,0.0,0.0,0.0,419.52444444444444
2021-02-21,152,547622,3602.7763157894738,12421.761426746674,31131,204.80921052631578,377.42497580967716,10.147500038146973,59312800.0,57.0,4024910.0,10.899999618530272,20132700.0,0.0,0.0,0.0,204.80921052631578
2021-02-22,130,508074,3908.2615384615383,11547.598472808402,104937,807.2076923076924,3955.9459157466313,11.5,77904000.0,65.5,17340900.0,10.68000030517578,21227500.0,0.13328405585303216,0.14912280701754388,-0.02018342394989514,807.2076923076924
2021-02-23,280,590304,2108.2285714285713,8123.758029449459,119254,425.90714285714284,3040.4667685337586,11.24250030517578,30260800.0,77.0,26487640.0,10.399999618530272,27150600.0,-0.022391277810801746,0.17557251908396942,-0.026217292007923665,425.90714285714284
2021-02-24,205,432560,2110.048780487805,7975.8893583369345,173204,844.8975609756097,6532.219324860598,22.927499771118164,332446800.0,90.9000015258789,37688180.0,11.31999969482422,40660700.0,1.0393594973320028,0.18051950033608977,0.08846154904224535,844.8975609756097
2021-02-25,556,1897219,3412.2643884892086,11153.704159260951,269741,485.1456834532374,4439.277975786792,27.1825008392334,601235200.0,82.9000015258789,44571740.0,10.579999923706056,46082800.0,0.18558504462293235,-0.08800879940274176,-0.06537100627807524,485.1456834532374
2021-02-26,491,1510191,3075.7454175152748,12344.308302687119,276648,563.4378818737271,4862.068807355568,25.434999465942383,368776800.0,80.0999984741211,13702800.0,10.050000190734863,22542400.0,-0.06428773362783413,-0.03377566948395938,-0.050094493080633185,563.4378818737271
2021-02-27,263,729638,2774.28897338403,11230.309072109589,156844,596.3650190114068,4710.615162562532,25.434999465942383,368776800.0,80.0999984741211,13702800.0,10.050000190734863,22542400.0,0.0,0.0,0.0,596.3650190114068
2021-02-28,138,558366,4046.1304347826085,13216.163839775776,29920,216.81159420289856,396.63201704462193,25.434999465942383,368776800.0,80.0999984741211,13702800.0,10.050000190734863,22542400.0,0.0,0.0,0.0,216.81159420289856
2021-03-01,150,483828,3225.52,9882.6849079352,128756,858.3733333333333,5102.378559099465,30.100000381469727,199176000.0,91.8000030517578,14358650.0,10.90999984741211,24897300.0,0.18340872866043534,0.14606747566189737,0.0855721035179764,858.3733333333333
2021-03-02,345,591318,1713.9652173913043,6106.534777364225,135944,394.0405797101449,2955.00399668791,29.545000076293945,135132000.0,89.30000305175781,7813540.0,10.5,12395300.0,-0.01843854811103096,-0.027233114563084082,-0.03758018818940334,394.0405797101449
2021-03-03,499,634228,1270.997995991984,5230.384764924338,202559,405.92985971943887,3379.9746620284004,31.045000076293945,77095600.0,85.80000305175781,5565190.0,10.149999618530272,14866300.0,0.05077001171523299,-0.039193727663944355,-0.03333336966378364,405.92985971943887
2021-03-04,411,584335,1421.7396593673966,7557.38855579604,163369,397.49148418491484,3493.9288210601285,33.087501525878906,130427600.0,80.30000305175781,7782260.0,9.84000015258789,26124100.0,0.06579163938043031,-0.0641025618225467,-0.03054182045252818,397.49148418491484
2021-03-05,390,504555,1293.7307692307693,5845.977567887481,154472,396.0820512820513,3312.7354820016944,34.435001373291016,122934800.0,80.5,5973410.0,9.449999809265137,23723400.0,0.040725342962453226,0.002490621925795855,-0.039634180617383885,396.0820512820513
2021-03-06,351,619377,1764.6068376068376,8280.919141141554,76199,217.0911680911681,2329.6805612312855,34.435001373291016,122934800.0,80.5,5973410.0,9.449999809265137,23723400.0,0.0,0.0,0.0,217.0911680911681
2021-03-07,130,375783,2890.6384615384613,12224.522257911274,35513,273.17692307692306,1179.0696139338372,34.435001373291016,122934800.0,80.5,5973410.0,9.449999809265137,23723400.0,0.0,0.0,0.0,273.17692307692306
2021-03-08,142,462353,3256.007042253521,9247.031544772677,158697,1117.5845070422536,7259.185573804789,48.625,254262400.0,92.9000015258789,11434380.0,9.75,16479500.0,0.4120806754988324,0.15403728603576283,0.031746052570364336,1117.5845070422536
2021-03-09,335,1141842,3408.4835820895523,12835.04516339099,176963,528.2477611940299,4498.76754128577,61.72499847412109,156397200.0,105.0,15041560.0,10.449999809265137,21437800.0,0.269408708979354,0.1302475594766317,0.07179485223232174,528.2477611940299
2021-03-10,618,1178187,1906.4514563106795,7954.60268208869,213850,346.0355987055016,4257.107954717004,66.25,286282400.0,98.5,26191860.0,10.34000015258789,23939100.0,0.07330905852960168,-0.06190476190476191,-0.010526283127748837,346.0355987055016
2021-03-11,453,1069108,2360.0618101545256,9247.428155533098,224338,495.22737306843266,4260.452923588795,65.0,113250000.0,102.8000030517578,8393360.0,10.699999809265137,12306200.0,-0.018867924528301883,0.04365485331733798,0.0348162138650594,495.22737306843266
2021-03-12,281,716943,2551.3985765124553,7426.78868964032,173044,615.814946619217,4336.116819549007,66.125,103383600.0,111.5999984741211,11114670.0,11.850000381469728,25863200.0,0.017307692307692246,0.08560306576968357,0.10747669090692935,615.814946619217
2021-03-13,222,591447,2664.175675675676,11229.777299651476,66178,298.0990990990991,2387.3909421158755,66.125,103383600.0,111.5999984741211,11114670.0,11.850000381469728,25863200.0,0.0,0.0,0.0,298.0990990990991
2021-03-14,151,1204696,7978.119205298013,17523.54306447079,32219,213.3708609271523,573.0015545749015,66.125,103383600.0,111.5999984741211,11114670.0,11.850000381469728,25863200.0,0.0,0.0,0.0,213.3708609271523
2021-03-15,96,499284,5200.875,13298.44809960526,122657,1277.6770833333333,6933.926320703371,55.03499984741211,96401600.0,140.39999389648438,27771330.0,11.68000030517578,25353500.0,-0.1677126677139945,0.2580644786392332,-0.01434599753766963,1277.6770833333333
2021-03-16,226,834676,3693.2566371681414,11426.503122344817,134155,593.6061946902655,4102.824695229334,52.04249954223633,141691600.0,130.1999969482422,12596760.0,11.460000038146973,19812400.0,-0.05437449465744837,-0.07264955407165152,-0.01883563880827277,593.6061946902655
2021-03-17,210,491647,2341.1761904761906,7700.848860959075,121937,580.652380952381,4043.6638140753307,52.45249938964844,65926400.0,135.60000610351562,7805360.0,11.600000381469728,9710500.0,0.007878173627678287,0.041474725667006496,0.012216434804252607,580.652380952381
2021-03-18,232,547464,2359.7586206896553,8493.991383391998,117492,506.4310344827586,3209.688600623444,50.4375,47059600.0,140.0,12141800.0,10.760000228881836,11400300.0,-0.038415698262151854,0.03244833110940615,-0.07241380387622576,506.4310344827586
2021-03-19,180,339106,1883.9222222222222,6030.8015332608675,135124,750.6888888888889,5249.217025188563,50.067501068115234,98709200.0,139.3000030517578,15320600.0,10.949999809265137,10519100.0,-0.007335790471073467,-0.004999978201729927,0.017657953191609232,750.6888888888889
2021-03-20,119,266315,2237.9411764705883,7991.9700285466815,55794,468.85714285714283,3034.4564008913376,50.067501068115234,98709200.0,139.3000030517578,15320600.0,10.949999809265137,10519100.0,0.0,0.0,0.0,468.85714285714283
2021-03-21,46,134776,2929.913043478261,9437.440481227683,10488,228.0,218.76095528122826,50.067501068115234,98709200.0,139.3000030517578,15320600.0,10.949999809265137,10519100.0,0.0,0.0,0.0,228.0
2021-03-22,68,187656,2759.6470588235293,5427.952390833526,79965,1175.9558823529412,4882.1759078344885,48.622501373291016,40246000.0,124.9000015258789,8876010.0,10.710000038146973,7903600.0,-0.028861030888247097,-0.10337402161095788,-0.02191778769850683,1175.9558823529412
2021-03-23,104,262907,2527.951923076923,6881.804477151601,94822,911.75,4691.131897589592,45.4375,57716400.0,106.5999984741211,8792320.0,10.06999969482422,12245500.0,-0.06550467958936768,-0.14651723641465375,-0.05975726807125992,911.75
2021-03-24,138,539507,3909.4710144927535,12427.848049501148,176543,1279.2971014492753,6549.44993556953,30.084999084472656,96711600.0,90.1999969482422,8185070.0,9.579999923706056,12636100.0,-0.3378817257887724,-0.15384617036237824,-0.04865936305539453,1279.2971014492753
2021-03-25,252,581675,2308.2341269841268,8659.924118247845,150350,596.6269841269841,4913.115515380859,45.9375,203849200.0,109.4000015258789,13119280.0,9.880000114440918,14363900.0,0.5269237626039707,0.21286036837289357,0.03131526024259146,596.6269841269841
2021-03-26,193,502093,2601.518134715026,8705.009440865348,117605,609.3523316062176,4281.728799285699,45.25,149722800.0,102.4000015258789,8463310.0,9.630000114440918,13197200.0,-0.014965986394557818,-0.06398537387903169,-0.025303643431601963,609.3523316062176
2021-03-27,106,245546,2316.4716981132074,7855.906531554759,58182,548.8867924528302,3111.16654992106,45.25,149722800.0,102.4000015258789,8463310.0,9.630000114440918,13197200.0,0.0,0.0,0.0,548.8867924528302
2021-03-28,44,369212,8391.181818181818,27273.626876332914,11496,261.27272727272725,459.3982091690583,45.25,149722800.0,102.4000015258789,8463310.0,9.630000114440918,13197200.0,0.0,0.0,0.0,261.27272727272725
2021-03-29,80,341714,4271.425,9927.879054760357,81575,1019.6875,4026.4754653740897,45.32500076293945,40168800.0,103.5,3733070.0,9.199999809265137,13538000.0,0.001657475424076349,0.01074217243876796,-0.0446521599237536,1019.6875
2021-03-30,89,205281,2306.5280898876404,6457.145796940937,83020,932.8089887640449,4441.5295580883885,48.6150016784668,68379600.0,103.5,3902050.0,9.34000015258789,17569600.0,0.07258689156421272,0.0,0.015217428937526867,932.8089887640449
2021-03-31,85,157929,1857.9882352941177,4872.300076511527,71949,846.4588235294118,3645.0488126359314,47.45500183105469,33575200.0,102.0999984741211,2983230.0,8.430000305175781,32865200.0,-0.02386094430448027,-0.013526584791100582,-0.09743038892349165,846.4588235294118
2021-04-01,120,215705,1797.5416666666667,9040.45053898472,73963,616.3583333333333,2959.198531046618,47.86249923706055,37337200.0,93.5999984741211,7747390.0,8.600000381469727,14709900.0,0.008587027505690514,-0.08325171525006891,0.020166081867110996,616.3583333333333
2021-04-02,74,283858,3835.9189189189187,11549.900723948313,53592,724.2162162162163,3925.7037176329973,47.86249923706055,37337200.0,93.5999984741211,7747390.0,8.600000381469727,14709900.0,0.0,0.0,0.0,724.2162162162163
2021-04-03,29,49205,1696.7241379310344,4148.492367256117,6370,219.6551724137931,321.4027597736955,47.86249923706055,37337200.0,93.5999984741211,7747390.0,8.600000381469727,14709900.0,0.0,0.0,0.0,219.6551724137931
2021-04-04,7,106745,15249.285714285714,19168.33014561854,9047,1292.4285714285713,1424.5162754590133,47.86249923706055,37337200.0,93.5999984741211,7747390.0,8.600000381469727,14709900.0,0.0,0.0,0.0,1292.4285714285713
2021-04-05,55,142440,2589.818181818182,6445.011562472488,62517,1136.6727272727273,4073.038060104182,46.73749923706055,56282000.0,106.0999984741211,9608230.0,9.300000190734863,18460000.0,-0.02350483192337971,0.13354701072410857,0.08139532304828889,1136.6727272727273
2021-04-06,65,121453,1868.5076923076922,7760.983763196271,53374,821.1384615384616,3338.1128317364964,46.125,24873200.0,102.0,4406700.0,8.989999771118164,9807300.0,-0.013105092207733371,-0.03864277599514887,-0.03333337776977008,821.1384615384616
2021-04-07,60,144875,2414.5833333333335,7394.70441598023,56170,936.1666666666666,3531.8773812461545,44.49250030517578,19073200.0,98.5,2880430.0,8.90999984741211,16106100.0,-0.035392947313262146,-0.03431372549019607,-0.008898768158267067,936.1666666666666
2021-04-08,65,178505,2746.230769230769,7762.54485045262,69293,1066.0461538461539,4099.372442180819,42.56499862670898,40189600.0,97.9000015258789,3340870.0,9.4399995803833,11406800.0,-0.04332194561433944,-0.006091355067219251,0.05948369719951563,1066.0461538461539
2021-04-09,101,182590,1807.8217821782177,6262.667673437638,68973,682.9009900990098,3460.991677265204,39.59000015258789,37849600.0,94.1999969482422,2925460.0,9.130000114440918,6685200.0,-0.06989307107023646,-0.0377937131763848,-0.03283892793666798,682.9009900990098
2021-04-10,71,228381,3216.6338028169016,9958.542400858581,37436,527.2676056338029,2704.361635568663,39.59000015258789,37849600.0,94.1999969482422,2925460.0,9.130000114440918,6685200.0,0.0,0.0,0.0,527.2676056338029
2021-04-11,27,134497,4981.37037037037,12780.84189218122,8320,308.14814814814815,398.12026629995415,39.59000015258789,37849600.0,94.1999969482422,2925460.0,9.130000114440918,6685200.0,0.0,0.0,0.0,308.14814814814815
2021-04-12,51,121694,2386.156862745098,6261.335842685805,69720,1367.0588235294117,5372.075525946242,35.272499084472656,66734400.0,86.19999694824219,5126980.0,9.029999732971191,6501800.0,-0.10905534355834068,-0.08492569277253359,-0.010952944163884037,1367.0588235294117
2021-04-13,107,226146,2113.5140186915887,8718.143984540458,70862,662.2616822429907,3083.4457334699023,35.247501373291016,27227600.0,88.4000015258789,4404910.0,9.100000381469728,6896000.0,-0.0007087025821951309,0.025522095771739917,0.0077520100297394645,662.2616822429907
2021-04-14,108,264160,2445.925925925926,9712.718402219685,91155,844.0277777777778,4171.598363428967,41.63249969482422,84552400.0,93.5,5116630.0,9.0,7711600.0,0.1811475444432913,0.05769228943540328,-0.010989052448102998,844.0277777777778
2021-04-15,86,141626,1646.8139534883721,5031.14422843675,71056,826.2325581395348,3578.568809140188,39.11000061035156,31427200.0,99.0,4519890.0,8.770000457763672,8438200.0,-0.06058966199395077,0.05882352941176472,-0.025555504692925335,826.2325581395348
2021-04-16,58,112868,1946.0,5561.573635064595,46859,807.9137931034483,3823.346165954463,38.67250061035156,20858800.0,93.3000030517578,4069670.0,8.699999809265137,7577500.0,-0.011186397166258355,-0.057575726749921174,-0.007981829514793981,807.9137931034483
2021-04-17,73,307718,4215.315068493151,18724.74655953446,47051,644.5342465753424,3109.1328600064676,38.67250061035156,20858800.0,93.3000030517578,4069670.0,8.699999809265137,7577500.0,0.0,0.0,0.0,644.5342465753424
2021-04-18,24,152543,6355.958333333333,16997.011347213924,8397,349.875,366.80907395964243,38.67250061035156,20858800.0,93.3000030517578,4069670.0,8.699999809265137,7577500.0,0.0,0.0,0.0,349.875
2021-04-19,25,28511,1140.44,3132.991409712662,17507,700.28,2328.1332743924545,41.09249877929688,42080800.0,96.5999984741211,3281430.0,8.619999885559082,6377700.0,0.06257671810075682,0.03536972469907251,-0.00919539373102718,700.28
2021-04-20,59,114834,1946.3389830508474,5280.106659091761,42342,717.6610169491526,2729.6335083680815,39.63249969482422,18634400.0,92.8000030517578,2700890.0,8.210000038146973,12637600.0,-0.0355295766342697,-0.03933742735390733,-0.04756378803426364,717.6610169491526
2021-04-21,53,49512,934.188679245283,4705.062474270927,15857,299.188679245283,1508.206526061332,39.62749862670898,15251200.0,97.8000030517578,2359820.0,8.65999984741211,9263300.0,-0.0001261860380684654,0.05387930857298917,0.054811182359836286,299.188679245283
2021-04-22,53,109119,2058.8490566037735,8122.899878634256,40359,761.4905660377359,3220.7399628910025,37.79249954223633,17383200.0,99.9000015258789,4992350.0,8.640000343322754,8636300.0,-0.04630620523789153,0.021472376365977652,-0.002309411598353739,761.4905660377359
2021-04-23,41,136170,3321.2195121951218,10928.64615245684,40713,993.0,3314.001523837912,37.79499816894531,16116400.0,101.5999984741211,2746560.0,8.850000381469727,5426100.0,6.611435441561397e-05,0.017016986208972185,0.02430555900489839,993.0
2021-04-24,49,123688,2524.2448979591836,12282.667994526902,35193,718.2244897959183,3388.7605727445184,37.79499816894531,16116400.0,101.5999984741211,2746560.0,8.850000381469727,5426100.0,0.0,0.0,0.0,718.2244897959183
2021-04-25,16,104248,6515.5,17248.380480497293,6121,382.5625,696.138680508417,37.79499816894531,16116400.0,101.5999984741211,2746560.0,8.850000381469727,5426100.0,0.0,0.0,0.0,382.5625
2021-04-26,39,110528,2834.051282051282,7329.923112789533,41392,1061.3333333333333,3770.168468477471,42.23249816894531,42128400.0,115.0,7859290.0,9.09000015258789,8168100.0,0.11740971596728689,0.13188978077880642,0.027118617036523407,1061.3333333333333
2021-04-27,113,258941,2291.5132743362833,7558.581203217029,67236,595.0088495575221,3109.2322849389534,44.442501068115234,35730800.0,114.5999984741211,5162980.0,9.289999961853027,21110700.0,0.05232943811017554,-0.003478274138077442,0.022002178867752464,595.0088495575221
2021-04-28,69,85662,1241.4782608695652,3880.769680362449,48407,701.5507246376811,3099.590464107039,44.64500045776367,23155600.0,108.5,3972050.0,9.300000190734863,12299900.0,0.004556435501640088,-0.053228608685353396,0.0010764509066629735,701.5507246376811
2021-04-29,83,123986,1493.8072289156626,5129.802127258434,55795,672.2289156626506,3136.912791518551,44.04750061035156,15041200.0,102.0,3778290.0,9.0600004196167,6870000.0,-0.013383354043805529,-0.05990783410138245,-0.02580642647268594,672.2289156626506
2021-04-30,51,72618,1423.8823529411766,4785.6825538142775,46426,910.3137254901961,3393.6651248477424,43.397499084472656,17734400.0,100.3000030517578,2774100.0,8.829999923706055,6135800.0,-0.014756831077179178,-0.016666636747472596,-0.0253863670262805,910.3137254901961
2021-05-01,35,8721,249.17142857142858,550.5772097222571,2601,74.31428571428572,156.9982711460771,43.397499084472656,17734400.0,100.3000030517578,2774100.0,8.829999923706055,6135800.0,0.0,0.0,0.0,74.31428571428572
2021-05-05,53,37929,715.6415094339623,2898.0781834647937,22309,420.92452830188677,2330.417896240406,39.869998931884766,11221600.0,91.6999969482422,2760870.0,8.220000267028809,5292300.0,-0.08128348930249774,-0.0857428299287063,-0.0690826344221781,420.92452830188677
2021-05-06,145,178574,1231.5448275862068,6405.781045685858,49118,338.7448275862069,2216.9428298500966,40.25249862670898,11771200.0,90.0,3958630.0,8.149999618530273,7009600.0,0.009593672060982161,-0.01853868053236385,-0.008515893701283028,338.7448275862069
2021-05-07,147,226725,1542.3469387755101,7143.207650852145,46509,316.38775510204084,1832.5227070636345,40.27750015258789,11738400.0,95.0999984741211,3824500.0,8.479999542236328,5591900.0,0.0006211173649310897,0.05666664971245661,0.040490790080008,316.38775510204084
2021-05-08,92,86994,945.5869565217391,3394.0871182074643,36570,397.5,2762.345656769356,40.27750015258789,11738400.0,95.0999984741211,3824500.0,8.479999542236328,5591900.0,0.0,0.0,0.0,397.5
2021-05-09,39,49047,1257.6153846153845,4510.273749513056,5331,136.69230769230768,171.315522055551,40.27750015258789,11738400.0,95.0999984741211,3824500.0,8.479999542236328,5591900.0,0.0,0.0,0.0,136.69230769230768
2021-05-10,60,101845,1697.4166666666667,5884.375065220784,38432,640.5333333333333,2768.628617673174,35.80500030517578,19226800.0,97.4000015258789,4101530.0,8.130000114440918,5755100.0,-0.11104214090915332,0.024185100827143424,-0.04127351965671322,640.5333333333333
2021-05-11,122,156941,1286.4016393442623,4890.078240783988,56501,463.12295081967216,2676.9780562574256,36.72999954223633,18738400.0,100.5,4960100.0,8.300000190734863,8230200.0,0.025834359144715213,0.03182749923568973,0.020910218192000007,463.12295081967216
2021-05-12,92,163070,1772.5,6999.060436944375,48792,530.3478260869565,2835.6256957642945,36.1974983215332,10926000.0,103.1999969482422,5442350.0,7.949999809265137,7447300.0,-0.014497719230592288,0.02686564127604174,-0.04216871968996161,530.3478260869565
2021-05-13,91,131583,1445.967032967033,7024.877489561333,51203,562.6703296703297,3073.3951803427976,41.125,35494000.0,127.6999969482422,29652500.0,7.940000057220459,13669500.0,0.13612823833009258,0.23740310779551144,-0.0012578304760489933,562.6703296703297
2021-05-14,110,141123,1282.9363636363637,5156.8541603167,46014,418.3090909090909,2205.6011256808583,39.97999954223633,17174000.0,129.8000030517578,20758990.0,8.4399995803833,9579300.0,-0.027841956419785374,0.01644484067111418,0.06297223168256183,418.3090909090909
2021-05-15,52,33071,635.9807692307693,2676.188616190355,31666,608.9615384615385,3574.055898712156,39.97999954223633,17174000.0,129.8000030517578,20758990.0,8.4399995803833,9579300.0,0.0,0.0,0.0,608.9615384615385
2021-05-16,22,34356,1561.6363636363637,3859.9928515287193,5107,232.13636363636363,333.68737799588143,39.97999954223633,17174000.0,129.8000030517578,20758990.0,8.4399995803833,9579300.0,0.0,0.0,0.0,232.13636363636363
2021-05-17,37,89929,2430.5135135135133,8156.14159058348,34028,919.6756756756756,3261.5304438769745,45.150001525878906,29848400.0,139.5,15893310.0,8.489999771118164,5199900.0,0.12931470842516646,0.07473032912313804,0.005924193509567965,919.6756756756756
2021-05-18,62,118436,1910.258064516129,8376.485604348158,42921,692.2741935483871,2781.578153125678,45.16749954223633,30954800.0,140.3000030517578,17248840.0,8.770000457763672,7234400.0,0.0003875529516292886,0.005734788901489596,0.032980058208957,692.2741935483871
2021-05-19,55,98729,1795.0727272727272,5980.046174894643,44210,803.8181818181819,3378.8712233685005,42.20750045776367,19303600.0,126.4000015258789,8902410.0,8.539999961853027,5238500.0,-0.06553382663356755,-0.09907342283343412,-0.026225824846683565,803.8181818181819
2021-05-20,59,75701,1283.0677966101696,4638.54050271466,34536,585.3559322033898,2529.242238727338,42.622501373291016,9912800.0,125.5,6141970.0,8.779999732971191,4089300.0,0.00983239734706931,-0.007120265150429184,0.02810301782086766,585.3559322033898
2021-05-21,72,66761,927.2361111111111,3152.785097821261,35344,490.8888888888889,2190.375410331449,44.1974983215332,14618800.0,120.8000030517578,5393770.0,8.520000457763672,5029000.0,0.03695224112841822,-0.03745017488639202,-0.029612674614459822,490.8888888888889
2021-05-22,60,90786,1513.1,5372.983849543717,31623,527.05,3057.538460614287,44.1974983215332,14618800.0,120.8000030517578,5393770.0,8.520000457763672,5029000.0,0.0,0.0,0.0,527.05
2021-05-23,40,26534,663.35,1671.230523926177,5265,131.625,176.68713294611456,44.1974983215332,14618800.0,120.8000030517578,5393770.0,8.520000457763672,5029000.0,0.0,0.0,0.0,131.625
2021-05-24,51,38090,746.8627450980392,2474.6918355189837,30173,591.6274509803922,2314.7092513815574,45.00249862670898,18657200.0,136.8000030517578,11331920.0,8.619999885559082,4336500.0,0.01821370746641504,0.13245032777974908,0.011737021411106552,591.6274509803922
2021-05-25,74,89969,1215.7972972972973,4898.335800645256,38954,526.4054054054054,2471.882610807847,52.35749816894531,59550000.0,164.10000610351562,21364410.0,8.59000015258789,7590900.0,0.16343535951737453,0.1995614213650927,-0.003480247490658228,526.4054054054054
2021-05-26,96,158436,1650.375,7389.565931629188,49974,520.5625,2789.8684134692962,60.63999938964844,84479600.0,195.6000061035156,37906410.0,9.4399995803833,26504900.0,0.15819130994337138,0.19195611717484962,0.09895220171088503,520.5625
2021-05-27,118,183499,1555.0762711864406,6322.959993515938,59604,505.1186440677966,3130.5294606107755,63.532501220703125,62105200.0,265.20001220703125,70554570.0,9.970000267028809,45662100.0,0.047699568934172154,0.35582824095967514,0.05614414303014059,505.1186440677966
2021-05-28,145,91552,631.3931034482758,3191.4294652861367,68671,473.5931034482759,3361.675829388752,55.5,47005600.0,261.20001220703125,66062360.0,10.06999969482422,116292700.0,-0.12643137081600686,-0.015082955565165479,0.010030032609539052,473.5931034482759
2021-05-29,39,53032,1359.7948717948718,2990.8683845427267,47412,1215.6923076923076,6104.630102824223,55.5,47005600.0,261.20001220703125,66062360.0,10.06999969482422,116292700.0,0.0,0.0,0.0,1215.6923076923076
2021-05-30,34,79511,2338.5588235294117,6978.629613635741,6928,203.76470588235293,312.35741559984433,55.5,47005600.0,261.20001220703125,66062360.0,10.06999969482422,116292700.0,0.0,0.0,0.0,203.76470588235293
2021-05-31,26,156651,6025.038461538462,14589.383736075406,7780,299.2307692307692,350.7610363415307,55.5,47005600.0,261.20001220703125,66062360.0,10.06999969482422,116292700.0,0.0,0.0,0.0,299.2307692307692
2021-06-01,27,41938,1553.2592592592594,4146.036314663334,15861,587.4444444444445,2277.177914966298,62.255001068115234,38502400.0,320.3999938964844,50869460.0,11.5600004196167,87552400.0,0.12171173095703125,0.22664616739194599,0.14796432670780613,587.4444444444445
2021-06-10,259,153112,591.1660231660231,4017.41948003081,114388,441.65250965250965,3077.632173199247,55.09749984741211,91920800.0,428.1000061035156,22486060.0,13.890000343322754,68611400.0,-0.11497070272108534,0.3361423666001293,0.20155707950945834,441.65250965250965
2021-06-11,298,135816,455.758389261745,2077.769670435239,83536,280.32214765100673,2038.0640406814027,58.334999084472656,62323200.0,494.0,21800660.0,14.18000030517578,56132800.0,0.05875945816101513,0.153935979810637,0.0208783264712038,280.32214765100673
2021-06-12,148,51602,348.6621621621622,1833.7796236784898,27183,183.6689189189189,1220.6744672293933,58.334999084472656,62323200.0,494.0,21800660.0,14.18000030517578,56132800.0,0.0,0.0,0.0,183.6689189189189
2021-06-15,110,84474,767.9454545454546,2685.79636366744,64866,589.6909090909091,2987.5169516864416,55.625,29207600.0,590.4000244140625,28558210.0,13.989999771118164,39804700.0,-0.046455800582912654,0.1951417498260375,-0.013399191112024478,589.6909090909091
2021-06-16,161,80729,501.4223602484472,1703.3932188419951,64543,400.888198757764,2370.374558993232,55.74250030517578,22259200.0,551.7999877929688,16645070.0,12.880000114440918,44085000.0,0.002112365036867958,-0.06537946311808174,-0.07934236417707452,400.888198757764
2021-06-17,151,101300,670.8609271523179,3655.0714795376853,58814,389.49668874172187,2132.6215318997174,55.897499084472656,18434400.0,607.2999877929688,30357600.0,13.510000228881836,43188000.0,0.0027806212216585635,0.10057992248601355,0.04891305192882478,389.49668874172187
2021-06-18,135,62796,465.15555555555557,1918.804983622393,53629,397.2518518518518,2046.6939913690676,53.45500183105469,17281200.0,592.5999755859375,24364590.0,12.899999618530272,38351400.0,-0.04369600238691984,-0.024205520340044084,-0.04515178386507335,397.2518518518518
2021-06-19,87,55774,641.080459770115,2648.6308583272803,36137,415.367816091954,2592.6737528504414,53.45500183105469,17281200.0,592.5999755859375,24364590.0,12.899999618530272,38351400.0,0.0,0.0,0.0,415.367816091954
2021-06-20,45,70143,1558.7333333333333,4741.539203484647,10612,235.82222222222222,435.7399813112532,53.45500183105469,17281200.0,592.5999755859375,24364590.0,12.899999618530272,38351400.0,0.0,0.0,0.0,235.82222222222222
2021-06-21,62,77594,1251.516129032258,3216.709573981174,42377,683.5,2623.401319586189,50.09249877929688,20480800.0,556.9000244140625,18587610.0,12.800000190734863,23253600.0,-0.06290343160748635,-0.06024291704800766,-0.007751893856784542,683.5
2021-06-22,128,122190,954.609375,3766.5812382269655,50435,394.0234375,2041.3415747109082,55.09999847412109,32800800.0,582.7000122070312,16949410.0,13.40999984741211,32563300.0,0.09996506097423508,0.04632786256404642,0.04765622246777679,394.0234375
2021-06-23,158,106614,674.7721518987341,3942.138788527028,44627,282.4493670886076,1638.7976155732335,54.834999084472656,14220400.0,583.0,11629180.0,13.140000343322754,22997600.0,-0.004809426442595854,0.0005148237286498603,-0.020134191436360083,282.4493670886076
2021-06-24,132,63722,482.74242424242425,2147.699030122231,46651,353.4166666666667,1881.3224074135014,53.07749938964844,15453200.0,567.0,8035120.0,12.68000030517578,22159000.0,-0.03205069251696002,-0.027444253859348233,-0.03500761233851324,353.4166666666667
2021-06-25,110,66190,601.7272727272727,3057.4076262133185,42840,389.45454545454544,2120.2553015583967,52.37749862670898,50770800.0,540.5999755859375,7759690.0,12.119999885559082,36954200.0,-0.013188276972143531,-0.04656088961915783,-0.04416406988477073,389.45454545454544
2021-06-26,81,14526,179.33333333333334,765.1071493588332,11313,139.66666666666666,832.5701321810675,52.37749862670898,50770800.0,540.5999755859375,7759690.0,12.119999885559082,36954200.0,0.0,0.0,0.0,139.66666666666666
2021-06-28,27,12325,456.48148148148147,646.696360231123,3209,118.85185185185185,163.0228166436795,53.3125,19517600.0,581.0999755859375,9931020.0,12.800000190734863,31117800.0,0.0178512032419631,0.07491676253981239,0.05610563627034337,118.85185185185185
2021-06-29,169,123268,729.396449704142,2820.0637176585183,57538,340.46153846153845,1823.9408342012262,52.720001220703125,9920000.0,564.2999877929688,6360410.0,12.239999771118164,14336800.0,-0.01111369339830015,-0.02891066683668142,-0.043750032130628336,340.46153846153845
2021-06-30,61,50689,830.9672131147541,4065.7319921805515,23845,390.9016393442623,1902.2917731420525,53.53499984741211,10158400.0,566.7999877929688,5902060.0,12.220000267028809,13816700.0,0.015459002424850654,0.004430267683998679,-0.001633946443083012,390.9016393442623
2021-07-01,125,31947,255.576,753.7157659694851,37241,297.928,1657.8939087034878,51.09000015258789,10968400.0,542.2000122070312,5754990.0,12.170000076293944,12244100.0,-0.04567105074797928,-0.04340151043708729,-0.00409166854683074,297.928
2021-07-02,91,86920,955.1648351648352,5760.014556817517,38299,420.86813186813185,1933.6790852258305,50.70750045776367,10396400.0,519.5999755859375,9027150.0,11.989999771118164,10363100.0,-0.007486782025481031,-0.04168210275226669,-0.014790493348180278,420.86813186813185
2021-07-03,58,22957,395.8103448275862,944.4360139535714,35228,607.3793103448276,3568.819952533263,50.70750045776367,10396400.0,519.5999755859375,9027150.0,11.989999771118164,10363100.0,0.0,0.0,0.0,607.3793103448276
2021-07-04,31,91970,2966.7741935483873,6281.426720683115,11752,379.0967741935484,592.2206995616137,50.70750045776367,10396400.0,519.5999755859375,9027150.0,11.989999771118164,10363100.0,0.0,0.0,0.0,379.0967741935484
2021-07-05,33,40134,1216.1818181818182,3589.975265013548,17238,522.3636363636364,1461.7197452440616,50.70750045776367,10396400.0,519.5999755859375,9027150.0,11.989999771118164,10363100.0,0.0,0.0,0.0,522.3636363636364
2021-07-06,76,46239,608.4078947368421,1974.5891871653134,32385,426.11842105263156,1785.352640924515,49.88999938964844,11072400.0,499.6000061035156,6237030.0,12.06999969482422,10881200.0,-0.016121896380914325,-0.03849109011190488,0.006672220619950542,426.11842105263156
2021-07-07,33,41929,1270.5757575757575,3528.129010452132,24560,744.2424242424242,2676.805617596082,47.665000915527344,16958000.0,450.7000122070313,9532020.0,11.4399995803833,12343300.0,-0.04459808581562652,-0.09787828922954889,-0.052195536898900885,744.2424242424242
2021-07-08,80,52896,661.2,2270.690690661814,44446,555.575,2573.073027418845,47.845001220703125,11430000.0,479.3999938964844,14507820.0,11.550000190734863,12555800.0,0.003776362146615364,0.06367867963639995,0.009615438320486058,555.575
2021-07-09,67,44523,664.5223880597015,2345.545361138396,32906,491.13432835820896,2173.0059887485454,47.807498931884766,6331600.0,461.8999938964844,5785860.0,11.789999961853027,5444500.0,-0.0007838287775427943,-0.036503963752195445,0.020779200619467142,491.13432835820896
2021-07-10,40,22647,566.175,1916.8701772112925,31224,780.6,4238.695661736109,47.807498931884766,6331600.0,461.8999938964844,5785860.0,11.789999961853027,5444500.0,0.0,0.0,0.0,780.6
2021-07-11,22,16984,772.0,2673.245539468029,3878,176.27272727272728,175.59238019539455,47.807498931884766,6331600.0,461.8999938964844,5785860.0,11.789999961853027,5444500.0,0.0,0.0,0.0,176.27272727272728
2021-07-12,36,61138,1698.2777777777778,4500.5380034652435,27039,751.0833333333334,2419.4849791403362,47.3125,6545200.0,426.1000061035156,6298640.0,11.25,7346800.0,-0.010354001839544713,-0.07750592826591773,-0.0458015236302135,751.0833333333334
2021-07-13,73,43633,597.7123287671233,2905.0103436393206,34192,468.3835616438356,2123.8038373931868,45.01499938964844,9591600.0,393.5,8680730.0,11.079999923706056,6825500.0,-0.04856011858074638,-0.07650787523245395,-0.015111117892794956,468.3835616438356
2021-07-14,63,84497,1341.2222222222222,4815.40506266739,36780,583.8095238095239,2492.8433555664315,41.90499877929688,15655200.0,334.29998779296875,13783070.0,10.65999984741211,9783400.0,-0.06908809624613088,-0.1504447578323539,-0.03790614433086248,583.8095238095239
2021-07-15,103,68581,665.8349514563107,2631.301929661613,38799,376.68932038834953,1847.0992628566587,41.70500183105469,17194400.0,360.0,19958450.0,10.56999969482422,12855700.0,-0.004772627468515811,0.07687709585842772,-0.008442791170371167,376.68932038834953
2021-07-16,70,91408,1305.8285714285714,5001.3825826767425,32998,471.4,2030.4731682434324,42.2599983215332,13151600.0,349.6000061035156,12682570.0,10.109999656677246,10336000.0,0.013307672128316517,-0.028888871934678817,-0.04351939937824423,471.4
2021-07-17,49,60337,1231.3673469387754,3920.337887722378,34471,703.4897959183673,3428.521924741823,42.2599983215332,13151600.0,349.6000061035156,12682570.0,10.109999656677246,10336000.0,0.0,0.0,0.0,703.4897959183673
2021-07-18,24,40421,1684.2083333333333,3973.7659826850554,5499,229.125,352.2793250051541,42.2599983215332,13151600.0,349.6000061035156,12682570.0,10.109999656677246,10336000.0,0.0,0.0,0.0,229.125
2021-07-19,45,55688,1237.5111111111112,3785.4501691117644,36784,817.4222222222222,3187.692543125034,43.372501373291016,9747600.0,346.20001220703125,11289130.0,9.880000114440918,12812500.0,0.026325203406147413,-0.009725382829305906,-0.022749708214324538,817.4222222222222
2021-07-20,41,16114,393.0243902439024,983.1585448900111,15198,370.6829268292683,1954.0250182511018,47.79499816894531,12404400.0,430.8999938964844,16867340.0,10.619999885559082,11079700.0,0.10196545404636703,0.24465620653647369,0.07489876139136453,370.6829268292683
2021-08-02,29,67612,2331.448275862069,8462.432576588159,28259,974.448275862069,2741.462495329909,39.41249847412109,10131600.0,352.0,5906170.0,10.100000381469728,4727200.0,-0.1753844547748249,-0.1831051172292163,-0.04896417228746319,974.448275862069
2021-08-03,59,16840,285.4237288135593,772.6362886893481,33652,570.3728813559322,2230.041123003426,38.1875,57802400.0,335.8999938964844,6174010.0,10.170000076293944,5764500.0,-0.031081472161056722,-0.04573865370316943,0.00693066259211661,570.3728813559322
2021-08-04,87,41453,476.4712643678161,1795.801264701692,36131,415.2988505747126,2014.1746253187018,36.70000076293945,9574000.0,298.3999938964844,8549660.0,9.869999885559082,7245500.0,-0.03895251684610268,-0.11164037118606351,-0.02949854360710924,415.2988505747126
2021-08-05,89,73073,821.0449438202247,3585.0806505132314,35670,400.7865168539326,1833.8085088386042,38.36000061035156,9648400.0,335.1000061035156,10856510.0,10.43000030517578,10969300.0,0.045231602531420556,0.1229893195633327,0.056737631824701484,400.7865168539326
2021-08-06,77,53954,700.7012987012987,2174.114835398142,43871,569.7532467532468,2605.934690157127,37.942501068115234,5410800.0,327.0,5285880.0,10.289999961853027,4492900.0,-0.01088372094873391,-0.0241719067621069,-0.013422851316052031,569.7532467532468
2021-08-07,34,30876,908.1176470588235,2706.724608627903,4959,145.85294117647058,174.68675555646718,37.942501068115234,5410800.0,327.0,5285880.0,10.289999961853027,4492900.0,0.0,0.0,0.0,145.85294117647058
2021-08-08,40,65321,1633.025,5821.799644605015,13238,330.95,1309.2947201079533,37.942501068115234,5410800.0,327.0,5285880.0,10.289999961853027,4492900.0,0.0,0.0,0.0,330.95
2021-08-09,59,44377,752.1525423728814,3302.291570146505,27871,472.3898305084746,1848.2948060955061,40.282501220703125,8996800.0,338.0,8105460.0,10.40999984741211,6133500.0,0.06167226953191807,0.033639143730886945,0.01166179650184107,472.3898305084746
2021-08-10,50,27366,547.32,1351.4104112340694,33968,679.36,2217.861819732819,39.76250076293945,6493200.0,317.5,11618150.0,10.369999885559082,4915700.0,-0.01290884235104095,-0.06065088757396453,-0.0038424555657387005,679.36
2021-08-11,90,50596,562.1777777777778,1755.5311215133008,32683,363.14444444444445,1594.011472482865,39.69499969482422,3781600.0,315.5,6968430.0,10.31999969482422,5142800.0,-0.0016976062073578158,-0.006299212598425252,-0.004821619217613482,363.14444444444445
2021-08-12,78,56694,726.8461538461538,1901.080055816003,38156,489.1794871794872,1969.0037743665864,40.587501525878906,5271200.0,330.70001220703125,7105000.0,10.170000076293944,3684500.0,0.022483986343777795,0.04817753472910069,-0.014534847186624011,489.1794871794872
2021-08-13,55,38242,695.3090909090909,2000.287978088704,42705,776.4545454545455,3171.3301907009272,40.630001068115234,4059200.0,334.70001220703125,5799080.0,9.880000114440918,5786900.0,0.0010471091010426647,0.012095554437100642,-0.028515236939772426,776.4545454545455
2021-08-14,27,38294,1418.2962962962963,3318.88249050113,4151,153.74074074074073,162.27886553531914,40.630001068115234,4059200.0,334.70001220703125,5799080.0,9.880000114440918,5786900.0,0.0,0.0,0.0,153.74074074074073
2021-08-15,19,25098,1320.9473684210527,3385.7222842349183,13202,694.8421052631579,1972.9689771497478,40.630001068115234,4059200.0,334.70001220703125,5799080.0,9.880000114440918,5786900.0,0.0,0.0,0.0,694.8421052631579
2021-08-16,8,727,90.875,96.15528735183669,265,33.125,25.22151859028318,40.98249816894531,6290400.0,356.8999938964844,8650660.0,9.670000076293944,7500800.0,0.008675783695873518,0.06632799784817811,-0.02125506434357549,33.125
