date,score,num_comments,total_engagement,title_length,word_count,is_weekend
2021-01-01,1409,0,1409,0,0,0
2021-01-02,1119,0,1119,0,0,1
2021-01-03,859,0,859,0,0,1
2021-01-04,1683,0,1683,0,0,0
2021-01-05,1834,0,1834,0,0,0
2021-01-06,1341,0,1341,0,0,0
2021-01-07,1124,0,1124,0,0,0
2021-01-08,1323,0,1323,0,0,0
2021-01-09,503,0,503,0,0,1
2021-01-10,936,0,936,0,0,1
2021-01-11,2677,0,2677,0,0,0
2021-01-12,1554,0,1554,0,0,0
2021-01-13,11703,0,11703,0,0,0
2021-01-14,16591,0,16591,0,0,0
2021-01-15,18105,0,18105,0,0,0
2021-01-16,6943,0,6943,0,0,1
2021-01-17,6987,0,6987,0,0,1
2021-01-18,10349,0,10349,0,0,0
2021-01-19,25744,0,25744,0,0,0
2021-01-20,20119,0,20119,0,0,0
2021-01-21,25324,0,25324,0,0,0
2021-01-22,50454,0,50454,0,0,0
2021-01-23,17626,0,17626,0,0,1
2021-01-24,4053,0,4053,0,0,1
2021-01-25,0,0,0,0,0,0
2021-01-26,0,0,0,0,0,0
2021-01-27,190129,0,190129,0,0,0
2021-01-28,353133,0,353133,0,0,0
2021-01-29,247628,0,247628,0,0,0
2021-01-30,119246,0,119246,0,0,1
2021-01-31,105434,0,105434,0,0,1
2021-02-01,291025,0,291025,0,0,0
2021-02-02,175408,0,175408,0,0,0
2021-02-03,96150,0,96150,0,0,0
2021-02-04,64497,0,64497,0,0,0
2021-02-05,38406,0,38406,0,0,0
2021-02-06,16480,0,16480,0,0,1
2021-02-07,9520,0,9520,0,0,1
2021-02-08,18502,0,18502,0,0,0
2021-02-09,22824,0,22824,0,0,0
2021-02-10,16993,0,16993,0,0,0
2021-02-11,9693,0,9693,0,0,0
2021-02-12,7419,0,7419,0,0,0
2021-02-13,4707,0,4707,0,0,1
2021-02-14,2561,0,2561,0,0,1
2021-02-15,2605,0,2605,0,0,0
2021-02-16,5573,0,5573,0,0,0
2021-02-17,6650,0,6650,0,0,0
2021-02-18,20790,0,20790,0,0,0
2021-02-19,12934,0,12934,0,0,0
2021-02-20,7995,0,7995,0,0,1
2021-02-21,6924,0,6924,0,0,1
2021-02-22,20594,0,20594,0,0,0
2021-02-23,17561,0,17561,0,0,0
2021-02-24,48753,0,48753,0,0,0
2021-02-25,84899,0,84899,0,0,0
2021-02-26,59556,0,59556,0,0,0
2021-02-27,968,0,968,0,0,1
2021-02-28,0,0,0,0,0,1
2021-03-01,0,0,0,0,0,0
2021-03-02,24334,0,24334,0,0,0
2021-03-03,21650,0,21650,0,0,0
2021-03-04,17916,0,17916,0,0,0
2021-03-05,13986,0,13986,0,0,0
2021-03-06,6421,0,6421,0,0,1
2021-03-07,4631,0,4631,0,0,1
2021-03-08,25360,0,25360,0,0,0
2021-03-09,26507,0,26507,0,0,0
2021-03-10,46990,0,46990,0,0,0
2021-03-11,25317,0,25317,0,0,0
2021-03-12,19663,0,19663,0,0,0
2021-03-13,5190,0,5190,0,0,1
2021-03-14,4448,0,4448,0,0,1
2021-03-15,22016,0,22016,0,0,0
2021-03-16,20712,0,20712,0,0,0
2021-03-17,16044,0,16044,0,0,0
2021-03-18,17140,0,17140,0,0,0
2021-03-19,23036,0,23036,0,0,0
2021-03-20,4775,0,4775,0,0,1
2021-03-21,4215,0,4215,0,0,1
2021-03-22,14615,0,14615,0,0,0
2021-03-23,24350,0,24350,0,0,0
2021-03-24,24440,0,24440,0,0,0
2021-03-25,20972,0,20972,0,0,0
2021-03-26,17862,0,17862,0,0,0
2021-03-27,3307,0,3307,0,0,1
2021-03-28,4204,0,4204,0,0,1
2021-03-29,10778,0,10778,0,0,0
2021-03-30,12242,0,12242,0,0,0
2021-03-31,12108,0,12108,0,0,0
2021-04-01,10763,0,10763,0,0,0
2021-04-02,2563,0,2563,0,0,0
2021-04-03,2702,0,2702,0,0,1
2021-04-04,1726,0,1726,0,0,1
2021-04-05,9799,0,9799,0,0,0
2021-04-06,7720,0,7720,0,0,0
2021-04-07,8268,0,8268,0,0,0
2021-04-08,8579,0,8579,0,0,0
2021-04-09,10053,0,10053,0,0,0
2021-04-10,2838,0,2838,0,0,1
2021-04-11,2201,0,2201,0,0,1
2021-04-12,10628,0,10628,0,0,0
2021-04-13,9086,0,9086,0,0,0
2021-04-14,11016,0,11016,0,0,0
2021-04-15,8625,0,8625,0,0,0
2021-04-16,14962,0,14962,0,0,0
2021-04-17,2868,0,2868,0,0,1
2021-04-18,1246,0,1246,0,0,1
2021-04-19,2853,0,2853,0,0,0
2021-04-20,1793,0,1793,0,0,0
2021-04-21,1868,0,1868,0,0,0
2021-04-22,1939,0,1939,0,0,0
2021-04-23,1726,0,1726,0,0,0
2021-04-24,840,0,840,0,0,1
2021-04-25,658,0,658,0,0,1
2021-04-26,5555,0,5555,0,0,0
2021-04-27,4018,0,4018,0,0,0
2021-04-28,4837,0,4837,0,0,0
2021-04-29,2846,0,2846,0,0,0
2021-04-30,2196,0,2196,0,0,0
2021-05-01,776,0,776,0,0,1
2021-05-02,1391,0,1391,0,0,1
2021-05-03,1161,0,1161,0,0,0
2021-05-04,942,0,942,0,0,0
2021-05-05,2888,0,2888,0,0,0
2021-05-06,4385,0,4385,0,0,0
2021-05-07,1958,0,1958,0,0,0
2021-05-08,1278,0,1278,0,0,1
2021-05-09,1300,0,1300,0,0,1
2021-05-10,3030,0,3030,0,0,0
2021-05-11,1986,0,1986,0,0,0
2021-05-12,1643,0,1643,0,0,0
2021-05-13,4290,0,4290,0,0,0
2021-05-14,3193,0,3193,0,0,0
2021-05-15,1100,0,1100,0,0,1
2021-05-16,541,0,541,0,0,1
2021-05-17,2868,0,2868,0,0,0
2021-05-18,9567,0,9567,0,0,0
2021-05-19,2663,0,2663,0,0,0
2021-05-20,1277,0,1277,0,0,0
2021-05-21,2228,0,2228,0,0,0
2021-05-22,1316,0,1316,0,0,1
2021-05-23,1024,0,1024,0,0,1
2021-05-24,1423,0,1423,0,0,0
2021-05-25,7134,0,7134,0,0,0
2021-05-26,13532,0,13532,0,0,0
2021-05-27,15115,0,15115,0,0,0
2021-05-28,13895,0,13895,0,0,0
2021-05-29,5744,0,5744,0,0,1
2021-05-30,2813,0,2813,0,0,1
2021-05-31,2291,0,2291,0,0,0
2021-06-01,6597,0,6597,0,0,0
2021-06-02,19725,0,19725,0,0,0
2021-06-03,22187,0,22187,0,0,0
2021-06-04,14012,0,14012,0,0,0
2021-06-05,5031,0,5031,0,0,1
2021-06-06,5818,0,5818,0,0,1
2021-06-07,8774,0,8774,0,0,0
2021-06-08,10022,0,10022,0,0,0
2021-06-09,13308,0,13308,0,0,0
2021-06-10,9830,0,9830,0,0,0
2021-06-11,5925,0,5925,0,0,0
2021-06-12,2455,0,2455,0,0,1
2021-06-13,1949,0,1949,0,0,1
2021-06-14,3283,0,3283,0,0,0
2021-06-15,4621,0,4621,0,0,0
2021-06-16,3394,0,3394,0,0,0
2021-06-17,3632,0,3632,0,0,0
2021-06-18,3694,0,3694,0,0,0
2021-06-19,1941,0,1941,0,0,1
2021-06-20,1440,0,1440,0,0,1
2021-06-21,2307,0,2307,0,0,0
2021-06-22,3480,0,3480,0,0,0
2021-06-23,2089,0,2089,0,0,0
2021-06-24,1815,0,1815,0,0,0
2021-06-25,1779,0,1779,0,0,0
2021-06-26,739,0,739,0,0,1
2021-06-27,2021,0,2021,0,0,1
2021-06-28,2128,0,2128,0,0,0
2021-06-29,1486,0,1486,0,0,0
2021-06-30,1193,0,1193,0,0,0
2021-07-01,1532,0,1532,0,0,0
2021-07-02,1919,0,1919,0,0,0
2021-07-03,604,0,604,0,0,1
2021-07-04,860,0,860,0,0,1
2021-07-05,685,0,685,0,0,0
2021-07-06,2545,0,2545,0,0,0
2021-07-07,1813,0,1813,0,0,0
2021-07-08,1248,0,1248,0,0,0
2021-07-09,614,0,614,0,0,0
2021-07-10,281,0,281,0,0,1
2021-07-11,408,0,408,0,0,1
2021-07-12,1978,0,1978,0,0,0
2021-07-13,1729,0,1729,0,0,0
2021-07-14,3559,0,3559,0,0,0
2021-07-15,2438,0,2438,0,0,0
2021-07-16,1377,0,1377,0,0,0
2021-07-17,686,0,686,0,0,1
2021-07-18,677,0,677,0,0,1
2021-07-19,1478,0,1478,0,0,0
2021-07-20,1112,0,1112,0,0,0
2021-07-21,940,0,940,0,0,0
2021-07-22,599,0,599,0,0,0
2021-07-23,829,0,829,0,0,0
2021-07-24,362,0,362,0,0,1
2021-07-25,324,0,324,0,0,1
2021-07-26,538,0,538,0,0,0
2021-07-27,800,0,800,0,0,0
2021-07-28,797,0,797,0,0,0
2021-07-29,817,0,817,0,0,0
2021-07-30,715,0,715,0,0,0
2021-07-31,293,0,293,0,0,1
2021-08-01,289,0,289,0,0,1
2021-08-02,680,0,680,0,0,0
2021-08-03,1165,0,1165,0,0,0
2021-08-04,3206,0,3206,0,0,0
2021-08-05,1445,0,1445,0,0,0
2021-08-06,599,0,599,0,0,0
2021-08-07,377,0,377,0,0,1
2021-08-08,561,0,561,0,0,1
2021-08-09,1740,0,1740,0,0,0
2021-08-10,752,0,752,0,0,0
2021-08-11,609,0,609,0,0,0
2021-08-12,598,0,598,0,0,0
2021-08-13,566,0,566,0,0,0
2021-08-14,252,0,252,0,0,1
2021-08-15,484,0,484,0,0,1
2021-08-16,758,0,758,0,0,0
2021-08-17,720,0,720,0,0,0
2021-08-18,826,0,826,0,0,0
2021-08-19,1715,0,1715,0,0,0
2021-08-20,531,0,531,0,0,0
2021-08-21,337,0,337,0,0,1
2021-08-22,223,0,223,0,0,1
2021-08-23,1221,0,1221,0,0,0
2021-08-24,4385,0,4385,0,0,0
2021-08-25,3510,0,3510,0,0,0
2021-08-26,1428,0,1428,0,0,0
2021-08-27,1234,0,1234,0,0,0
2021-08-28,290,0,290,0,0,1
2021-08-29,406,0,406,0,0,1
2021-08-30,2213,0,2213,0,0,0
2021-08-31,1375,0,1375,0,0,0
2021-09-01,1220,0,1220,0,0,0
2021-09-02,2076,0,2076,0,0,0
2021-09-03,853,0,853,0,0,0
2021-09-04,444,0,444,0,0,1
2021-09-05,409,0,409,0,0,1
2021-09-06,951,0,951,0,0,0
2021-09-07,1229,0,1229,0,0,0
2021-09-08,2442,0,2442,0,0,0
2021-09-09,1461,0,1461,0,0,0
2021-09-10,785,0,785,0,0,0
2021-09-11,539,0,539,0,0,1
2021-09-12,606,0,606,0,0,1
2021-09-13,678,0,678,0,0,0
2021-09-14,801,0,801,0,0,0
2021-09-15,817,0,817,0,0,0
2021-09-16,1358,0,1358,0,0,0
2021-09-17,907,0,907,0,0,0
2021-09-18,512,0,512,0,0,1
2021-09-19,226,0,226,0,0,1
2021-09-20,809,0,809,0,0,0
2021-09-21,529,0,529,0,0,0
2021-09-22,843,0,843,0,0,0
2021-09-23,1015,0,1015,0,0,0
2021-09-24,1039,0,1039,0,0,0
2021-09-25,440,0,440,0,0,1
2021-09-26,331,0,331,0,0,1
2021-09-27,539,0,539,0,0,0
2021-09-28,762,0,762,0,0,0
2021-09-29,763,0,763,0,0,0
2021-09-30,900,0,900,0,0,0
2021-10-01,572,0,572,0,0,0
2021-10-02,369,0,369,0,0,1
2021-10-03,571,0,571,0,0,1
2021-10-04,623,0,623,0,0,0
2021-10-05,398,0,398,0,0,0
2021-10-06,927,0,927,0,0,0
2021-10-07,764,0,764,0,0,0
2021-10-08,266,0,266,0,0,0
2021-10-09,193,0,193,0,0,1
2021-10-10,338,0,338,0,0,1
2021-10-11,681,0,681,0,0,0
2021-10-12,1627,0,1627,0,0,0
2021-10-13,732,0,732,0,0,0
2021-10-14,750,0,750,0,0,0
2021-10-15,696,0,696,0,0,0
2021-10-16,184,0,184,0,0,1
2021-10-17,360,0,360,0,0,1
2021-10-18,653,0,653,0,0,0
2021-10-19,1547,0,1547,0,0,0
2021-10-20,593,0,593,0,0,0
2021-10-21,658,0,658,0,0,0
2021-10-22,745,0,745,0,0,0
2021-10-23,1581,0,1581,0,0,1
2021-10-24,240,0,240,0,0,1
2021-10-25,373,0,373,0,0,0
2021-10-26,452,0,452,0,0,0
2021-10-27,608,0,608,0,0,0
2021-10-28,613,0,613,0,0,0
2021-10-29,419,0,419,0,0,0
2021-10-30,224,0,224,0,0,1
2021-10-31,157,0,157,0,0,1
2021-11-01,1716,0,1716,0,0,0
2021-11-02,1450,0,1450,0,0,0
2021-11-03,1926,0,1926,0,0,0
2021-11-04,1667,0,1667,0,0,0
2021-11-05,690,0,690,0,0,0
2021-11-06,510,0,510,0,0,1
2021-11-07,315,0,315,0,0,1
2021-11-08,665,0,665,0,0,0
2021-11-09,746,0,746,0,0,0
2021-11-10,475,0,475,0,0,0
2021-11-11,454,0,454,0,0,0
2021-11-12,362,0,362,0,0,0
2021-11-13,529,0,529,0,0,1
2021-11-14,267,0,267,0,0,1
2021-11-15,416,0,416,0,0,0
2021-11-16,558,0,558,0,0,0
2021-11-17,351,0,351,0,0,0
2021-11-18,313,0,313,0,0,0
2021-11-19,781,0,781,0,0,0
2021-11-20,497,0,497,0,0,1
2021-11-21,591,0,591,0,0,1
2021-11-22,855,0,855,0,0,0
2021-11-23,1388,0,1388,0,0,0
2021-11-24,623,0,623,0,0,0
2021-11-25,416,0,416,0,0,0
2021-11-26,430,0,430,0,0,0
2021-11-27,137,0,137,0,0,1
2021-11-28,384,0,384,0,0,1
2021-11-29,1238,0,1238,0,0,0
2021-11-30,848,0,848,0,0,0
2021-12-01,628,0,628,0,0,0
2021-12-02,472,0,472,0,0,0
2021-12-03,791,0,791,0,0,0
2021-12-04,675,0,675,0,0,1
2021-12-05,264,0,264,0,0,1
2021-12-06,593,0,593,0,0,0
2021-12-07,442,0,442,0,0,0
2021-12-08,1478,0,1478,0,0,0
2021-12-09,1621,0,1621,0,0,0
2021-12-10,1571,0,1571,0,0,0
2021-12-11,1039,0,1039,0,0,1
2021-12-12,447,0,447,0,0,1
2021-12-13,1637,0,1637,0,0,0
2021-12-14,1637,0,1637,0,0,0
2021-12-15,1012,0,1012,0,0,0
2021-12-16,449,0,449,0,0,0
2021-12-17,1396,0,1396,0,0,0
2021-12-18,801,0,801,0,0,1
2021-12-19,515,0,515,0,0,1
2021-12-20,582,0,582,0,0,0
2021-12-21,679,0,679,0,0,0
2021-12-22,664,0,664,0,0,0
2021-12-23,840,0,840,0,0,0
2021-12-24,139,0,139,0,0,0
2021-12-25,297,0,297,0,0,1
2021-12-26,421,0,421,0,0,1
2021-12-27,421,0,421,0,0,0
2021-12-28,454,0,454,0,0,0
2021-12-29,995,0,995,0,0,0
2021-12-30,1121,0,1121,0,0,0
2021-12-31,976,0,976,0,0,0
2022-01-01,324,0,324,0,0,1
2022-01-02,292,0,292,0,0,1
2022-01-03,275,0,275,0,0,0
2022-01-04,1141,0,1141,0,0,0
2022-01-05,1743,0,1743,0,0,0
2022-01-06,4139,0,4139,0,0,0
2022-01-07,4385,0,4385,0,0,0
2022-01-08,1332,0,1332,0,0,1
2022-01-09,1478,0,1478,0,0,1
2022-01-10,2437,0,2437,0,0,0
2022-01-11,1779,0,1779,0,0,0
2022-01-12,1584,0,1584,0,0,0
2022-01-13,2830,0,2830,0,0,0
2022-01-14,2444,0,2444,0,0,0
2022-01-15,1057,0,1057,0,0,1
2022-01-16,1199,0,1199,0,0,1
2022-01-17,1213,0,1213,0,0,0
2022-01-18,4609,0,4609,0,0,0
2022-01-19,3643,0,3643,0,0,0
2022-01-20,1719,0,1719,0,0,0
2022-01-21,2045,0,2045,0,0,0
2022-01-22,1014,0,1014,0,0,1
2022-01-23,732,0,732,0,0,1
2022-01-24,1407,0,1407,0,0,0
2022-01-25,1350,0,1350,0,0,0
2022-01-26,2505,0,2505,0,0,0
2022-01-27,2564,0,2564,0,0,0
2022-01-28,2570,0,2570,0,0,0
2022-01-29,865,0,865,0,0,1
2022-01-30,703,0,703,0,0,1
2022-01-31,1793,0,1793,0,0,0
2022-02-01,1246,0,1246,0,0,0
2022-02-02,473,0,473,0,0,0
2022-02-03,1196,0,1196,0,0,0
2022-02-04,472,0,472,0,0,0
2022-02-05,261,0,261,0,0,1
2022-02-06,305,0,305,0,0,1
2022-02-07,286,0,286,0,0,0
2022-02-08,640,0,640,0,0,0
2022-02-09,511,0,511,0,0,0
2022-02-10,578,0,578,0,0,0
2022-02-11,459,0,459,0,0,0
2022-02-12,950,0,950,0,0,1
2022-02-13,312,0,312,0,0,1
2022-02-14,253,0,253,0,0,0
2022-02-15,337,0,337,0,0,0
2022-02-16,783,0,783,0,0,0
2022-02-17,633,0,633,0,0,0
2022-02-18,397,0,397,0,0,0
2022-02-19,138,0,138,0,0,1
2022-02-20,152,0,152,0,0,1
2022-02-21,322,0,322,0,0,0
2022-02-22,285,0,285,0,0,0
2022-02-23,317,0,317,0,0,0
2022-02-24,386,0,386,0,0,0
2022-02-25,328,0,328,0,0,0
2022-02-26,109,0,109,0,0,1
2022-02-27,171,0,171,0,0,1
2022-02-28,211,0,211,0,0,0
2022-03-01,520,0,520,0,0,0
2022-03-02,461,0,461,0,0,0
2022-03-03,297,0,297,0,0,0
2022-03-04,301,0,301,0,0,0
2022-03-05,225,0,225,0,0,1
2022-03-06,287,0,287,0,0,1
2022-03-07,493,0,493,0,0,0
2022-03-08,228,0,228,0,0,0
2022-03-09,202,0,202,0,0,0
2022-03-10,154,0,154,0,0,0
2022-03-11,260,0,260,0,0,0
2022-03-12,297,0,297,0,0,1
2022-03-13,261,0,261,0,0,1
2022-03-14,532,0,532,0,0,0
2022-03-15,941,0,941,0,0,0
2022-03-16,1428,0,1428,0,0,0
2022-03-17,3326,0,3326,0,0,0
2022-03-18,1192,0,1192,0,0,0
2022-03-19,647,0,647,0,0,1
2022-03-20,345,0,345,0,0,1
2022-03-21,1407,0,1407,0,0,0
2022-03-22,3493,0,3493,0,0,0
2022-03-23,4711,0,4711,0,0,0
2022-03-24,3939,0,3939,0,0,0
2022-03-25,2504,0,2504,0,0,0
2022-03-26,1369,0,1369,0,0,1
2022-03-27,1343,0,1343,0,0,1
2022-03-28,4375,0,4375,0,0,0
2022-03-29,4462,0,4462,0,0,0
2022-03-30,1928,0,1928,0,0,0
2022-03-31,4041,0,4041,0,0,0
2022-04-01,2667,0,2667,0,0,0
2022-04-02,804,0,804,0,0,1
2022-04-03,2902,0,2902,0,0,1
2022-04-04,3373,0,3373,0,0,0
2022-04-05,936,0,936,0,0,0
2022-04-06,1066,0,1066,0,0,0
2022-04-07,702,0,702,0,0,0
2022-04-08,520,0,520,0,0,0
2022-04-09,473,0,473,0,0,1
2022-04-10,479,0,479,0,0,1
2022-04-11,733,0,733,0,0,0
2022-04-12,628,0,628,0,0,0
2022-04-13,438,0,438,0,0,0
2022-04-14,335,0,335,0,0,0
2022-04-15,343,0,343,0,0,0
2022-04-16,247,0,247,0,0,1
2022-04-17,490,0,490,0,0,1
2022-04-18,620,0,620,0,0,0
2022-04-19,645,0,645,0,0,0
2022-04-20,543,0,543,0,0,0
2022-04-21,595,0,595,0,0,0
2022-04-22,520,0,520,0,0,0
2022-04-23,613,0,613,0,0,1
2022-04-24,417,0,417,0,0,1
2022-04-25,637,0,637,0,0,0
2022-04-26,604,0,604,0,0,0
2022-04-27,407,0,407,0,0,0
2022-04-28,430,0,430,0,0,0
2022-04-29,681,0,681,0,0,0
2022-04-30,355,0,355,0,0,1
2022-05-01,530,0,530,0,0,1
2022-05-02,476,0,476,0,0,0
2022-05-03,266,0,266,0,0,0
2022-05-04,281,0,281,0,0,0
2022-05-05,306,0,306,0,0,0
2022-05-06,236,0,236,0,0,0
2022-05-07,216,0,216,0,0,1
2022-05-08,330,0,330,0,0,1
2022-05-09,730,0,730,0,0,0
2022-05-10,633,0,633,0,0,0
2022-05-11,870,0,870,0,0,0
2022-05-12,1510,0,1510,0,0,0
2022-05-13,749,0,749,0,0,0
2022-05-14,293,0,293,0,0,1
2022-05-15,360,0,360,0,0,1
2022-05-16,571,0,571,0,0,0
2022-05-17,463,0,463,0,0,0
2022-05-18,555,0,555,0,0,0
2022-05-19,562,0,562,0,0,0
2022-05-20,389,0,389,0,0,0
2022-05-21,258,0,258,0,0,1
2022-05-22,302,0,302,0,0,1
2022-05-23,853,0,853,0,0,0
2022-05-24,374,0,374,0,0,0
2022-05-25,2174,0,2174,0,0,0
2022-05-26,2051,0,2051,0,0,0
2022-05-27,1277,0,1277,0,0,0
2022-05-28,893,0,893,0,0,1
2022-05-29,498,0,498,0,0,1
2022-05-30,410,0,410,0,0,0
2022-05-31,519,0,519,0,0,0
2022-06-01,2018,0,2018,0,0,0
2022-06-02,1362,0,1362,0,0,0
2022-06-03,1140,0,1140,0,0,0
2022-06-04,720,0,720,0,0,1
2022-06-05,959,0,959,0,0,1
2022-06-06,699,0,699,0,0,0
2022-06-07,816,0,816,0,0,0
2022-06-08,1699,0,1699,0,0,0
2022-06-09,838,0,838,0,0,0
2022-06-10,477,0,477,0,0,0
2022-06-11,146,0,146,0,0,1
2022-06-12,211,0,211,0,0,1
2022-06-13,381,0,381,0,0,0
2022-06-14,392,0,392,0,0,0
2022-06-15,274,0,274,0,0,0
2022-06-16,491,0,491,0,0,0
2022-06-17,435,0,435,0,0,0
2022-06-18,176,0,176,0,0,1
2022-06-19,357,0,357,0,0,1
2022-06-20,332,0,332,0,0,0
2022-06-21,368,0,368,0,0,0
2022-06-22,431,0,431,0,0,0
2022-06-23,570,0,570,0,0,0
2022-06-24,389,0,389,0,0,0
2022-06-25,158,0,158,0,0,1
2022-06-26,278,0,278,0,0,1
2022-06-27,526,0,526,0,0,0
2022-06-28,271,0,271,0,0,0
2022-06-29,893,0,893,0,0,0
2022-06-30,399,0,399,0,0,0
2022-07-01,186,0,186,0,0,0
2022-07-02,163,0,163,0,0,1
2022-07-03,314,0,314,0,0,1
2022-07-04,204,0,204,0,0,0
2022-07-05,947,0,947,0,0,0
2022-07-06,3430,0,3430,0,0,0
2022-07-07,3867,0,3867,0,0,0
2022-07-08,2261,0,2261,0,0,0
2022-07-09,555,0,555,0,0,1
2022-07-10,664,0,664,0,0,1
2022-07-11,1795,0,1795,0,0,0
2022-07-12,2479,0,2479,0,0,0
2022-07-13,937,0,937,0,0,0
2022-07-14,631,0,631,0,0,0
2022-07-15,509,0,509,0,0,0
2022-07-16,161,0,161,0,0,1
2022-07-17,339,0,339,0,0,1
2022-07-18,867,0,867,0,0,0
2022-07-19,974,0,974,0,0,0
2022-07-20,1143,0,1143,0,0,0
2022-07-21,1356,0,1356,0,0,0
2022-07-22,2621,0,2621,0,0,0
2022-07-23,748,0,748,0,0,1
2022-07-24,593,0,593,0,0,1
2022-07-25,1453,0,1453,0,0,0
2022-07-26,772,0,772,0,0,0
2022-07-27,1327,0,1327,0,0,0
2022-07-28,812,0,812,0,0,0
2022-07-29,1324,0,1324,0,0,0
2022-07-30,712,0,712,0,0,1
2022-07-31,487,0,487,0,0,1
2022-08-01,547,0,547,0,0,0
2022-08-02,808,0,808,0,0,0
2022-08-03,1290,0,1290,0,0,0
2022-08-04,1901,0,1901,0,0,0
2022-08-05,3662,0,3662,0,0,0
2022-08-06,1486,0,1486,0,0,1
2022-08-07,1898,0,1898,0,0,1
2022-08-08,4137,0,4137,0,0,0
2022-08-09,2099,0,2099,0,0,0
2022-08-10,1261,0,1261,0,0,0
2022-08-11,1238,0,1238,0,0,0
2022-08-12,1967,0,1967,0,0,0
2022-08-13,1010,0,1010,0,0,1
2022-08-14,1622,0,1622,0,0,1
2022-08-15,2829,0,2829,0,0,0
2022-08-16,4492,0,4492,0,0,0
2022-08-17,3580,0,3580,0,0,0
2022-08-18,5035,0,5035,0,0,0
2022-08-19,3309,0,3309,0,0,0
2022-08-20,1271,0,1271,0,0,1
2022-08-21,1460,0,1460,0,0,1
2022-08-22,3707,0,3707,0,0,0
2022-08-23,1580,0,1580,0,0,0
2022-08-24,943,0,943,0,0,0
2022-08-25,911,0,911,0,0,0
2022-08-26,641,0,641,0,0,0
2022-08-27,461,0,461,0,0,1
2022-08-28,481,0,481,0,0,1
2022-08-29,621,0,621,0,0,0
2022-08-30,1067,0,1067,0,0,0
2022-08-31,1841,0,1841,0,0,0
2022-09-01,1523,0,1523,0,0,0
2022-09-02,920,0,920,0,0,0
2022-09-03,1141,0,1141,0,0,1
2022-09-04,792,0,792,0,0,1
2022-09-05,665,0,665,0,0,0
2022-09-06,1259,0,1259,0,0,0
2022-09-07,2257,0,2257,0,0,0
2022-09-08,972,0,972,0,0,0
2022-09-09,584,0,584,0,0,0
2022-09-10,300,0,300,0,0,1
2022-09-11,315,0,315,0,0,1
2022-09-12,609,0,609,0,0,0
2022-09-13,196,0,196,0,0,0
2022-09-14,227,0,227,0,0,0
2022-09-15,363,0,363,0,0,0
2022-09-16,719,0,719,0,0,0
2022-09-17,458,0,458,0,0,1
2022-09-18,701,0,701,0,0,1
2022-09-19,588,0,588,0,0,0
2022-09-20,729,0,729,0,0,0
2022-09-21,401,0,401,0,0,0
2022-09-22,234,0,234,0,0,0
2022-09-23,395,0,395,0,0,0
2022-09-24,134,0,134,0,0,1
2022-09-25,239,0,239,0,0,1
2022-09-26,1405,0,1405,0,0,0
2022-09-27,933,0,933,0,0,0
2022-09-28,603,0,603,0,0,0
2022-09-29,638,0,638,0,0,0
2022-09-30,471,0,471,0,0,0
2022-10-01,448,0,448,0,0,1
2022-10-02,361,0,361,0,0,1
2022-10-03,355,0,355,0,0,0
2022-10-04,466,0,466,0,0,0
2022-10-05,273,0,273,0,0,0
2022-10-06,273,0,273,0,0,0
2022-10-07,318,0,318,0,0,0
2022-10-08,312,0,312,0,0,1
2022-10-09,256,0,256,0,0,1
2022-10-10,236,0,236,0,0,0
2022-10-11,358,0,358,0,0,0
2022-10-12,346,0,346,0,0,0
2022-10-13,730,0,730,0,0,0
2022-10-14,259,0,259,0,0,0
2022-10-15,230,0,230,0,0,1
2022-10-16,150,0,150,0,0,1
2022-10-17,268,0,268,0,0,0
2022-10-18,465,0,465,0,0,0
2022-10-19,273,0,273,0,0,0
2022-10-20,460,0,460,0,0,0
2022-10-21,236,0,236,0,0,0
2022-10-22,254,0,254,0,0,1
2022-10-23,210,0,210,0,0,1
2022-10-24,350,0,350,0,0,0
2022-10-25,480,0,480,0,0,0
2022-10-26,123,0,123,0,0,0
2022-10-27,378,0,378,0,0,0
2022-10-28,1185,0,1185,0,0,0
2022-10-29,475,0,475,0,0,1
2022-10-30,185,0,185,0,0,1
2022-10-31,1550,0,1550,0,0,0
2022-11-01,1140,0,1140,0,0,0
2022-11-02,444,0,444,0,0,0
2022-11-03,567,0,567,0,0,0
2022-11-04,272,0,272,0,0,0
2022-11-05,209,0,209,0,0,1
2022-11-06,112,0,112,0,0,1
2022-11-07,207,0,207,0,0,0
2022-11-08,1024,0,1024,0,0,0
2022-11-09,784,0,784,0,0,0
2022-11-10,318,0,318,0,0,0
2022-11-11,203,0,203,0,0,0
2022-11-12,626,0,626,0,0,1
2022-11-13,180,0,180,0,0,1
2022-11-14,243,0,243,0,0,0
2022-11-15,1066,0,1066,0,0,0
2022-11-16,799,0,799,0,0,0
2022-11-17,397,0,397,0,0,0
2022-11-18,239,0,239,0,0,0
2022-11-19,78,0,78,0,0,1
2022-11-20,294,0,294,0,0,1
2022-11-21,377,0,377,0,0,0
2022-11-22,905,0,905,0,0,0
2022-11-23,560,0,560,0,0,0
2022-11-24,133,0,133,0,0,0
2022-11-25,49,0,49,0,0,0
2022-11-26,49,0,49,0,0,1
2022-11-27,24,0,24,0,0,1
2022-11-28,85,0,85,0,0,0
2022-11-29,408,0,408,0,0,0
2022-11-30,150,0,150,0,0,0
2022-12-01,210,0,210,0,0,0
2022-12-02,134,0,134,0,0,0
2022-12-03,35,0,35,0,0,1
2022-12-04,101,0,101,0,0,1
2022-12-05,117,0,117,0,0,0
2022-12-06,75,0,75,0,0,0
2022-12-07,91,0,91,0,0,0
2022-12-08,69,0,69,0,0,0
2022-12-09,41,0,41,0,0,0
2022-12-10,32,0,32,0,0,1
2022-12-11,50,0,50,0,0,1
2022-12-12,37,0,37,0,0,0
2022-12-13,61,0,61,0,0,0
2022-12-14,61,0,61,0,0,0
2022-12-15,49,0,49,0,0,0
2022-12-16,52,0,52,0,0,0
2022-12-17,25,0,25,0,0,1
2022-12-18,19,0,19,0,0,1
2022-12-19,63,0,63,0,0,0
2022-12-20,95,0,95,0,0,0
2022-12-21,80,0,80,0,0,0
2022-12-22,1194,0,1194,0,0,0
2022-12-23,199,0,199,0,0,0
2022-12-24,59,0,59,0,0,1
2022-12-25,62,0,62,0,0,1
2022-12-26,103,0,103,0,0,0
2022-12-27,55,0,55,0,0,0
2022-12-28,181,0,181,0,0,0
2022-12-29,114,0,114,0,0,0
2022-12-30,45,0,45,0,0,0
2022-12-31,26,0,26,0,0,1
2023-01-01,30,0,30,0,0,1
2023-01-02,34,0,34,0,0,0
2023-01-03,53,0,53,0,0,0
2023-01-04,68,0,68,0,0,0
2023-01-05,86,0,86,0,0,0
2023-01-06,70,0,70,0,0,0
2023-01-07,21,0,21,0,0,1
2023-01-08,15,0,15,0,0,1
2023-01-09,47,0,47,0,0,0
2023-01-10,46,0,46,0,0,0
2023-01-11,183,0,183,0,0,0
2023-01-12,137,0,137,0,0,0
2023-01-13,122,0,122,0,0,0
2023-01-14,66,0,66,0,0,1
2023-01-15,48,0,48,0,0,1
2023-01-16,58,0,58,0,0,0
2023-01-17,155,0,155,0,0,0
2023-01-18,217,0,217,0,0,0
2023-01-19,230,0,230,0,0,0
2023-01-20,77,0,77,0,0,0
2023-01-21,130,0,130,0,0,1
2023-01-22,26,0,26,0,0,1
2023-01-23,48,0,48,0,0,0
2023-01-24,60,0,60,0,0,0
2023-01-25,268,0,268,0,0,0
2023-01-26,326,0,326,0,0,0
2023-01-27,140,0,140,0,0,0
2023-01-28,44,0,44,0,0,1
2023-01-29,30,0,30,0,0,1
2023-01-30,52,0,52,0,0,0
2023-01-31,49,0,49,0,0,0
2023-02-01,84,0,84,0,0,0
2023-02-02,101,0,101,0,0,0
2023-02-03,69,0,69,0,0,0
2023-02-04,29,0,29,0,0,1
2023-02-05,29,0,29,0,0,1
2023-02-06,114,0,114,0,0,0
2023-02-07,62,0,62,0,0,0
2023-02-08,36,0,36,0,0,0
2023-02-09,66,0,66,0,0,0
2023-02-10,71,0,71,0,0,0
2023-02-11,42,0,42,0,0,1
2023-02-12,19,0,19,0,0,1
2023-02-13,31,0,31,0,0,0
2023-02-14,15,0,15,0,0,0
2023-02-15,77,0,77,0,0,0
2023-02-16,147,0,147,0,0,0
2023-02-17,61,0,61,0,0,0
2023-02-18,29,0,29,0,0,1
2023-02-19,21,0,21,0,0,1
2023-02-20,15,0,15,0,0,0
2023-02-21,70,0,70,0,0,0
2023-02-22,60,0,60,0,0,0
2023-02-23,40,0,40,0,0,0
2023-02-24,36,0,36,0,0,0
2023-02-25,16,0,16,0,0,1
2023-02-26,24,0,24,0,0,1
2023-02-27,272,0,272,0,0,0
2023-02-28,557,0,557,0,0,0
2023-03-01,147,0,147,0,0,0
2023-03-02,48,0,48,0,0,0
2023-03-03,61,0,61,0,0,0
2023-03-04,32,0,32,0,0,1
2023-03-05,31,0,31,0,0,1
2023-03-06,19,0,19,0,0,0
2023-03-07,21,0,21,0,0,0
2023-03-08,49,0,49,0,0,0
2023-03-09,57,0,57,0,0,0
2023-03-10,52,0,52,0,0,0
2023-03-11,26,0,26,0,0,1
2023-03-12,26,0,26,0,0,1
2023-03-13,44,0,44,0,0,0
2023-03-14,112,0,112,0,0,0
2023-03-15,421,0,421,0,0,0
2023-03-16,433,0,433,0,0,0
2023-03-17,47,0,47,0,0,0
2023-03-18,33,0,33,0,0,1
2023-03-19,24,0,24,0,0,1
2023-03-20,40,0,40,0,0,0
2023-03-21,2145,0,2145,0,0,0
2023-03-22,1687,0,1687,0,0,0
2023-03-23,134,0,134,0,0,0
2023-03-24,63,0,63,0,0,0
2023-03-25,46,0,46,0,0,1
2023-03-26,34,0,34,0,0,1
2023-03-27,35,0,35,0,0,0
2023-03-28,327,0,327,0,0,0
2023-03-29,108,0,108,0,0,0
2023-03-30,62,0,62,0,0,0
2023-03-31,119,0,119,0,0,0
2023-04-01,41,0,41,0,0,1
2023-04-02,41,0,41,0,0,1
2023-04-03,149,0,149,0,0,0
2023-04-04,156,0,156,0,0,0
2023-04-05,106,0,106,0,0,0
2023-04-06,303,0,303,0,0,0
2023-04-07,104,0,104,0,0,0
2023-04-08,29,0,29,0,0,1
2023-04-09,33,0,33,0,0,1
2023-04-10,46,0,46,0,0,0
2023-04-11,59,0,59,0,0,0
2023-04-12,44,0,44,0,0,0
2023-04-13,37,0,37,0,0,0
2023-04-14,34,0,34,0,0,0
2023-04-15,23,0,23,0,0,1
2023-04-16,15,0,15,0,0,1
2023-04-17,93,0,93,0,0,0
2023-04-18,44,0,44,0,0,0
2023-04-19,29,0,29,0,0,0
2023-04-20,25,0,25,0,0,0
2023-04-21,67,0,67,0,0,0
2023-04-22,31,0,31,0,0,1
2023-04-23,127,0,127,0,0,1
2023-04-24,82,0,82,0,0,0
2023-04-25,81,0,81,0,0,0
2023-04-26,63,0,63,0,0,0
2023-04-27,212,0,212,0,0,0
2023-04-28,99,0,99,0,0,0
2023-04-29,26,0,26,0,0,1
2023-04-30,59,0,59,0,0,1
2023-05-01,117,0,117,0,0,0
2023-05-02,312,0,312,0,0,0
2023-05-03,133,0,133,0,0,0
2023-05-04,65,0,65,0,0,0
2023-05-05,61,0,61,0,0,0
2023-05-06,19,0,19,0,0,1
2023-05-07,11,0,11,0,0,1
2023-05-08,28,0,28,0,0,0
2023-05-09,31,0,31,0,0,0
2023-05-10,46,0,46,0,0,0
2023-05-11,17,0,17,0,0,0
2023-05-12,10,0,10,0,0,0
2023-05-13,7,0,7,0,0,1
2023-05-14,9,0,9,0,0,1
2023-05-15,17,0,17,0,0,0
2023-05-16,22,0,22,0,0,0
2023-05-17,25,0,25,0,0,0
2023-05-18,33,0,33,0,0,0
2023-05-19,19,0,19,0,0,0
2023-05-20,13,0,13,0,0,1
2023-05-21,20,0,20,0,0,1
2023-05-22,34,0,34,0,0,0
2023-05-23,16,0,16,0,0,0
2023-05-24,31,0,31,0,0,0
2023-05-25,61,0,61,0,0,0
2023-05-26,24,0,24,0,0,0
2023-05-27,13,0,13,0,0,1
2023-05-28,13,0,13,0,0,1
2023-05-29,14,0,14,0,0,0
2023-05-30,42,0,42,0,0,0
2023-05-31,29,0,29,0,0,0
2023-06-01,19,0,19,0,0,0
2023-06-02,38,0,38,0,0,0
2023-06-03,29,0,29,0,0,1
2023-06-04,32,0,32,0,0,1
2023-06-05,60,0,60,0,0,0
2023-06-06,74,0,74,0,0,0
2023-06-07,519,0,519,0,0,0
2023-06-08,243,0,243,0,0,0
2023-06-09,49,0,49,0,0,0
2023-06-10,27,0,27,0,0,1
2023-06-11,16,0,16,0,0,1
2023-06-12,47,0,47,0,0,0
2023-06-13,81,0,81,0,0,0
2023-06-14,29,0,29,0,0,0
2023-06-15,30,0,30,0,0,0
2023-06-16,40,0,40,0,0,0
2023-06-17,21,0,21,0,0,1
2023-06-18,13,0,13,0,0,1
2023-06-19,30,0,30,0,0,0
2023-06-20,26,0,26,0,0,0
2023-06-21,20,0,20,0,0,0
2023-06-22,45,0,45,0,0,0
2023-06-23,41,0,41,0,0,0
2023-06-24,17,0,17,0,0,1
2023-06-25,25,0,25,0,0,1
2023-06-26,44,0,44,0,0,0
2023-06-27,33,0,33,0,0,0
2023-06-28,157,0,157,0,0,0
2023-06-29,122,0,122,0,0,0
2023-06-30,86,0,86,0,0,0
2023-07-01,22,0,22,0,0,1
2023-07-02,21,0,21,0,0,1
2023-07-03,22,0,22,0,0,0
2023-07-04,98,0,98,0,0,0
2023-07-05,29,0,29,0,0,0
2023-07-06,66,0,66,0,0,0
2023-07-07,22,0,22,0,0,0
2023-07-08,19,0,19,0,0,1
2023-07-09,22,0,22,0,0,1
2023-07-10,29,0,29,0,0,0
2023-07-11,43,0,43,0,0,0
2023-07-12,53,0,53,0,0,0
2023-07-13,47,0,47,0,0,0
2023-07-14,34,0,34,0,0,0
2023-07-15,18,0,18,0,0,1
2023-07-16,20,0,20,0,0,1
2023-07-17,22,0,22,0,0,0
2023-07-18,33,0,33,0,0,0
2023-07-19,54,0,54,0,0,0
2023-07-20,48,0,48,0,0,0
2023-07-21,483,0,483,0,0,0
2023-07-22,168,0,168,0,0,1
2023-07-23,171,0,171,0,0,1
2023-07-24,476,0,476,0,0,0
2023-07-25,206,0,206,0,0,0
2023-07-26,63,0,63,0,0,0
2023-07-27,213,0,213,0,0,0
2023-07-28,81,0,81,0,0,0
2023-07-29,22,0,22,0,0,1
2023-07-30,18,0,18,0,0,1
2023-07-31,259,0,259,0,0,0
2023-08-01,87,0,87,0,0,0
2023-08-02,60,0,60,0,0,0
2023-08-03,55,0,55,0,0,0
2023-08-04,47,0,47,0,0,0
2023-08-05,8,0,8,0,0,1
2023-08-06,24,0,24,0,0,1
2023-08-07,62,0,62,0,0,0
2023-08-08,131,0,131,0,0,0
2023-08-09,45,0,45,0,0,0
2023-08-10,66,0,66,0,0,0
2023-08-11,279,0,279,0,0,0
2023-08-12,124,0,124,0,0,1
2023-08-13,54,0,54,0,0,1
2023-08-14,101,0,101,0,0,0
2023-08-15,232,0,232,0,0,0
2023-08-16,236,0,236,0,0,0
2023-08-17,209,0,209,0,0,0
2023-08-18,79,0,79,0,0,0
2023-08-19,33,0,33,0,0,1
2023-08-20,31,0,31,0,0,1
2023-08-21,72,0,72,0,0,0
2023-08-22,273,0,273,0,0,0
2023-08-23,488,0,488,0,0,0
2023-08-24,597,0,597,0,0,0
2023-08-25,294,0,294,0,0,0
2023-08-26,88,0,88,0,0,1
2023-08-27,62,0,62,0,0,1
2023-08-28,184,0,184,0,0,0
2023-08-29,384,0,384,0,0,0
2023-08-30,217,0,217,0,0,0
2023-08-31,128,0,128,0,0,0
2023-09-01,329,0,329,0,0,0
2023-09-02,96,0,96,0,0,1
2023-09-03,78,0,78,0,0,1
2023-09-04,174,0,174,0,0,0
2023-09-05,280,0,280,0,0,0
2023-09-06,356,0,356,0,0,0
2023-09-07,172,0,172,0,0,0
2023-09-08,166,0,166,0,0,0
2023-09-09,460,0,460,0,0,1
2023-09-10,312,0,312,0,0,1
2023-09-11,376,0,376,0,0,0
2023-09-12,161,0,161,0,0,0
2023-09-13,137,0,137,0,0,0
2023-09-14,132,0,132,0,0,0
2023-09-15,76,0,76,0,0,0
2023-09-16,15,0,15,0,0,1
2023-09-17,30,0,30,0,0,1
2023-09-18,51,0,51,0,0,0
2023-09-19,62,0,62,0,0,0
2023-09-20,43,0,43,0,0,0
2023-09-21,36,0,36,0,0,0
2023-09-22,68,0,68,0,0,0
2023-09-23,19,0,19,0,0,1
2023-09-24,30,0,30,0,0,1
2023-09-25,40,0,40,0,0,0
2023-09-26,44,0,44,0,0,0
2023-09-27,56,0,56,0,0,0
2023-09-28,125,0,125,0,0,0
2023-09-29,59,0,59,0,0,0
2023-09-30,70,0,70,0,0,1
2023-10-01,48,0,48,0,0,1
2023-10-02,87,0,87,0,0,0
2023-10-03,39,0,39,0,0,0
2023-10-04,38,0,38,0,0,0
2023-10-05,70,0,70,0,0,0
2023-10-06,82,0,82,0,0,0
2023-10-07,92,0,92,0,0,1
2023-10-08,46,0,46,0,0,1
2023-10-09,37,0,37,0,0,0
2023-10-10,122,0,122,0,0,0
2023-10-11,68,0,68,0,0,0
2023-10-12,274,0,274,0,0,0
2023-10-13,484,0,484,0,0,0
2023-10-14,151,0,151,0,0,1
2023-10-15,64,0,64,0,0,1
2023-10-16,47,0,47,0,0,0
2023-10-17,43,0,43,0,0,0
2023-10-18,34,0,34,0,0,0
2023-10-19,46,0,46,0,0,0
2023-10-20,34,0,34,0,0,0
2023-10-21,18,0,18,0,0,1
2023-10-22,36,0,36,0,0,1
2023-10-23,28,0,28,0,0,0
2023-10-24,46,0,46,0,0,0
2023-10-25,569,0,569,0,0,0
2023-10-26,69,0,69,0,0,0
2023-10-27,114,0,114,0,0,0
2023-10-28,29,0,29,0,0,1
2023-10-29,102,0,102,0,0,1
2023-10-30,128,0,128,0,0,0
2023-10-31,48,0,48,0,0,0
2023-11-01,35,0,35,0,0,0
2023-11-02,24,0,24,0,0,0
2023-11-03,36,0,36,0,0,0
2023-11-04,26,0,26,0,0,1
2023-11-05,61,0,61,0,0,1
2023-11-06,38,0,38,0,0,0
2023-11-07,26,0,26,0,0,0
2023-11-08,54,0,54,0,0,0
2023-11-09,451,0,451,0,0,0
2023-11-10,82,0,82,0,0,0
2023-11-11,25,0,25,0,0,1
2023-11-12,71,0,71,0,0,1
2023-11-13,24,0,24,0,0,0
2023-11-14,34,0,34,0,0,0
2023-11-15,32,0,32,0,0,0
2023-11-16,265,0,265,0,0,0
2023-11-17,74,0,74,0,0,0
2023-11-18,16,0,16,0,0,1
2023-11-19,22,0,22,0,0,1
2023-11-20,23,0,23,0,0,0
2023-11-21,58,0,58,0,0,0
2023-11-22,57,0,57,0,0,0
2023-11-23,14,0,14,0,0,0
2023-11-24,38,0,38,0,0,0
2023-11-25,61,0,61,0,0,1
2023-11-26,138,0,138,0,0,1
2023-11-27,45,0,45,0,0,0
2023-11-28,134,0,134,0,0,0
2023-11-29,214,0,214,0,0,0
2023-11-30,72,0,72,0,0,0
2023-12-01,140,0,140,0,0,0
2023-12-02,83,0,83,0,0,1
2023-12-03,53,0,53,0,0,1
2023-12-04,68,0,68,0,0,0
2023-12-05,53,0,53,0,0,0
2023-12-06,78,0,78,0,0,0
2023-12-07,189,0,189,0,0,0
2023-12-08,29,0,29,0,0,0
2023-12-09,24,0,24,0,0,1
2023-12-10,68,0,68,0,0,1
2023-12-11,53,0,53,0,0,0
2023-12-12,62,0,62,0,0,0
2023-12-13,20,0,20,0,0,0
2023-12-14,0,0,0,0,0,0
2023-12-15,0,0,0,0,0,0
2023-12-16,0,0,0,0,0,1
2023-12-17,0,0,0,0,0,1
2023-12-18,21,0,21,0,0,0
2023-12-19,37,0,37,0,0,0
2023-12-20,131,0,131,0,0,0
2023-12-21,61,0,61,0,0,0
2023-12-22,41,0,41,0,0,0
2023-12-23,468,0,468,0,0,1
2023-12-24,152,0,152,0,0,1
2023-12-25,68,0,68,0,0,0
2023-12-26,58,0,58,0,0,0
2023-12-27,27,0,27,0,0,0
2023-12-28,192,0,192,0,0,0
2023-12-29,166,0,166,0,0,0
2023-12-30,45,0,45,0,0,1
2023-12-31,38,0,38,0,0,1
