date,post_count
2020-05-12,1
2021-01-08,1
2021-01-23,2
2021-01-26,1
2021-01-27,1
2021-01-28,21
2021-01-29,42
2021-01-30,20
2021-01-31,11
2021-02-01,10
2021-02-02,16
2021-02-03,10
2021-02-04,6
2021-02-05,1
2021-02-06,3
2021-02-07,1
2021-02-08,2
2021-02-09,2
2021-02-10,1
2021-02-11,1
2021-02-12,1
2021-02-13,1
2021-02-15,1
2021-02-16,1
2021-02-17,2
2021-02-18,1
2021-02-19,7
2021-02-20,4
2021-02-21,3
2021-02-23,1
2021-02-24,1
2021-02-25,3
2021-02-26,7
2021-02-27,2
2021-02-28,1
2021-03-01,1
2021-03-04,2
2021-03-06,2
2021-03-07,1
2021-03-09,2
2021-03-10,2
2021-03-11,3
2021-03-12,1
2021-03-13,3
2021-03-14,1
2021-03-15,1
2021-03-16,1
2021-03-18,1
2021-03-22,1
2021-03-24,1
2021-03-25,2
2021-03-26,1
2021-03-28,2
2021-04-01,1
2021-04-02,1
2021-04-13,1
2021-04-15,1
2021-04-17,2
2021-04-18,1
2021-04-24,1
2021-06-04,2
2021-06-05,1
2021-07-20,1
2021-07-25,1
2021-09-09,1
2021-10-19,1
2021-11-11,1
2021-11-19,1
2021-12-29,1
2021-12-31,1
2022-01-02,1
2022-01-23,1
2022-03-24,1
2022-05-22,1
2022-06-04,1
2022-06-15,1
2022-08-18,1
2022-09-21,1
2022-10-19,1
2022-11-06,1
2022-11-11,1
2022-11-12,1
2022-11-20,1
