date,score_sum,score_mean,score_count,score_std,score_max,comms_num_sum,comms_num_mean,comms_num_count,comms_num_std,title_count,body_count,influential_user_participation,new_user_conversion_rate,echo_chamber_coefficient,dissent_emergence_rate,community_fragmentation,information_cascade_strength,mod_intervention_frequency,brigading_detection,coordinated_behavior_score,tribal_identity_strength
2020-09-29,4,4.0,1,,4,11,11.0,1,,1,1,0.0,0.0,,0,0.0,0.0,0,0,0,0.0
2021-01-28,1149849,960.609022556391,1197,7333.99876366253,160999,170206,142.1938178780284,1197,1816.8464899624403,1197,693,0.03005008347245409,0.2988313856427379,0.0002185112874281255,0,0.0,0.0,0,0,0,0.12364243943191311
2021-01-29,6410329,408.4573085255512,15694,5504.8416758736275,225870,821915,52.3712883904677,15694,1456.5727266135814,15694,9113,0.010003185727938834,0.69232239566741,0.0002872154211137621,0,0.0,0.0,0,0,0,0.12692748821205557
2021-01-30,6576878,4618.5941011235955,1424,17364.639705267105,219779,734451,515.7661516853933,1424,4049.01429153428,1424,650,0.12280701754385964,0.05333333333333334,9.338962986134896e-05,0,0.0,0.0,0,0,1,0.20365168539325842
2021-01-31,4911452,5230.513312034079,939,20075.49807077111,348241,288004,306.71352502662404,939,831.1430757101245,939,426,0.15,0.05638297872340425,9.565423147245437e-05,0,0.0,0.0,0,0,1,0.24600638977635783
2021-02-01,3739587,4230.302036199095,884,12996.827492513914,171545,469591,531.2115384615385,884,4241.119516544574,884,319,0.15028248587570622,0.05310734463276836,0.00011600963732366046,0,0.0,0.35706609279925383,0,0,1,0.2579185520361991
2021-02-02,1180580,786.0053262316911,1502,4103.211940559758,78412,152751,101.69840213049268,1502,1111.3929158681083,1502,351,0.028609447771124417,0.04324683965402528,0.0003833911241208184,0,0.0,-0.08401556604386586,0,0,1,0.19640479360852198
2021-02-03,2598921,983.322360953462,2643,6652.674431486231,160422,340263,128.74120317820658,2643,1769.6281583122236,2643,677,0.031013615733736764,0.05370650529500756,0.00023740837638262568,0,8795.500929171274,0.5567513399327884,0,0,1,0.20620506999621643
2021-02-04,1596620,955.4877318970676,1671,5464.27726869353,123506,130814,78.28485936564931,1671,526.8585752623851,1671,861,0.03827751196172249,0.12260765550239235,0.0003337151121006214,0,7890.997942047167,0.21548984864593262,0,0,1,0.24895272292040693
2021-02-05,520268,200.2571208622017,2598,2053.452802503026,60995,71279,27.436104695919937,2598,179.8268847218451,2598,1667,0.006925740669488265,0.16352443247402848,0.0008947426183087748,0,7319.117426556194,0.19596136130607145,0,0,1,0.25519630484988454
2021-02-06,620771,222.41884629165173,2791,2877.7720613435854,125893,79213,28.381583661769977,2791,154.3250730660638,2791,1505,0.007521489971346705,0.15687679083094555,0.0006591746774742412,0,328.5037739577159,0.045914813887749734,0,0,1,0.22393407380867072
2021-02-07,793757,1553.3405088062623,511,6932.980629804049,88897,66903,130.9256360078278,511,429.46183188659353,511,212,0.064453125,0.111328125,0.00027157520890466204,0,471.0973963660905,0.24734211217606283,0,0,1,0.31702544031311153
2021-02-08,915611,3190.2822299651566,287,14950.71553262754,191380,136338,475.0452961672474,287,3071.439344150269,287,127,0.10416666666666667,0.09027777777777778,0.00011096220675382599,0,614.9518750346202,0.588815914772843,0,0,1,0.22996515679442509
2021-02-09,622279,4204.5878378378375,148,13262.179260865616,106370,145986,986.3918918918919,148,4944.731009563677,148,110,0.16778523489932887,0.06711409395973154,0.00010983633673278835,0,797.295160551267,-0.18785388886836493,0,0,1,0.34459459459459457
2021-02-10,748261,3370.545045045045,222,11387.793848183715,108888,205585,926.0585585585585,222,5036.730769329371,222,164,0.14349775784753363,0.16143497757847533,0.00012175429962024387,0,1046.2435229078303,0.43712113701767175,0,0,1,0.3333333333333333
2021-02-11,607271,3593.319526627219,169,11023.87209940145,81778,227441,1345.8047337278106,169,7104.424611665226,169,125,0.14705882352941177,0.058823529411764705,0.00011031259068028414,0,1218.4670859182459,0.2655499948764032,0,0,1,0.34911242603550297
2021-02-12,328666,1836.122905027933,179,5478.7271933330285,42596,135852,758.9497206703911,179,4487.660932326015,179,143,0.10555555555555556,0.07777777777777778,0.00020063424244606983,0,1496.9208117211876,0.3434274386236135,0,0,1,0.36312849162011174
2021-02-13,582207,3216.6132596685084,181,11138.676401252676,77380,109392,604.3756906077348,181,4576.31445382577,181,137,0.11538461538461539,0.12087912087912088,0.0001272508216389121,0,1469.23080833757,0.19603120868839113,0,0,1,0.3812154696132597
2021-02-14,261063,2055.6141732283463,127,8428.955528553774,67586,23012,181.1968503937008,127,288.21079255014416,127,112,0.09375,0.1640625,0.00022937972810074619,0,67.55957579538365,0.30268355064130154,0,0,1,0.4094488188976378
2021-02-15,183377,2821.1846153846154,65,9846.545858339596,60544,19757,303.95384615384614,65,524.8638642177021,65,53,0.07575757575757576,0.15151515151515152,0.00019280063677143094,0,24.665842094413524,0.5809339419582931,0,0,1,0.47692307692307695
2021-02-16,440192,4891.022222222222,90,16833.23641428694,106652,86996,966.6222222222223,90,4246.483874204945,90,68,0.12087912087912088,0.12087912087912088,9.486891831554004e-05,0,17.935720293163524,0.18957770154994563,0,0,1,0.3
2021-02-17,459476,2686.9941520467837,171,9983.940348201015,76949,84619,494.84795321637426,171,2906.7949987883717,171,88,0.09302325581395349,0.05232558139534884,0.00015512611918052169,0,18.048090523338047,0.06805814964888614,0,0,1,0.28654970760233917
2021-02-18,718558,2932.8897959183673,245,12431.511069347664,142003,177833,725.8489795918367,245,5484.199299497382,245,82,0.08536585365853659,0.024390243902439025,0.00011162140467889022,0,21.18392134181608,0.14994133430825377,0,0,1,0.19591836734693877
2021-02-19,1852723,5339.259365994237,347,17362.04701766233,123045,150434,433.52737752161386,347,2588.5338020181416,347,108,0.16379310344827586,0.02586206896551724,0.00010023765938225272,0,45.43756950763321,0.7778812762101914,0,0,1,0.15273775216138327
2021-02-20,892713,3628.9146341463415,246,16955.671693940145,201168,95864,389.6910569105691,246,2758.3616288647063,246,77,0.10121457489878542,0.020242914979757085,0.0001014402830049323,0,46.76293436293436,0.2958526751612695,0,0,1,0.17886178861788618
2021-02-21,522194,3263.7125,160,12081.816567768328,88280,31321,195.75625,160,372.4624289334176,160,59,0.13043478260869565,0.037267080745341616,0.0001605615931153736,0,47.836972486047195,0.15425333656007525,0,0,1,0.28125
2021-02-22,549580,3953.8129496402876,139,11252.546044629089,81690,107495,773.3453237410072,139,3827.9930994899237,139,50,0.15714285714285714,0.02857142857142857,0.00013260366712058828,0,46.530737107895504,0.08342239403668038,0,0,1,0.2158273381294964
2021-02-23,433130,1616.1567164179105,268,6973.445894660684,76250,99053,369.60074626865674,268,2954.3219544907356,268,83,0.08178438661710037,0.01858736059479554,0.00020141457790183044,0,32.83256528417819,0.23879215793518202,0,0,1,0.22761194029850745
2021-02-24,524486,2185.358333333333,240,8123.2005407888155,74244,112564,469.01666666666665,240,3005.233934971646,240,75,0.08298755186721991,0.03319502074688797,0.0001796875049536963,0,20.2406015037594,0.40904813760401204,0,0,1,0.18333333333333332
2021-02-25,1768786,3245.4788990825687,545,10586.84682893944,97071,349206,640.7449541284403,545,5708.470797721133,545,117,0.13553113553113552,0.023809523809523808,0.00012271958157876396,0,58.65462108410243,0.06490806543780964,0,0,1,0.21100917431192662
2021-02-26,1750456,3098.1522123893806,565,12321.89598354379,136407,288167,510.0300884955752,565,4539.5036342696085,565,141,0.10424028268551237,0.03356890459363958,0.00011860004775592994,0,83.51639623283785,0.5783237284263135,0,0,1,0.2513274336283186
2021-02-27,773653,2604.892255892256,297,10890.6585502104,137653,156713,527.6531986531986,297,4434.0487977478315,297,87,0.1040268456375839,0.03355704697986577,0.00013049117169099158,0,84.68163926834916,0.29256747008973794,0,0,1,0.25925925925925924
2021-02-28,588750,4005.1020408163267,147,12908.787217280455,105975,34182,232.53061224489795,147,451.5571582946691,147,63,0.16891891891891891,0.07432432432432433,0.00014967433436723703,0,98.23210516794308,0.2237925672228501,0,0,1,0.3741496598639456
2021-03-01,404930,3044.5864661654136,133,9720.515260323347,80837,125852,946.2556390977444,133,5413.083838836675,133,72,0.13432835820895522,0.07462686567164178,0.00013213880645867487,0,103.23654995730145,0.2250183202422719,0,0,1,0.3383458646616541
2021-03-02,626312,1744.6016713091922,359,6267.74046142061,56673,107758,300.1615598885794,359,2376.239813192926,359,114,0.08888888888888889,0.09166666666666666,0.00023132136975519498,0,83.28203412512546,0.7144769582526986,0,0,1,0.22284122562674094
2021-03-03,681107,1156.3786078098472,589,5010.027887781095,48065,260098,441.5925297113752,589,3514.3849328345623,589,165,0.05593220338983051,0.09152542372881356,0.00023456523183633377,0,96.70715028987661,0.2908341764160763,0,0,1,0.2614601018675722
2021-03-04,545827,1149.1094736842106,475,6593.645794034473,88039,164702,346.74105263157895,475,3252.011015970682,475,204,0.046218487394957986,0.10714285714285714,0.00020309399876405248,1,86.56519747090627,-0.05624994447957114,0,0,1,0.28210526315789475
2021-03-05,591337,1384.864168618267,427,6257.085459779984,65989,160652,376.23419203747073,427,3169.6713809692005,427,162,0.05841121495327103,0.09579439252336448,0.00021211704085488802,1,80.56380952380952,-0.062251068157087086,0,0,1,0.27634660421545665
2021-03-06,551405,1341.61800486618,411,6661.713994458766,85560,80062,194.79805352798053,411,2154.9675580368544,411,134,0.06067961165048544,0.05339805825242718,0.0002267912712455316,0,69.63296857745206,-0.23070500080056408,0,0,1,0.24574209245742093
2021-03-07,442295,2948.633333333333,150,12757.698419331482,117815,38069,253.79333333333332,150,1100.0610007287708,150,82,0.09933774834437085,0.039735099337748346,0.00014430264908532627,0,88.62112951886942,0.25188835681289057,0,0,1,0.3466666666666667
2021-03-08,480100,3810.3174603174602,126,10098.134524475929,62270,158810,1260.3968253968253,126,7698.149355869232,126,61,0.15748031496062992,0.05511811023622047,0.00011237038432725651,0,92.87506668089193,0.36750137902253643,0,0,1,0.31746031746031744
2021-03-09,1098635,3103.4887005649716,354,12449.704898428141,156015,176161,497.62994350282486,354,4377.7512817389015,354,90,0.10422535211267606,0.036619718309859155,0.00011883925294965466,0,67.66229734391169,-0.06535433614936861,0,0,1,0.288135593220339
2021-03-10,1221089,2094.492281303602,583,8250.86918629835,98340,215827,370.2006861063465,583,4381.914676582803,583,129,0.09075342465753425,0.00684931506849315,0.0001582931707977736,0,78.48639129042587,0.4829685342526273,0,0,1,0.307032590051458
2021-03-11,1083129,1955.1064981949457,554,8067.53199113948,101836,226045,408.0234657039711,554,3855.7981183728093,554,168,0.0918918918918919,0.02882882882882883,0.00016771024211771645,0,74.60103626943005,0.6707246783306559,0,0,1,0.29783393501805056
2021-03-12,817901,2621.477564102564,312,8067.37833233643,69152,178374,571.7115384615385,312,4119.234121692989,312,104,0.12460063897763578,0.06070287539936102,0.00016408758647001057,0,76.37797313797313,0.5714387576013147,0,0,1,0.266025641025641
2021-03-13,610656,2404.1574803149606,254,10585.049622027933,112603,67764,266.78740157480314,254,2233.672408597904,254,61,0.09411764705882353,0.043137254901960784,0.00015599745437288535,0,83.09219269102991,0.20525360555898411,0,0,1,0.2559055118110236
2021-03-14,1146570,7349.807692307692,156,16760.612079482904,159094,31270,200.44871794871796,156,554.6974216735183,156,48,0.3821656050955414,0.012738853503184714,0.00011549138160673534,0,101.74626694891012,0.4504596203947897,0,0,1,0.4807692307692308
2021-03-15,528690,5624.36170212766,94,14487.093738429541,85432,122395,1302.0744680851064,94,7006.8113500700265,94,54,0.21052631578947367,0.05263157894736842,9.304097649137889e-05,0,113.81418622344472,0.17582226242483084,0,0,1,0.3829787234042553
2021-03-16,868940,3681.9491525423728,236,11280.19193879816,121846,138405,586.4618644067797,236,4017.1417554831037,236,77,0.17721518987341772,0.03375527426160337,0.00013072464722745276,0,96.09357674861398,-0.11496996658055192,0,0,1,0.2754237288135593
2021-03-17,570442,2427.412765957447,235,7636.472854808657,63391,124261,528.7702127659575,235,3825.0908159664627,235,88,0.11016949152542373,0.025423728813559324,0.0001744658168645011,0,102.578007518797,-0.3911748282181284,0,0,1,0.3148936170212766
2021-03-18,565951,2632.3302325581394,215,8836.399826575851,89754,119589,556.2279069767442,215,3331.033193981183,215,74,0.125,0.041666666666666664,0.00016434619399453777,0,72.37098560354374,-0.08835256085062662,0,0,1,0.24186046511627907
2021-03-19,326153,1496.1146788990825,218,5429.817773305497,54126,136877,627.8761467889908,218,4775.621793981586,218,69,0.0684931506849315,0.0502283105022831,0.0001959355220098116,0,19.776455026455025,0.05607081285917902,0,0,1,0.23853211009174313
2021-03-20,309296,2147.8888888888887,144,7577.584106868025,59400,54687,379.7708333333333,144,2750.003714476195,144,40,0.09655172413793103,0.027586206896551724,0.0001936185678064872,0,16.12161172161172,-0.1717060821784942,0,0,1,0.19444444444444445
2021-03-21,140382,2864.938775510204,49,9154.132291867252,48897,13643,278.42857142857144,49,490.39278474844355,49,30,0.1,0.06,0.00020732854412499626,1,28.826884554559832,0.7569144116987766,0,0,1,0.42857142857142855
2021-03-22,253154,4219.233333333334,60,11478.856687836425,80373,80294,1338.2333333333333,60,5181.82967936893,60,28,0.21311475409836064,0.03278688524590164,0.00012002866500183892,0,40.50187223419948,0.5333778480521751,0,0,1,0.31666666666666665
2021-03-23,254188,2249.451327433628,113,6613.858437282537,53864,95686,846.7787610619469,113,4504.604760556756,113,40,0.13157894736842105,0.10526315789473684,0.00017984862360666775,0,38.062597809076685,0.351230404879522,0,0,1,0.2743362831858407
2021-03-24,546454,3821.3566433566434,143,12235.39864054443,122126,177669,1242.4405594405594,143,6436.22596923661,143,47,0.16666666666666666,0.05555555555555555,0.00010710293485028192,0,34.491018685955396,0.05092462117884568,0,0,1,0.21678321678321677
2021-03-25,566033,2104.2118959107806,269,8365.516262566282,92573,150530,559.5910780669145,269,4756.822331959703,269,55,0.09259259259259259,0.022222222222222223,0.00015238863167048875,0,40.07957342083675,0.5768404097942381,0,0,1,0.19330855018587362
2021-03-26,512324,2769.318918918919,185,8843.302127139406,85873,118700,641.6216216216217,185,4372.742757768507,185,39,0.11290322580645161,0.021505376344086023,0.00015130830750042,0,38.1784212423405,0.6471475156673556,0,0,1,0.16216216216216217
2021-03-27,284022,2028.7285714285715,140,7095.979116629234,67262,61383,438.45,140,2714.2492273160196,140,43,0.11347517730496454,0.014184397163120567,0.00020382729894724905,0,35.04166130898805,0.22670628699818351,0,0,1,0.24285714285714285
2021-03-28,374838,7809.125,48,26163.256915990554,139561,12138,252.875,48,442.64935572940755,48,20,0.12244897959183673,0.04081632653061224,7.516562857580744e-05,0,46.111611541168195,0.2924597120621145,0,0,1,0.2916666666666667
2021-03-29,291814,4421.424242424242,66,10424.708326575497,62008,80236,1215.6969696969697,66,4414.324769236895,66,33,0.208955223880597,0.029850746268656716,0.00013476150798183507,0,42.7375415282392,0.6062629345495019,0,0,1,0.19696969696969696
2021-03-30,246561,2441.19801980198,101,6604.924712697035,36741,86379,855.2376237623762,101,4173.670145443971,101,34,0.09803921568627451,0.029411764705882353,0.0001855185197400951,0,36.732126214884836,0.47783911303540344,0,0,1,0.22772277227722773
2021-03-31,153598,1828.547619047619,84,4883.801418865219,27910,71992,857.047619047619,84,3665.643111296004,84,28,0.10588235294117647,0.011764705882352941,0.00023387861465345826,0,39.835796387520524,0.11015482808695273,0,0,1,0.14285714285714285
2021-04-01,225286,1632.5072463768115,138,8470.256463551814,94965,81147,588.0217391304348,138,2801.846417969572,138,51,0.050359712230215826,0.06474820143884892,0.000177397707029804,0,39.90306613501994,0.2113839637571475,0,0,1,0.2898550724637681
2021-04-02,255405,3040.535714285714,84,10628.370912408032,73623,52086,620.0714285714286,84,3689.325895214672,84,28,0.09411764705882353,0.047058823529411764,0.00013966776160619226,0,19.24054867848779,0.0993611077301414,0,0,1,0.2261904761904762
2021-04-03,86409,2335.3783783783783,37,5422.347863504596,25841,9208,248.86486486486487,37,338.0744627184111,37,11,0.10526315789473684,0.0,0.00034707626181764166,0,16.32618373128288,0.2969031044856022,0,0,1,0.21621621621621623
2021-04-04,59441,9906.833333333334,6,14183.044742461567,36193,5652,942.0,6,1184.7254534279239,6,4,0.2857142857142857,0.0,0.00013012556300515685,0,23.2967032967033,0.5361400827568071,0,0,1,0.16666666666666666
2021-04-05,161788,4257.578947368421,38,10278.725077718957,47304,65698,1728.8947368421052,38,4843.244377143105,38,21,0.15384615384615385,0.07692307692307693,0.00013224041518789494,0,24.80427046263345,0.26774977459537896,0,0,1,0.13157894736842105
2021-04-06,146177,1874.0641025641025,78,7257.842184675531,56164,56466,723.9230769230769,78,3055.230464107608,78,25,0.05063291139240506,0.02531645569620253,0.000193891024144744,0,24.381284221005476,0.21824910407585596,0,0,1,0.2564102564102564
2021-04-07,149824,2270.060606060606,66,7074.3493615016,40347,57861,876.6818181818181,66,3372.8757652739046,66,23,0.07462686567164178,0.014925373134328358,0.00019140175235339907,0,23.747415849456665,-0.04081728120351773,0,0,1,0.19696969696969696
2021-04-08,178710,2517.042253521127,71,7471.920193892825,40458,69928,984.9014084507043,71,3929.2234825541714,71,22,0.08333333333333333,0.013888888888888888,0.00017539023068971469,0,23.65996740901684,0.42863783492477736,0,0,1,0.16901408450704225
2021-04-09,189109,1767.3738317757009,107,6107.840903334079,51168,73501,686.9252336448598,107,3376.903509890677,107,37,0.07407407407407407,0.05555555555555555,0.0002108204788580528,0,16.597691197691198,0.11945500599060353,0,0,1,0.19626168224299065
2021-04-10,211411,2578.182926829268,82,9191.91126584733,64553,36503,445.1585365853659,82,2520.1245730012524,82,20,0.10843373493975904,0.04819277108433735,0.00017073534924378272,0,16.458707620979425,0.1702108927849498,0,0,1,0.18292682926829268
2021-04-11,104116,3590.206896551724,29,10730.146898140074,56233,7545,260.17241379310343,29,285.4722990020869,29,16,0.13333333333333333,0.06666666666666667,0.00018152742114365108,0,17.752871870397644,0.15400675906729164,0,0,1,0.4827586206896552
2021-04-12,160082,3406.0,47,8441.050751097799,38544,72563,1543.8936170212767,47,5579.629963708607,47,20,0.125,0.020833333333333332,0.0001426260813232537,0,10.010863661053774,-0.1084931885672242,0,0,1,0.3191489361702128
2021-04-13,240113,2286.790476190476,105,8837.787755836644,79103,71440,680.3809523809524,105,3111.710679590867,105,29,0.08490566037735849,0.03773584905660377,0.00016734303324438823,0,9.54155625150566,-0.07015896334736804,0,0,1,0.19047619047619047
2021-04-14,186043,1524.9426229508197,122,6127.936966018058,51120,92175,755.5327868852459,122,3931.9330370705766,122,39,0.04878048780487805,0.04065040650406504,0.0001987702086576423,0,12.691410630186141,0.011678987413869288,0,0,1,0.19672131147540983
2021-04-15,219680,2646.746987951807,83,9690.59805328475,76857,72306,871.156626506024,83,3637.2245297818786,83,24,0.08333333333333333,0.023809523809523808,0.00015003950634276817,0,12.053298383573614,0.11082291420747918,0,0,1,0.1566265060240964
2021-04-16,100561,1257.0125,80,4507.396746484773,30891,67713,846.4125,80,3685.593172098831,80,27,0.04938271604938271,0.12345679012345678,0.000244051550992716,0,11.709329885800475,-0.05678906065220356,0,0,1,0.2
2021-04-17,339796,3693.4347826086955,92,16779.61501693585,140622,50545,549.4021739130435,92,2777.205691313367,92,28,0.11827956989247312,0.03225806451612903,0.00010225565384708858,0,10.998236331569665,-0.349224464159907,0,0,1,0.16304347826086957
2021-04-18,146764,6115.166666666667,24,17025.16835303767,78588,7157,298.2083333333333,24,332.39486460306927,24,12,0.16,0.0,0.00011521027199391779,0,17.331719128329297,-0.014607483984071357,0,0,1,0.20833333333333334
2021-04-19,33753,1467.5217391304348,23,3508.427307207671,15785,37770,1642.1739130434783,23,4594.36941614579,23,17,0.08333333333333333,0.125,0.00024676744750884693,0,18.598825831702545,0.11602974498240287,0,0,1,0.30434782608695654
2021-04-20,97194,1450.6567164179105,67,4527.696405900824,31441,42300,631.3432835820895,67,2569.2146515667814,67,25,0.08823529411764706,0.16176470588235295,0.00028173335090543594,0,16.753074739829707,0.1293537523885004,0,0,1,0.16417910447761194
2021-04-21,37428,542.4347826086956,69,2361.7871690128122,18689,16738,242.57971014492753,69,1322.0158449459484,69,21,0.02857142857142857,0.1,0.0005426225960599796,0,15.678068410462776,0.019015847499350383,0,0,1,0.2318840579710145
2021-04-22,94225,1624.5689655172414,58,6438.895394294669,36440,39691,684.3275862068965,58,3083.488383325425,58,13,0.03389830508474576,0.1016949152542373,0.00020998733846692495,0,10.702947845804989,-0.11848179443593154,0,0,1,0.10344827586206896
2021-04-23,89220,1939.5652173913043,46,7336.895458047556,47833,40621,883.0652173913044,46,3140.8762075586055,46,19,0.0851063829787234,0.1276595744680851,0.00019084385269231132,0,10.679412664423372,-0.5926134687365179,0,0,1,0.15217391304347827
2021-04-24,220146,3795.6206896551726,58,14291.079550922404,85815,37233,641.948275862069,58,3117.7997101105457,58,18,0.1016949152542373,0.05084745762711865,0.00011487070641378649,0,9.73836276083467,-0.14379400907488743,0,0,1,0.2413793103448276
2021-04-25,104307,5489.8421052631575,19,15932.51310742058,66524,6420,337.89473684210526,19,644.8121944270838,19,8,0.15,0.05,0.00012063217070583157,0,9.210445468509985,-0.1914802460770492,0,0,1,0.2631578947368421
2021-04-26,84223,3368.92,25,8945.252735017235,34594,38612,1544.48,25,4668.555693145365,25,13,0.11538461538461539,0.038461538461538464,0.00014688808310957502,0,9.05668326311758,-0.20434042810379352,0,0,1,0.2
2021-04-27,226911,2025.9910714285713,112,7130.020468610343,52383,65121,581.4375,112,3123.13393879644,112,34,0.09734513274336283,0.017699115044247787,0.00019502387975314154,0,14.494743351886209,-0.20399715499991394,0,0,1,0.21428571428571427
2021-04-28,136473,1624.6785714285713,84,4831.393897399014,28760,51281,610.4880952380952,84,2815.9890491899596,84,31,0.08235294117647059,0.08235294117647059,0.00026145899793026355,0,15.415150611392782,-0.16958098590512177,0,0,1,0.2261904761904762
2021-04-29,131251,1411.3010752688172,93,4859.745915671943,35338,57500,618.2795698924731,93,2966.9250930799776,93,33,0.05319148936170213,0.05319148936170213,0.0002554712029365056,0,16.92899744390798,-0.05237250077052244,0,0,1,0.24731182795698925
2021-04-30,75775,1578.6458333333333,48,4922.6930248166,25213,46657,972.0208333333334,48,3491.926100760691,48,17,0.061224489795918366,0.04081632653061224,0.00023762510458887154,0,17.65488264271226,0.10273111115669505,0,0,1,0.25
2021-05-01,10452,197.20754716981133,53,456.10079682568175,2479,3806,71.81132075471699,53,134.09153828115583,53,12,0.0,0.1111111111111111,0.003377281132217254,1,17.037714285714287,0.08648085429594123,0,0,1,0.11320754716981132
2021-05-05,35356,841.8095238095239,42,3245.266799044457,20976,21051,501.2142857142857,42,2617.891914291515,42,11,0.023255813953488372,0.06976744186046512,0.00034099673985845893,0,18.394332939787486,0.670218504942166,0,0,1,0.21428571428571427
2021-05-06,187004,1161.5155279503106,161,6736.249398873224,53689,47621,295.7826086956522,161,2102.1319942371956,161,59,0.030864197530864196,0.2037037037037037,0.0002262345832226946,0,25.43404837973528,0.1722934281693606,0,0,1,0.18012422360248448
2021-05-07,243852,1354.7333333333333,180,6763.183738067472,63519,47109,261.71666666666664,180,1660.5100692930057,180,71,0.049723756906077346,0.13259668508287292,0.00023736917644133346,0,27.4459484177794,0.34329653155977896,0,0,1,0.2111111111111111
2021-05-08,115692,918.1904761904761,126,3456.90370988672,28059,40519,321.57936507936506,126,2364.4922748130925,126,49,0.05511811023622047,0.14173228346456693,0.0003434422122855341,0,27.828032345013476,0.23221459996498633,0,0,1,0.1746031746031746
2021-05-09,22514,549.1219512195122,41,2488.484279587898,16042,4120,100.48780487804878,41,97.63634619116478,41,25,0.023809523809523808,0.09523809523809523,0.000772761508902998,0,33.756838905775076,0.24754058919420713,0,0,1,0.2682926829268293
2021-05-10,126761,2078.0491803278687,61,6487.9764884136,32959,39530,648.0327868852459,61,2745.3465170916224,61,29,0.08064516129032258,0.03225806451612903,0.00021655983215831108,0,36.679365079365084,-0.06508531301433813,0,0,1,0.16393442622950818
2021-05-11,129571,1088.8319327731092,119,4667.912258480227,35440,53406,448.78991596638656,119,2707.960245789957,119,43,0.041666666666666664,0.041666666666666664,0.0002710808568245703,0,31.348202998013367,0.12600860581411355,0,0,1,0.17647058823529413
2021-05-12,167454,1820.1521739130435,92,7097.5680960232785,51664,49903,542.4239130434783,92,2838.9167653773447,92,43,0.06451612903225806,0.07526881720430108,0.00020123791784074234,0,26.888123924268506,0.03108479068635294,0,0,1,0.16304347826086957
2021-05-13,88182,839.8285714285714,105,4204.35713657488,40456,51738,492.74285714285713,105,2864.226385782204,105,48,0.02830188679245283,0.04716981132075472,0.00028286208538178334,0,19.63957766757319,0.000496429257654224,0,0,1,0.23809523809523808
2021-05-14,177431,1556.4122807017543,114,6826.8073023606485,53576,46231,405.53508771929825,114,2168.254288142881,114,45,0.05217391304347826,0.0782608695652174,0.00022229479923878878,0,16.94495103005741,0.23024502821284276,0,0,1,0.19298245614035087
2021-05-15,65979,814.5555555555555,81,3224.2698049325836,21814,34453,425.34567901234567,81,2865.968240230926,81,34,0.024390243902439025,0.04878048780487805,0.00032828658124870136,0,9.515968636450564,-0.4951829388326184,0,0,1,0.13580246913580246
2021-05-16,17045,811.6666666666666,21,1771.140348287886,8238,3523,167.76190476190476,21,184.43695528876654,21,8,0.045454545454545456,0.0,0.0010216710197578599,0,15.675122385402759,0.4900886141194337,0,0,1,0.2857142857142857
2021-05-17,103705,3703.75,28,9653.839445852427,45122,34562,1234.357142857143,28,3719.7596917033716,28,12,0.13793103448275862,0.0,0.00014952601221312255,0,18.074721780604133,0.10586041480122303,0,0,1,0.07142857142857142
2021-05-18,119240,1633.4246575342465,73,7731.748307246284,62778,43649,597.931506849315,73,2569.9525845645867,73,29,0.04054054054054054,0.05405405405405406,0.00019410501343158663,0,17.249609984399378,0.037825468064453825,0,0,1,0.2602739726027397
2021-05-19,69971,1427.9795918367347,49,5402.729986967221,36444,43344,884.5714285714286,49,3574.8858956149447,49,22,0.06,0.04,0.00022272667630242584,0,16.7723292469352,-0.030611560466562857,0,0,1,0.20408163265306123
2021-05-20,107342,1470.4383561643835,73,5007.277503755857,30957,35842,490.986301369863,73,2279.727691421053,73,34,0.06756756756756757,0.04054054054054054,0.00027438586562174327,0,16.302277432712216,0.008600900592646097,0,0,1,0.1917808219178082
2021-05-21,50608,657.2467532467532,77,2315.4974124924124,16784,35452,460.4155844155844,77,2118.9456312456396,77,33,0.038461538461538464,0.0641025641025641,0.0004508116029626389,0,14.150490730643403,0.0009933413619012676,0,0,1,0.24675324675324675
2021-05-22,78309,1003.9615384615385,78,3852.2917633105535,25566,31918,409.20512820512823,78,2683.698854527374,78,26,0.06329113924050633,0.06329113924050633,0.00030590438513987764,0,9.50351288056206,-0.01024777887528766,0,0,1,0.1794871794871795
2021-05-23,55931,1215.891304347826,46,4720.081059700663,30767,5980,130.0,46,197.38783031270077,46,24,0.06382978723404255,0.1702127659574468,0.00040654795156039027,0,9.233364869126458,0.15781979262467313,0,0,1,0.2608695652173913
2021-05-24,26037,667.6153846153846,39,2292.84643385264,14332,30102,771.8461538461538,39,2631.1235996739365,39,23,0.025,0.025,0.0004060114020970139,1,6.543827722171671,-0.001880403361004944,0,0,1,0.20512820512820512
2021-05-25,56131,630.685393258427,89,3170.8756698322654,27991,35740,401.5730337078652,89,2239.810477410779,89,32,0.022222222222222223,0.03333333333333333,0.0003695023035870464,1,4.95810955961332,-0.08896736403829414,0,0,1,0.14606741573033707
2021-05-26,140573,1544.7582417582419,91,5467.718427970684,40487,51065,561.1538461538462,91,2865.9167465735277,91,29,0.06521739130434782,0.03260869565217391,0.00023993372527959263,0,5.945974025974026,0.07170750588212729,0,0,1,0.16483516483516483
2021-05-27,200196,1539.9692307692308,130,7309.804872249583,59841,61090,469.9230769230769,130,2990.5796944347844,130,39,0.061068702290076333,0.07633587786259542,0.00019412981403039035,0,10.079012904686438,0.6214256511918332,0,0,1,0.23076923076923078
2021-05-28,168463,985.1637426900585,171,4910.269201566666,37966,72274,422.65497076023394,171,3102.874161581082,171,39,0.03488372093023256,0.03488372093023256,0.0002495276639960872,0,20.400352733686066,0.8489896842080644,0,0,1,0.2046783625730994
2021-05-29,59625,1104.1666666666667,54,2458.1818541966923,15573,48901,905.574074074074,54,5191.086219272315,54,22,0.09090909090909091,0.09090909090909091,0.00026139457940770077,0,22.791582355321733,0.4525071925985299,0,0,1,0.2962962962962963
2021-05-30,85788,2318.5945945945946,37,6836.25125285724,30325,8259,223.21621621621622,37,410.7456725365558,37,22,0.10526315789473684,0.07894736842105263,0.0002759002411759682,0,28.028141783029003,0.21460016407279092,0,0,1,0.35135135135135137
2021-05-31,150895,5389.107142857143,28,14107.580608230628,57664,8022,286.5,28,336.89073951411956,28,19,0.13793103448275862,0.0,0.0001384421117003234,0,31.605873261205563,0.44198767255645127,0,0,1,0.4642857142857143
2021-06-01,52005,1529.5588235294117,34,3966.9183077133434,19359,16619,488.79411764705884,34,2031.6074212070953,34,16,0.11428571428571428,0.05714285714285714,0.0003333041287300375,0,32.618602581219406,0.39279546707119667,0,0,1,0.17647058823529413
2021-06-10,126608,602.8952380952381,210,4387.128773916328,62728,107684,512.7809523809524,210,3410.9119477677696,210,82,0.009478672985781991,0.08530805687203792,0.0002564089177688527,0,50.16869500093615,-0.35036102286154774,0,0,1,0.2619047619047619
2021-06-11,133673,364.2316076294278,367,1730.4433978940688,23730,87438,238.2506811989101,367,1842.504991012311,367,124,0.010869565217391304,0.09510869565217392,0.0005594486360156446,0,108.10930840093496,-0.004678135089593888,0,0,1,0.22888283378746593
2021-06-12,84689,368.2130434782609,230,1913.2865463810558,22035,32485,141.2391304347826,230,982.0660065682358,230,101,0.008658008658008658,0.1645021645021645,0.0006902853427223232,0,107.6231029725323,-0.18915390006009383,0,0,1,0.26956521739130435
2021-06-13,524,37.42857142857143,14,48.22338131544184,159,292,20.857142857142858,14,25.719962743295014,14,9,0.0,0.2,0.02633542181725814,0,139.10445155659005,0.06531907401296988,0,0,1,0.2857142857142857
2021-06-15,70452,765.7826086956521,92,2898.7203498280765,23149,61390,667.2826086956521,92,3261.7092610884306,92,42,0.021505376344086023,0.08602150537634409,0.0003245473175802409,0,129.5686274509804,0.07342943570957645,0,0,1,0.33695652173913043
2021-06-16,92627,477.4587628865979,194,1607.7950791146875,19426,66863,344.6546391752577,194,2163.194183839974,194,79,0.020512820512820513,0.09743589743589744,0.0005300836712251289,0,105.93991989319092,0.3217919254133047,0,0,1,0.27835051546391754
2021-06-17,85545,506.1834319526627,169,3367.5308367393664,43513,58573,346.58579881656806,169,2018.779332686671,169,80,0.0058823529411764705,0.18235294117647058,0.00037117388144213676,0,80.80598309126381,0.02053485518690606,0,0,1,0.30177514792899407
2021-06-18,99713,579.7267441860465,172,3651.4105903285663,46753,55502,322.6860465116279,172,1816.9848700019106,172,73,0.011560693641618497,0.15028901734104047,0.00036560428117187274,0,58.11773940345368,0.08719821516251453,0,0,1,0.22093023255813954
2021-06-19,88913,773.1565217391304,115,3067.516463849509,21126,39776,345.8782608695652,115,2263.5822763689607,115,54,0.04310344827586207,0.13793103448275862,0.00037501649555396574,0,64.17875511703579,0.3075773677799215,0,0,1,0.2
2021-06-20,70840,1200.677966101695,59,4180.4072415078135,28520,11581,196.28813559322035,59,389.1470358957705,59,33,0.06666666666666667,0.1,0.00043748796987616665,0,40.74765974765975,0.33108156075528616,0,0,1,0.3728813559322034
2021-06-21,67776,1129.6,60,3272.0867140720425,17501,40602,676.7,60,2668.4519050362373,60,33,0.06557377049180328,0.19672131147540983,0.00033655650020834264,0,37.5911664779162,0.48086262413763636,0,0,1,0.23333333333333334
2021-06-22,110482,736.5466666666666,150,3251.8926932498302,32469,51215,341.43333333333334,150,1890.1416140144322,150,75,0.019867549668874173,0.1986754966887417,0.0003887998952836795,0,21.630029440628068,0.031332750646554525,0,0,1,0.24
2021-06-23,118158,660.1005586592179,179,3871.8415777655855,44380,45478,254.06703910614524,179,1541.2061911277144,179,79,0.016666666666666666,0.15,0.00036934115549062827,0,20.591578403513303,0.1959867901728966,0,0,1,0.2346368715083799
2021-06-24,48709,295.2060606060606,165,838.888931985008,7542,43966,266.46060606060604,165,1663.830518371833,165,80,0.012048192771084338,0.13855421686746988,0.0007984926214850391,0,18.434142459212097,-0.06903440756584889,0,0,1,0.22424242424242424
2021-06-25,94296,703.7014925373135,134,3414.0373273632113,31761,47941,357.7686567164179,134,1947.5705626379292,134,71,0.014814814814814815,0.14074074074074075,0.00037288333543703076,0,17.51302440361941,0.16805559865016617,0,0,1,0.2462686567164179
2021-06-26,19661,153.6015625,128,626.1308049277155,6792,12713,99.3203125,128,663.4451235973464,128,60,0.007751937984496124,0.11627906976744186,0.001548495876881149,0,15.916976810764385,-0.3711562012960181,0,0,1,0.2421875
2021-06-28,2144,428.8,5,701.5576954178466,1659,737,147.4,5,245.95284100819,5,4,0.0,0.0,0.0021063484008592595,0,33.99227799227799,0.5487476661777554,0,0,1,0.4
2021-06-29,161843,725.7533632286995,223,3272.8805090139913,33144,61034,273.695067264574,223,1592.588845534687,223,93,0.022321428571428572,0.12946428571428573,0.0004108911334245974,0,36.0869092884302,-0.29002106725045096,0,0,1,0.20179372197309417
2021-06-30,22418,448.36,50,1199.0403264652093,6603,22436,448.72,50,2098.0836060460465,50,25,0.0392156862745098,0.11764705882352941,0.0006062215427225927,0,38.075678639978065,-0.40012916299947165,0,0,1,0.3
2021-07-01,65953,439.68666666666667,150,2649.8716902878173,31528,38826,258.84,150,1516.3433102799884,150,55,0.013245033112582781,0.13245033112582782,0.00047982169819156507,0,38.075678639978065,-0.4792496412788552,0,0,1,0.13333333333333333
2021-07-02,80489,759.3301886792453,106,5313.936545890123,54667,37538,354.1320754716981,106,1795.9987913638508,106,48,0.009345794392523364,0.12149532710280374,0.00028121740499010645,0,37.87689812767212,-0.3730530976482651,0,0,1,0.2169811320754717
2021-07-03,68828,773.3483146067416,89,4093.8992279563877,37746,37314,419.2584269662921,89,2886.055150232555,89,36,0.03333333333333333,0.16666666666666666,0.0002864527454157875,0,38.839065749480085,-0.8900932676595681,0,0,1,0.2247191011235955
2021-07-04,93088,2270.439024390244,41,5572.756844905313,24258,12786,311.8536585365854,41,527.873496255287,41,25,0.11904761904761904,0.11904761904761904,0.00032772753520896356,0,47.95428571428572,-0.604385426755347,0,0,1,0.2926829268292683
2021-07-05,41043,1368.1,30,3765.202557632192,20153,16899,563.3,30,1529.9144476869874,30,19,0.06451612903225806,0.03225806451612903,0.00037756387068506694,0,59.07610907610908,-0.006198632293773654,0,0,1,0.3333333333333333
2021-07-06,47593,540.8295454545455,88,1843.1086447516898,14803,33317,378.60227272727275,88,1662.3115503928525,88,40,0.02247191011235955,0.11235955056179775,0.0005702196739269157,0,41.848771610555055,0.10366708728993636,0,0,1,0.2159090909090909
2021-07-07,8509,274.48387096774195,31,489.8260828067952,2285,21219,684.483870967742,31,2769.737374685763,31,17,0.0,0.09375,0.0006132028476728062,0,24.408335340881713,0.18899353644929695,0,0,1,0.2903225806451613
2021-07-08,87240,948.2608695652174,92,2969.9107429869214,18783,47995,521.6847826086956,92,2403.337934876499,92,40,0.053763440860215055,0.08602150537634409,0.0003720758089270336,0,22.075815523059617,-0.31041702755855816,0,0,1,0.21739130434782608
2021-07-09,80800,1049.3506493506493,77,4921.293785191456,39250,33510,435.1948051948052,77,2031.000032645061,77,27,0.05128205128205128,0.10256410256410256,0.00028759210530771056,0,13.160142348754448,-0.03405850658050738,0,0,1,0.1038961038961039
2021-07-10,69017,1302.2075471698113,53,5292.731374101985,34601,38439,725.2641509433962,53,3721.7360256024417,53,21,0.05555555555555555,0.14814814814814814,0.00022181636236665847,0,11.302554027504911,-0.13925923220114853,0,0,1,0.1509433962264151
2021-07-11,29190,973.0,30,3036.160199762306,12695,4411,147.03333333333333,30,162.1284044830821,30,20,0.06451612903225806,0.12903225806451613,0.0006249436370666295,0,12.615873015873015,-0.25777239123525125,0,0,1,0.2
2021-07-12,33384,981.8823529411765,34,3172.6498604880585,17796,25325,744.8529411764706,34,2493.5705218451976,34,22,0.05714285714285714,0.08571428571428572,0.0003528444317785547,0,13.440503063527894,-0.08750032792574595,0,0,1,0.17647058823529413
2021-07-13,43311,569.8815789473684,76,2410.136742826599,20325,34193,449.9078947368421,76,2082.3746072061203,76,33,0.025974025974025976,0.11688311688311688,0.0004449871953233449,0,11.262342973999417,0.3413247795234574,0,0,1,0.15789473684210525
2021-07-14,84922,1132.2933333333333,75,4343.495229039015,27882,38111,508.14666666666665,75,2291.0566763863385,75,38,0.05263157894736842,0.15789473684210525,0.0003013613136009693,0,10.184873949579831,0.04099176226464872,0,0,1,0.10666666666666667
2021-07-15,94803,790.025,120,3371.970716357838,26052,39697,330.80833333333334,120,1714.239024623876,120,55,0.04132231404958678,0.05785123966942149,0.0003930655577916727,0,12.698609355246523,0.21354295324791706,0,0,1,0.24166666666666667
2021-07-16,89877,1082.855421686747,83,4612.2928855146465,37905,32842,395.68674698795184,83,1869.8627439370189,83,43,0.05952380952380952,0.13095238095238096,0.00030844416980305123,0,12.221993833504625,0.8332784119132256,0,0,1,0.14457831325301204
2021-07-17,59860,981.311475409836,61,3492.8932732095877,24573,34871,571.655737704918,61,3077.8582861314776,61,24,0.06451612903225806,0.06451612903225806,0.0003042865658230516,0,12.482539682539683,0.36276580348630144,0,0,1,0.16393442622950818
2021-07-18,34958,1589.0,22,3756.599589547771,17084,5826,264.8181818181818,22,376.33971942326843,22,11,0.13043478260869565,0.043478260869565216,0.0004836830363291815,0,17.010103845074376,0.21383235823226104,0,0,1,0.09090909090909091
2021-07-19,68128,1746.871794871795,39,4469.560040632088,21426,37015,949.1025641025641,39,3412.0808730070603,39,20,0.1,0.05,0.00025368989048446967,0,15.575289575289576,0.11501765884371443,0,0,1,0.3076923076923077
2021-07-20,24339,386.3333333333333,63,925.149107424172,5481,16602,263.5238095238095,63,1577.116385104758,63,29,0.015625,0.078125,0.000798637367310565,0,12.681901279707496,-0.07562545918444427,0,0,1,0.14285714285714285
2021-08-02,66378,2655.12,25,9096.656543844374,45436,27534,1101.36,25,2939.649481372453,25,12,0.11538461538461539,0.0,0.00016613633145814443,0,17.202764976958527,-0.5492007751957795,0,0,1,0.12
2021-08-03,15056,273.74545454545455,55,786.1656176984454,4829,32609,592.8909090909091,55,2306.875116406088,55,28,0.017857142857142856,0.05357142857142857,0.0006461950493774828,0,17.421368547418968,-0.8758754119298415,0,0,1,0.23636363636363636
2021-08-04,43276,432.76,100,1681.6999403261357,15428,37687,376.87,100,1882.4357027129731,100,33,0.019801980198019802,0.06930693069306931,0.0005608311629715726,0,12.897243107769423,-0.6152398841573734,0,0,1,0.17
2021-08-05,71014,747.5157894736842,95,3472.1268356795254,26720,35882,377.70526315789476,95,1776.6757979241602,95,43,0.03125,0.09375,0.0003808941488679374,0,14.456654456654455,-0.3316748382503454,0,0,1,0.23157894736842105
2021-08-06,41407,492.9404761904762,84,1896.2647834478048,15648,43145,513.6309523809524,84,2499.3671332923886,84,38,0.03529411764705882,0.03529411764705882,0.0004547902229804008,0,15.231597323247017,0.1661657812962527,0,0,1,0.19047619047619047
2021-08-07,79171,2199.1944444444443,36,6336.645925857191,35044,5441,151.13888888888889,36,182.5597597309327,36,12,0.13513513513513514,0.0,0.0003066917524806806,0,12.765770862800565,-0.5067002257306791,0,0,1,0.05555555555555555
2021-08-08,63524,1628.820512820513,39,5877.496302229891,33842,14246,365.28205128205127,39,1322.8187000078349,39,25,0.075,0.0,0.0002776884931273638,0,12.765770862800565,0.1298653067830739,0,0,1,0.4358974358974359
2021-08-09,70667,1104.171875,64,4301.864215883021,25270,29109,454.828125,64,1782.9439321605644,64,28,0.03076923076923077,0.03076923076923077,0.0003285794379181867,0,12.746470920383963,-0.2584442302666916,0,0,1,0.25
2021-08-10,29084,538.5925925925926,54,1304.9462002720545,8267,34050,630.5555555555555,54,2138.7326759367324,54,18,0.03636363636363636,0.01818181818181818,0.0005804371422448283,0,9.012283044058744,-0.268429594012123,0,0,1,0.12962962962962962
2021-08-11,55869,613.945054945055,91,2168.0091193055305,14482,33242,365.2967032967033,91,1586.553206689167,91,52,0.043478260869565216,0.05434782608695652,0.0005324016551410261,0,9.146609957468101,-0.19200916261394446,0,0,1,0.26373626373626374
2021-08-12,48554,647.3866666666667,75,1947.6962753214118,13472,36090,481.2,75,2008.0743633263812,75,35,0.039473684210526314,0.05263157894736842,0.0005053349935112252,0,7.6096284667713245,0.429522465732148,0,0,1,0.25333333333333335
2021-08-13,49510,773.59375,64,1928.505101776857,12196,44515,695.546875,64,2943.2796140796313,64,31,0.06153846153846154,0.046153846153846156,0.0004103587081910188,0,6.115672676837725,0.2172962352461979,0,0,1,0.21875
2021-08-14,44579,1204.837837837838,37,2979.228633514177,14247,5690,153.78378378378378,37,215.82080209891404,37,16,0.07894736842105263,0.0,0.0006255768139589197,0,6.715506715506715,-0.8320986800810735,0,0,1,0.10810810810810811
2021-08-15,25423,1210.6190476190477,21,3231.041186308068,14482,13244,630.6666666666666,21,1882.665326958919,21,17,0.09090909090909091,0.0,0.00039095284196097524,0,9.061810154525386,-0.02220130007687067,0,0,1,0.23809523809523808
2021-08-16,727,66.0909090909091,11,90.96093067405867,305,311,28.272727272727273,11,22.873962967054524,11,9,0.0,0.25,0.01726595447306684,1,14.007058823529412,0.666660125309667,0,0,1,0.6363636363636364
