date,viral_acceleration,cascade_coefficient,content_virality_score,engagement_explosion,hashtag_momentum,influencer_participation,cross_platform_sync,viral_saturation_point,meme_lifecycle_stage,echo_chamber_strength,contrarian_signal,fomo_fear_index,weekend_viral_buildup,afterhours_buzz,volatility_anticipation
2021-01-01,0.4363502971184062,0.5791539567011614,-1.1786710103450353,0,0.1332508462195744,0.5303021332491583,-0.10956971365099549,0.7640921658333611,1,0.807189318791188,0.4529110702676108,1.5237672237248878,0.11505959098091267,1.9154663543974064,0.8726258854858964
2021-01-02,1.8767857660247902,1.4417858457358714,2.0728736011569104,0,0.41635627474564135,0.041951223431636264,0.8607925460587449,0.41806127946939614,0,0.8613196258150908,0.948744395149711,1.5630112954843642,0.4841089787648012,0.9592295862230847,0.08710928946143404
2021-01-03,1.3299848545285127,1.3580259629340956,1.3259861034810005,0,-0.18274766666121017,0.9684887775943838,0.506098467858751,0.23965254236309913,0,0.8172523113668212,0.060604907714909784,0.5515148088825625,1.0930170394474168,0.17135149011132977,0.48738444167204287
2021-01-04,0.9966462104925915,0.29368670218394466,0.6153271238455966,0,0.4236298350633397,0.7987141916545746,0.3406609464706599,0.06148966022093081,3,0.512726394261776,0.6853953434460057,0.40849351782433496,-0.03491733675829001,0.41288920319508404,0.691416057513152
2021-01-05,-0.1099533988939087,0.10404195131274818,-0.20584757938248766,0,0.7993550983477333,0.29282203670096474,-0.3335157961797784,0.4004994144563343,2,0.4383849800307613,0.02496622212005717,0.033512608984764825,-0.04793360642269584,0.0027882506098831916,0.26175110013448244
2021-01-06,-0.11001369915949338,0.15116700206613998,2.3860027040655414,0,-0.24696675725338835,0.9799703293588506,0.17058331570963814,0.635612435592599,2,0.9962622865248768,0.17143417671054273,1.3583983024023387,0.6021019065898647,2.7096708820341218,0.6242407369975181
2021-01-07,-0.35479096957950135,0.027332738477324592,-0.03777446288682307,1,0.7748916026434491,0.6018815896363221,0.19053740680288944,0.5656691818133586,1,0.22917195121416212,0.4535789999228341,0.15313651686707797,0.5471271590597115,0.07385395152371577,0.8293851501423746
2021-01-08,1.665440364437338,0.1416644411338926,2.0829971973578854,1,0.14759875679515772,0.5824226582072465,0.7968454142840049,0.04018080917117901,0,0.5468759658760446,0.4548724428028682,0.8415224035318516,0.06452494082586568,0.6283673085285332,0.19033697509504754
2021-01-09,1.002787529358022,1.0245101601245352,0.19567454285109198,1,0.6578287953709852,0.7480731794295321,0.3199723302816827,0.05832146829432281,1,0.6706755253823256,0.6857005429336439,1.2033643280365922,0.09615130104964553,1.248788342063722,0.9172205918248628
2021-01-10,1.2701814444901136,0.10678297269034348,-0.1152778528754621,1,0.560624032464101,0.8117697880901376,0.07060082345561447,0.3222986261061097,3,0.700867635861432,0.9102130348677566,1.874217889839354,0.055690326413130986,1.0697139778524574,0.553558532662358
2021-01-11,-0.4485387642604939,0.47846344544064195,0.31339892834803207,0,0.3237178870853346,0.6564786073315027,0.965200492765989,0.23623239523835463,2,0.2040246657385787,0.6390321589149208,0.6236042739115373,1.0430241239969753,2.735177630738327,0.29923200430106056
2021-01-12,1.9247746304049858,1.2673129664541818,-0.4931106291792897,0,0.5122941301764592,0.12809574636620003,-0.3339191100105265,0.18590745844483827,2,0.6539940923398012,0.9535350978515088,0.49954432489303957,0.8038017311249213,0.12086683720362634,0.43085827538227073
2021-01-13,1.5811066020010545,0.0349079036037388,1.7380469008812556,0,0.6663671174314827,0.3382675059944984,0.13382264246791697,0.2248035991269709,1,0.8183695664813373,0.8816156398779976,1.3083203085721968,1.1648343668205055,1.5366441230311547,0.31219188378638796
2021-01-14,0.030847776695690388,1.2217027238834037,0.5136019504623959,0,0.1445543538161363,0.9280836403260497,-0.43696298724289206,0.6427861946375077,3,0.050018576821112215,0.5844997955307902,1.2384780641071633,1.4509460566280437,2.041438387573122,0.7251111599333161
2021-01-15,-0.045437581982248454,0.4227821621600999,-0.8389365242659135,0,0.059736477719562586,0.22461561184385193,0.6098561811503955,0.7433824429054832,2,0.9115212933253165,0.8337919509188273,0.6642195666162491,0.44832859254397284,2.7950939210435064,0.7963006634151322
2021-01-16,-0.04148872536641546,0.17724724143248438,2.497872866372842,1,0.43435272411994325,0.3721670238375133,0.877114828298726,0.32408215562205317,3,0.029504055145205932,0.642577610323634,1.856203671019573,-0.3666122371891023,1.861113756371163,0.832937392318661
2021-01-17,0.2606056073988443,1.045105748046226,-0.08054389313394283,0,0.5886305361353845,0.432076882944196,-0.07994400567426585,0.7248888017059977,3,0.35597103248839435,0.07855783092372715,1.6897246549792655,-0.40381537917592913,2.411265708035288,0.9857682495857412
2021-01-18,0.8118910790805947,0.943414270169826,0.717764305569943,0,0.5385136482542774,0.4394049896944522,0.7875125151986813,0.25719656099830557,1,0.015813196232962068,0.74056472325951,0.4479650917301623,0.09133007854323827,0.2511748135360452,0.7912842924966835
2021-01-19,0.5798625466052894,1.3162080202905795,2.532360554822735,0,0.5775950137444981,0.6129395824945255,-0.06167265430715335,0.3811495890750333,0,0.07714516853958187,0.09490844126734621,0.47828509086904636,1.3650891787049018,1.157818532810782,0.6013840706885634
2021-01-20,0.22807285049510484,1.1026065657058286,1.1211899795699605,0,0.17914164629422635,0.9430758377447076,0.8661552424658727,0.1808231982527998,1,0.9111682851800791,0.5940827805697124,1.0246006937741612,0.5464261099417498,1.1218414034372024,0.3392202983917838
2021-01-21,1.0296322368059487,1.2052213955772728,-1.4155097964581795,0,0.5996176377925237,0.24069271183250496,0.6309428553951759,0.5123808337406752,0,0.3548608307461478,0.7026402058582288,1.5471442034614407,0.04357303216025832,2.658864649367153,0.5445954487107494
2021-01-22,-0.1512653483698954,0.42305185885695973,2.699160618067376,0,-0.16777003909233068,0.12150137630091806,0.707360165262158,0.7831848921398472,3,0.4247715304250529,0.06652760821085524,0.08808075877692878,0.2983335890220391,0.4541135137898248,0.04106817279040542
2021-01-23,0.23036162133804539,0.26615931566958423,1.138540265357089,1,0.2989380077569345,0.19747048985993731,-0.47299016659931825,0.48279447683470295,0,0.21534438138255263,0.23079465392653176,1.3866703074694133,0.6971902148093416,0.4556585170098908,0.7448250755299131
2021-01-24,0.41590460823422926,1.1259221274612874,-0.32547192671456937,0,-0.2936654734520663,0.8869249002092695,0.9442155356110389,0.2862512672908391,3,0.5970957701867198,0.9156722322616498,1.296471794764194,0.8058993162756845,0.9856744496573954,0.4459555450921018
2021-01-25,0.6401749605425899,1.210252108900896,-1.3036396366830636,0,0.05704441289029738,0.645810812655206,0.590006488105485,0.5182539567924227,2,0.5948032146777896,0.6163144922328964,0.4629601918259765,-0.19216098043418994,0.16339814210051273,0.02002322973218762
2021-01-26,1.462939903482534,1.48575771300101,1.9701259463514798,1,0.10310768835853773,0.28590678923916013,-0.04287335692080002,0.09833654277231006,2,0.37220039182521925,0.24628601881053158,1.3627060264826976,1.454063353090352,0.5473741219574701,0.06250694151041081
2021-01-27,-0.0008155446041006598,0.6189265153671397,1.1003637796425676,1,0.13578996077018096,0.8159469389686173,0.7440919972882705,0.710927264212319,2,0.33303487180539837,0.6906797711480066,1.8803663825041652,0.5895444539655776,2.8956289156372055,0.38746646382175665
2021-01-28,0.7855860960340291,0.5580271286891747,0.6673054598816077,1,0.46501392735884844,0.861369996363436,-0.07771820237760507,0.4024671606238691,1,0.8849643081805878,0.5967764199616896,0.09357168994353704,-0.2286233644154414,1.2845518196015187,0.5834215190184351
2021-01-29,0.9810364221551062,1.1646194411129953,2.4694629152547884,1,0.12741391139738034,0.846514338690278,0.8091307593491919,0.3594797936317137,1,0.3832842396422014,0.5015756999179484,0.6393041105841251,1.2872705066922674,1.8960576252673094,0.4642039489521267
2021-01-30,-0.3838739682000057,0.5112053103795268,1.9429860561226535,0,0.1935629848847838,0.9189265336395545,-0.3311294143820945,0.4686918307628154,3,0.49350099215440824,0.9761869749880837,0.8763534333327105,-0.3507231378411424,2.178333778033911,0.6192043172921549
2021-01-31,1.0188621297535958,1.396135988405347,-1.2416256013362441,0,-0.03870145603823977,0.2522410201733616,0.5555289661911935,0.499827090231522,2,0.28330476242493063,0.6834537774075089,1.7985207178493792,1.3154708663550254,1.1008842210216014,0.4802942587913558
2021-02-01,-0.07368969078177118,1.2876191277645177,-0.44138966102225874,0,0.11057697079227413,0.7550419287462783,0.3110477149673655,0.057420644981210425,1,0.7867695033571274,0.37544110966791266,1.9245228932183134,1.4931313125779648,0.4416812232315509,0.6617038454813468
2021-02-02,-0.3373710175368012,0.6434910410625275,-0.7575543009276713,0,-0.05000341001053335,0.46053949727414,-0.3551982947068388,0.546093776978722,2,0.39744815689909163,0.800073432076868,0.8882304929926645,0.9008635983130078,0.6197430486653425,0.21912606467080087
2021-02-03,1.8722138431333333,1.126306601687246,1.7197314628633849,0,-0.21948448385471198,0.8419985528900615,-0.13715925761174153,0.19354534425242367,1,0.5136110465443245,0.8845832929211878,1.5000568242843824,1.0408944421479795,0.9397994297418311,0.11284318718362141
2021-02-04,1.9140800826863984,1.1318143111270236,-1.832337826321103,0,0.36379345271951574,0.7284906771616132,-0.4813939455840278,0.5711621060052718,0,0.2533571700596614,0.12522055951683142,1.063322047528966,0.17460567293497276,1.9082052610566769,0.59643395462566
2021-02-05,1.5209933702911527,0.1546858032538989,0.8494484243565825,0,0.43503407841051794,0.7764474464997246,0.20315194819675875,0.6580278355073574,0,0.9876595923412518,0.2005529778452665,1.075565869482753,1.3831537054678675,1.1948416472671632,0.48468951693630746
2021-02-06,0.26153442293342666,1.35382936001935,1.8122934287034527,0,0.381439380610576,0.6561618376810715,-0.04810210885999944,0.6431668060420163,2,0.2914957409237229,0.2162270091277797,0.5561990301327129,0.5594279322167353,0.020444093700384358,0.026867654044935296
2021-02-07,-0.2558197149840403,0.7578785586717858,2.383828183808747,0,0.20984344818062967,0.17742876946970687,0.3975362264466382,0.4420007739263113,3,0.7707425309055517,0.6912118093865404,0.43391249172775903,0.9647768931951097,1.5702215552024157,0.38048188549303585
2021-02-08,1.2105825662803922,1.2396861991616124,-0.2895912564204628,0,0.11776435819715286,0.5450269188969383,-0.05414328843707422,0.41613591384860094,1,0.4274956503567592,0.6030395550532833,0.5760106918480823,1.348215431822559,2.764540175722254,0.10612558549099549
2021-02-09,0.6003812343490034,0.48007440154591763,2.1062865233600645,0,0.6496670145290078,0.9846697395245082,-0.05012133273952296,0.11430076907152938,1,0.20621740508413988,0.6189915646985882,1.1126560145141586,1.4503599519510166,2.436232833026037,0.5313568317526952
2021-02-10,-0.19490441288805294,1.3432848427443007,-1.4468413152239639,0,0.2709899636498399,0.9373880664971189,0.6147897980974051,0.6202769203225085,0,0.7997187639648612,0.940773299689501,0.058310372044177994,1.1664087131933487,2.4756341137788933,0.39577767966043076
2021-02-11,0.7379422752781755,0.5838025181012447,2.232261458672591,1,0.22710006539270416,0.04317373579701167,-0.4277857460324698,0.2171275043573715,0,0.33360678902904317,0.775911532807306,1.8144978887128116,0.10603501396406001,2.3851740528183933,0.6131519111030179
2021-02-12,-0.414028697211954,0.01625647722044754,-1.362556688340088,0,-0.27179372761292075,0.16481481572943713,0.8543424927879808,0.39735633825435723,3,0.8651933473978111,0.12793692451178318,0.31256741909955243,1.4330950331041648,0.971192476831271,0.8056022187702383
2021-02-13,1.7733010051969553,1.3580729646288954,-0.013563547198163661,0,0.07537261038877202,0.1317287734545619,0.7783958115867722,0.22741927434201337,3,0.915257184917823,0.347507082425181,0.4401773537427731,0.7562390624871436,2.295581501263176,0.2996686838414908
2021-02-14,0.1469499540000423,0.13693001517920034,1.9864768288977679,0,0.11821518066444281,0.7259799099852955,0.5017070248396098,0.10706269039975452,3,0.8598238353912759,0.4353936461757356,1.0365523528952927,1.3612849527039197,0.429484073433579,0.9621021041650275
2021-02-15,1.156305710884955,0.4789704563856223,-1.250412863256131,1,0.13870505898659058,0.8177853298569451,0.3898323551610765,0.5036461575133893,2,0.03500791480680565,0.3959615887476049,1.4202295326745586,0.8522100516287037,1.9731484418278606,0.5356345005875744
2021-02-16,0.27927769022352744,1.4250929505762073,-0.8537430238367927,0,0.3381896061500656,0.2135113663106719,0.8384537472094784,0.043465627858323065,0,0.7873733450051056,0.6693086091618792,0.1914581094887946,0.11447792369544096,1.9247057000549832,0.618290798754788
2021-02-17,0.800170052944527,1.4259107204063342,1.6112628419653312,0,0.28696280139956637,0.505852692951829,-0.22200473070692833,0.59891618730096,2,0.4113394664991439,0.8918931032565626,0.6353893950943243,0.2400490482856319,0.076709397269204,0.680672373225737
2021-02-18,0.8667756983581991,0.8601568321849291,1.600182682730372,0,0.3686956020727891,0.8407030280112,-0.3815462567137571,0.25406943620889333,0,0.8737229201822251,0.306051463522788,1.9373492111487143,0.600943554205881,2.3639104007727947,0.6667315298575898
2021-02-19,-0.0378638611861824,0.9477558182546989,1.2057381644264864,0,0.5413715876963412,0.7328015447662506,-0.14073474513569284,0.00010775440358825606,0,0.6379542626847388,0.5518771364211856,0.5246859335618914,1.080029683119764,2.7097443152853917,0.5109707430450621
2021-02-20,1.9239615694113965,0.6726682829674797,1.4697422223355003,1,0.5942843125877029,0.5422372054918483,0.6918674180502853,0.40890331138978386,1,0.8336431341439584,0.7894094219135857,0.6261002901262938,0.13596510268066986,0.802245835416323,0.4287642911146835
2021-02-21,1.4378320584027864,0.4398161575470968,0.7136222167379809,0,0.48993538384914387,0.5903476904587729,-0.447994599910275,0.0374815268220825,0,0.49943176986683535,0.41621805884534935,1.672996981236067,0.6594623322683841,2.4371721725584528,0.053781964177377906
2021-02-22,1.8487473539104728,0.49299681805487394,-0.7410047054652362,0,0.7510760655504283,0.50836054691628,0.37421025262523444,0.22093564625671958,0,0.5350255045989328,0.16811812839929585,0.1004288633809105,0.19124998715280306,0.2472179155858446,0.02208584530117974
2021-02-23,1.737068376069122,1.0087776841155576,-0.2715200324804028,1,-0.2799441590560022,0.2975484513188206,0.9931562742869648,0.565581189964573,2,0.14438763213366723,0.47495096526374825,0.9292263376179417,1.1315388092702143,1.799903574783198,0.35796119453276465
2021-02-24,0.9947499470277128,1.12856179415652,-1.0920114159928715,1,-0.08464421574809927,0.5650219928590161,0.7835441407563091,0.05015169729749269,0,0.7839873586893554,0.05522252074302847,0.7592335289033405,0.43345618753590087,1.4569405960028314,0.33366089063369264
2021-02-25,1.8046855875577918,1.187368565588773,2.5422528066681416,0,-0.29168083752404367,0.6888853020500907,0.2821685335653842,0.6714707938848019,2,0.41938961166697164,0.9423834540022769,0.6331735198173023,-0.34655434629422954,1.637770599927,0.38769515483900674
2021-02-26,-0.27876874487020126,1.1844272141918308,0.9169589738306021,1,0.41222218557006335,0.8733229158608077,-0.4045386360700365,0.0030559381268664867,3,0.5000801182715826,0.07482120519497304,0.571399188089529,-0.16789495703692725,2.778615605653035,0.13836820088819002
2021-02-27,-0.010042843952137004,0.13680915457303555,0.0042570838181994475,0,0.6878336038449857,0.6362913539792481,0.7470602715785648,0.1974590953615218,0,0.7850977140957076,0.43845671525057817,0.1827482097208184,-0.3777906647607354,2.6139457417405607,0.7381682705368436
2021-02-28,-0.38693177772365484,0.7416304570538722,0.3100290182206633,0,-0.032169473766070766,0.761121537043158,0.3984677622658158,0.5927232449216572,0,0.598845400079439,0.5298812610885262,0.6296516587032976,0.49860589202865047,2.355250971719271,0.856964414776239
2021-03-01,0.3133258269081609,0.08633814002496643,2.7364166980590765,0,0.7197379992759374,0.160071634954573,-0.32760050441064975,0.25301611978344546,2,0.20109872744266744,0.9853038322872855,0.08610480543133714,-0.28732540530354567,0.8210953730351129,0.938714635374035
2021-03-02,0.4716932242237051,0.8242933234856034,-1.233242984419599,0,-0.23370587068148305,0.4615574744197899,-0.3592140727649657,0.08151391045281083,3,0.5902326591508927,0.16602182364286078,1.5619277272888705,-0.2717200613807358,2.7354558860582747,0.49236230351962584
2021-03-03,0.17837257943473972,0.6622957520600655,0.9311491600839861,0,0.7278796294860657,0.009331619827093296,0.8644402291548885,0.2881871350403423,1,0.40763285797965576,0.11443151861235856,0.7964555879160233,1.382096520076754,0.29252307739162575,0.7008656991254286
2021-03-04,1.5718437728798236,1.3315562741374496,0.52944339442233,1,0.08678495596359792,0.24667886452162302,0.5038003944071177,0.21631462910762045,3,0.46952554204386265,0.008706147062543579,0.8878076646398232,1.2453101443521108,2.5599876496763634,0.8555511234358725
2021-03-05,0.39188331673397325,0.5263725188281181,1.0572711771732393,1,-0.18843708870586182,0.7264617151130048,0.7439301989751332,0.674169521728444,2,0.028311274402667785,0.1555714368693023,1.7871891729002631,0.40417319362273196,0.9844802170608233,0.41829111109348593
2021-03-06,0.2023362742184519,0.1756005246414088,-1.9094490808957976,0,0.23445893510495824,0.9918099513493635,0.8184683504234009,0.2506783340681145,3,0.2100293495162816,0.20727297906766762,1.3161099677224415,1.4716106417004116,0.16131693498595012,0.3094127948704444
2021-03-07,0.8567402078956212,0.21448752307925378,2.360619544720757,1,-0.01754577550744124,0.0991780995872159,0.35765852807248333,0.6311459774208058,2,0.28103808138102826,0.6305809415830923,0.016118206684239578,-0.49962694365867377,2.008070952722245,0.9367245558534901
2021-03-08,-0.14768943756309338,1.1422659475762083,2.6605914124180616,0,0.013360192158115125,0.40149431586128825,0.276169527632562,0.7134977158485878,2,0.7129600078588058,0.2197067903914004,1.88634964592257,0.7279589125467876,0.6938397849478664,0.5156765510770731
2021-03-09,1.5054924518850994,0.9273270949743916,0.8256659179460448,0,0.038018961418915254,0.8000709686991595,0.14564111548148528,0.34705393566122367,1,0.011492473298115313,0.02052081472932521,0.47428893195542243,0.7328563547437401,0.7307133775938958,0.497253886590878
2021-03-10,-0.31362339080057294,0.15168401418418537,1.483254119384461,0,0.5833284876159299,0.20403563462889884,-0.024580118313321075,0.7279545150835136,0,0.40877726122913205,0.8266183455024887,0.2152283695197177,0.4148861117397764,0.9181414986863145,0.17841609656349577
2021-03-11,1.9672173415012932,0.12616020917249615,2.612496905886479,0,0.29307740434278,0.5550849493022862,0.15189394128806766,0.3018544431705543,2,0.9240268704257328,0.36559570100396677,1.5362563567617644,0.2938959458685857,0.19105430250755018,0.10815501457335674
2021-03-12,1.4306119232416434,1.05145369718868,1.536193171566993,1,0.042438469071604035,0.7330712960296748,0.6608194835952346,0.7712627331920866,2,0.11188061654912385,0.35369668658073394,1.0009546317334364,0.4107662709612152,0.5313814325947621,0.8421068624835116
2021-03-13,-0.0032107961645689853,0.10914450954629029,-1.2373047854286932,1,0.3713671616420103,0.615985450260179,0.40288514652269736,0.07143161962045834,1,0.516424388218611,0.30247902916792657,0.8675411320360351,0.32992087215936095,0.015418882756680907,0.6141331761875181
2021-03-14,-0.486194707190994,1.2327900889355343,0.8814418008340659,0,0.48776574164551295,0.18802473461541613,0.8387849349322691,0.5496154132025942,2,0.786522382390847,0.9753732771464209,0.49900615936548354,0.9609849549645988,1.3362285633173605,0.3258245840194487
2021-03-15,1.5386535711370852,1.0593633407347443,1.0335752319142797,0,-0.0001135991931128233,0.3553845686857394,0.1650700215687816,0.39505123236554296,0,0.9425313075201167,0.17011541730928148,1.0949429797246373,-0.22928913005343188,0.25276613225391387,0.19173621739026647
2021-03-16,1.267143359619043,0.12202317096284965,0.1206533565119301,0,0.1549040116778867,0.7837917844853972,0.41063436807813103,0.31011904436451765,1,0.746776639533718,0.8982380639532351,0.5487692104051749,-0.1047215588177397,2.0479578151325972,0.5554972801696314
2021-03-17,1.3225179201024684,0.12725657112778788,1.6822211781236143,0,-0.16592529732935768,0.5542265141320166,0.4469613296379831,0.5061695029988807,0,0.7205655486444061,0.776803332139888,1.8031660105741352,-0.1389635432151528,0.7068685535749452,0.5839192892611353
2021-03-18,1.4281758667148643,1.4799593677517633,2.671835073845074,1,-0.10073571551185162,0.005229613542912737,0.3875457434594882,0.563085673307465,0,0.8264880901957624,0.07647995549931308,0.4304089594663856,0.024941170242529065,2.8307224321055315,0.20699360124505817
2021-03-19,-0.3148883706647741,0.5614061936341805,2.627842564533882,0,0.44922963936148114,0.7609907600280938,0.5539506596282746,0.00349061572024727,1,0.44620122097754367,0.9867291015008487,1.768710300911507,0.5505168375631666,2.6137548821959578,0.8514057478914739
2021-03-20,0.3961643213606816,0.5559632206003364,0.2541968570206605,0,-0.10041781753481033,0.03531135494023907,-0.14384979743779058,0.13356247099775898,2,0.8058445326178331,0.27136596353901055,1.118810851454714,-0.27758250532356255,0.8683226849046247,0.08426436615585109
2021-03-21,-0.21032735118717572,1.219199350886254,-1.4338097707962238,0,0.2776797220337663,0.7457337827312321,0.26854566631868604,0.570436840507455,0,0.007964404745451126,0.09858292702241234,1.656976267790482,1.2363385906530082,2.3496463639700362,0.3560930851664217
2021-03-22,1.6577585646889839,1.420872866075788,2.9242059948116728,0,0.47995088789467605,0.2024805601652374,-0.3436627957874785,0.5331083308625651,0,0.9245610553768049,0.8293142341257594,1.42569199172191,0.09472306261694463,2.4097347139944185,0.6803844137625221
2021-03-23,1.0582453170688948,1.4790015957343063,2.1944904322296708,0,-0.18243538459578176,0.9580734801193802,0.07676699146721888,0.7728380041029418,0,0.4433065095171753,0.7066755336776999,1.3933902228734971,-0.1749240250625843,2.959689342343231,0.2741203638192007
2021-03-24,0.32724506213162297,1.1300672778884124,-1.3766865939836657,0,0.32404344159179393,0.3679407513020845,0.23150060293189667,0.6088302322006265,0,0.5533801878657476,0.6172188058779008,0.6486916153901114,0.8512426191964866,1.7935199605370549,0.8276751947812718
2021-03-25,-0.3411041242849409,0.5643893782963736,2.6042094130868616,0,-0.01778093792849983,0.3269316163380791,0.47833638931820865,0.7606181661850705,1,0.2548822489148823,0.15598086369893316,0.46779386294440695,-0.42382739880136144,0.24589720393098657,0.7398678266004035
2021-03-26,0.2774558042891555,0.12525107504800315,2.3494818103106416,0,0.7592195627613378,0.14888805033244468,0.9257965788793052,0.5620324012278456,1,0.7425308328404214,0.4784961162559619,0.42177245536157626,0.7399371297483284,1.9405116867791428,0.7890228445481342
2021-03-27,0.3129583050668676,1.1657203738911552,0.5941902856303605,1,0.23190021139191724,0.3056042154902149,0.40097659982253386,0.23844176691155453,3,0.07663580647524881,0.7805560268872138,1.7143833141191773,0.8963968613529996,1.8749392451281057,0.11910653587671627
2021-03-28,1.32401544584516,0.8376063746037076,0.9563771787246464,0,0.5865918047526739,0.8766507618282006,0.6153908742648397,0.08429193780068518,3,0.8726358025468353,0.30362393814384026,1.64085364051804,-0.07016693722656164,1.9150517322612952,0.14054712799554292
2021-03-29,1.0938936783880329,0.6363330138704644,-0.004986480649348701,0,0.305249196371888,0.9963343376272473,0.2593990892428042,0.6254590906759485,0,0.8281168290063428,0.31168982851504146,0.8811470560246146,-0.4160718531127314,0.9214369443126346,0.2864737377445836
2021-03-30,1.7180318564408164,1.359531577642104,-1.7261918058898433,1,-0.2522462138596989,0.36830953050684834,0.45115604706449697,0.5153193771807327,2,0.2160601162447664,0.0031409060481221163,0.2648092269929092,0.2272907178388992,2.579038755240999,0.5180771651975611
2021-03-31,0.6805373129048733,0.166796223459227,-0.3240137917704953,0,0.3964665131534247,0.44861063095454257,-0.39360167579933986,0.03854880991463699,0,0.8093243982852624,0.17424340164537955,0.7645045039549168,-0.30281153951612705,2.8784165488662357,0.7480160766994024
2021-04-01,-0.20101438515424574,0.7389376564362887,2.0142672429900568,1,0.7465436764273228,0.722070938202737,-0.11841262873722952,0.2880403727207827,2,0.7863577330614815,0.8754056251218343,1.2386869082738228,-0.26704430065332585,0.6531375389344546,0.8365308907609035
2021-04-02,1.2831119680574874,0.017030467151128603,-1.9768398849769857,0,0.36177300216096436,0.8861957804650745,0.04277963980770805,0.765439852387429,0,0.632216597753949,0.4417464916377071,0.9088063089599057,0.008522462889729132,0.26445647440993336,0.7043353159571805
2021-04-03,1.4019626215422436,0.7029909629911895,-0.3325041415442791,0,0.6011077453694693,0.5930443341867842,0.20874003250977036,0.400320916568161,3,0.37352017689968753,0.984234499234434,1.56037853696599,0.09093584925351861,0.5836050995054523,0.9285968815306384
2021-04-04,0.9031929939237406,0.08445491352275603,-0.009156532045283328,0,0.6726271096832486,0.39152569817782934,-0.4315268817464244,0.34618330881576376,3,0.27149875418186786,0.39570796357379256,1.9952456445027709,0.5599406820428412,2.4616564177671565,0.7387435096159303
2021-04-05,1.4274179498864026,0.17822687440210788,0.6869780146896143,0,-0.04911225085617427,0.41262184084862374,-0.2899638536700235,0.3661596841274352,2,0.23178359028935003,0.7151864547802412,0.3822641768977937,0.8567837710060262,2.0299339044595426,0.3062678870046147
2021-04-06,0.7344889909109769,0.17628937016565732,2.599278082063803,0,-0.06675067610095067,0.6956181464968069,-0.08477853831304133,0.16710617920413098,0,0.3186089627636072,0.28191904290472913,0.9193016393191449,0.6855418817403696,1.90814202701738,0.2650812843385726
2021-04-07,0.8068320734549852,0.9738154531740953,-0.26827002817019374,0,0.37207908773609094,0.0032182636042786816,0.9572990363515759,0.2949657366918362,2,0.9035584434325303,0.3638096411409335,0.8619678038416441,-0.20327932542096638,1.2053794053282734,0.6961924503010899
2021-04-08,0.568852545896374,1.1190673188981348,-0.26523399051886143,0,0.15213131678737524,0.6195893374598407,-0.002979489345423858,0.2958506047897413,3,0.07764077598878127,0.19072598759089465,0.6089850654979017,-0.15582793509474713,1.733483914534307,0.19287056868961427
2021-04-09,-0.43645218313976203,0.8750531476457395,1.6875062405487418,0,0.6238474331533925,0.3554930104413574,0.22306158716812385,0.04188401614997792,0,0.8288712762529586,0.347062368499395,0.39619103344057915,1.257538499585829,0.9236223758231022,0.09271481081026989
2021-04-10,-0.23027143251673887,1.4432588227118128,0.2610897044490357,0,0.6900254357378124,0.7941973312770843,-0.2058534308924106,0.6140541028143347,0,0.34889007504182357,0.5472375204206431,0.13138423297931845,0.6167046301282273,1.4316002382538837,0.5322228748561939
2021-04-11,-0.42142703578316437,0.562305869285556,-0.8769758853000902,1,0.08876351723298997,0.09299063982313216,0.4161701066136524,0.3332035455231032,2,0.5215993960113582,0.9917728809792494,1.7742386344473968,1.239875665795378,2.3791890851119675,0.8216415697789553
2021-04-12,1.091026028159451,0.4285681294227911,0.2621975806634671,1,-0.03944238512806969,0.5882022669483905,-0.07897517672603854,0.6577439094531387,1,0.7944856336484907,0.6642017130717857,0.8396973953726352,0.24309302263974875,2.9437247923663863,0.10137984246986353
2021-04-13,0.28588995269081674,1.3028986922841903,-1.2957148981010007,1,0.5585780667682481,0.48097288988612374,-0.18951113234235983,0.6802784008959164,2,0.8843765470229713,0.19924595440831405,0.9937910370000977,0.7288000148626477,2.7974667707694056,0.7918913237957292
2021-04-14,0.771426727911757,0.33539375777917896,-1.1180650674688835,0,0.002286639102949739,0.6423255259052274,0.2748589426689686,0.16959524375892646,3,0.344781420072647,0.04496144159155113,1.8338840964018317,0.5473268321092215,2.801597828538746,0.8115720043515481
2021-04-15,1.7689161848152324,1.444833809160917,0.4918388636973985,0,0.6048757503650464,0.06485359448296835,-0.49174130125936877,0.5258827857361029,3,0.4618434812751103,0.1263564813145106,1.5525809550318956,0.13824697964092514,1.2066712045413373,0.48227400008154353
2021-04-16,0.12323057287218742,0.018231712034724512,0.09462724752273965,0,0.16611207901363917,0.5799837874281313,-0.488503951026162,0.37782544333038537,3,0.41451606481679226,0.5625552012730474,0.2610025282343684,0.4398307440671907,1.4063696415203728,0.05731031001048681
2021-04-17,0.5259573075890742,1.4548182400614587,2.5742295053405,0,0.43430488922061755,0.5614845879595237,-0.17139678634721334,0.7041253903371881,3,0.013251033503910548,0.7651603288167663,1.1308399352154848,0.5049817536538641,2.1169061891069445,0.1745898512471864
2021-04-18,1.3888778463576217,0.06473986792586417,-0.18803050441683444,0,-0.194911154781865,0.5606600944161709,-0.4449179562487683,0.1725925433411633,3,0.2959428888586566,0.9404192073007469,0.8845045530391182,-0.0984580504866428,2.7665757841538525,0.7074262751619323
2021-04-19,0.07199541372905616,1.3367146705471067,0.9029417513902174,0,0.38624525714423036,0.6034876665964548,-0.33796136880396294,0.5422505602480354,1,0.4591892337325618,0.015823171996820817,1.5944221451575256,0.13002074475346315,0.42598277805625395,0.7117779449909495
2021-04-20,-0.3075502254280175,0.7915516636294497,1.1613214395976517,0,0.19694444661095206,0.6764679372263622,0.008290974008127394,0.4862016978021781,0,0.4110936088804398,0.5227601415618698,1.4484650952238984,1.0828195010139512,0.9127255914815873,0.8983552751676653
2021-04-21,0.22437863228442012,1.4894471941789504,-1.934527717058332,0,0.34526930949302154,0.8049889996807698,0.7038785193697192,0.23624118205746625,2,0.7219292275156795,0.47086735622317677,1.380811443822144,1.3315764789082543,0.41774053378232856,0.5826861465545828
2021-04-22,-0.09694678186498895,0.11069484710309829,1.317686860083553,0,-0.11518437148065022,0.26982072012821434,0.35807296505395125,0.1092807229209381,2,0.38480361722110323,0.656055021975704,0.6810896709597938,0.2195881870905989,1.836025589878366,0.1241073677137774
2021-04-23,1.8242441308564326,0.8307814266019812,-1.109820165651243,0,0.5105611194386004,0.8250494101800621,0.26900158893462467,0.5213118083818212,3,0.48937644897067023,0.559578854465342,1.609927460798509,0.11394456441803635,0.9189029906626126,0.12141490550497214
2021-04-24,1.5203009489110424,1.4539538034286483,2.8053515873472756,0,0.6490767852975514,0.4982556822634536,-0.05976676518781754,0.5908779665058645,2,0.42960859213236335,0.6870391505824806,0.10478259118972244,-0.10960567085623496,0.9783235575377204,0.7211323573568237
2021-04-25,1.0835093912760587,0.7846467662552232,-1.2566863612344352,1,-0.06158621990014676,0.07705827913433116,0.8976305791492245,0.25250187501068,3,0.7406261488943705,0.6580825847491903,0.31924980286433446,0.8569823373011625,0.21274787846393772,0.18378466510790115
2021-04-26,1.6786514754692945,0.9440979572028938,0.07312061863511854,0,-0.1947139889278221,0.0585509292439792,0.09552256185578756,0.5158660832178511,1,0.8629723989869625,0.1170117248579462,0.6712465459558234,0.14619940333267456,1.0493881854227758,0.32838549961660535
2021-04-27,1.5091801922477863,1.0436230334769259,-1.5732516596067807,0,-0.27399755534903,0.3342383186960608,-0.36936084980634276,0.31610472608920265,1,0.5318890790075141,0.7997179136187196,0.15361488213856256,1.475499078198377,2.587489522204756,0.4872120069219139
2021-04-28,-0.0335748527849104,0.6818115971516598,2.9843712592297367,0,0.4061686504875927,0.7848969771114676,0.4255997741767019,0.5705655066260942,0,0.7894321941951912,0.12323257571632484,0.4699885550693832,0.15136960412790645,0.6992184356725049,0.0247648775761512
2021-04-29,1.7313974962249445,0.9413371201260952,0.5109750516562128,0,0.3678034396976589,0.7076809347409158,-0.3292424097850979,0.1593722199152425,1,0.2967866820198506,0.6985306252091371,1.6603019659958362,0.2882720935652563,2.0855623986301968,0.24881902701993186
2021-04-30,0.8483556047891267,0.8764714678846504,0.976925086600219,0,0.30136715398547703,0.7886149646724064,0.017834714202538127,0.7121720021089395,1,0.5413696101572687,0.4161453676406067,1.8965030755801586,0.7066683924240695,1.888885034815778,0.40788960850728007
2021-05-01,1.5186003879101562,1.3517370157364834,-1.6646176130578625,0,-0.04485819427242699,0.5172690564416094,0.2611179080767133,0.2299276771724638,0,0.34522995366997244,0.5138507345765979,0.609204711548381,1.10336858638261,2.590453825107346,0.27963631849320625
2021-05-02,1.740228249808733,0.0681695705121868,1.7498023519958892,0,0.12999659549606618,0.44019899795549056,0.8113337870277637,0.2942287902049223,2,0.4142009255718303,0.9032980143757106,0.5290316079776765,0.4390373306912674,0.3968638429531147,0.13637032746756583
2021-05-03,0.2950086874296597,0.4214447843883455,-0.9504720345220712,0,0.3539239687047904,0.14745252670628395,0.240319870510178,0.04647356166427983,3,0.7324138648126686,0.8898837264734866,0.5597853044928538,0.34531206757791666,2.9327698810351297,0.7280122577961974
2021-05-04,-0.2248701886808081,1.425617226114838,2.4902714472035683,0,0.2464435447450864,0.32819275360931155,0.5533881490474963,0.08920976985702112,3,0.8816624823327127,0.8178563056550295,0.5554381747016877,1.4912756671896166,1.7478859381210967,0.8131476551679849
2021-05-05,0.0698379063548542,1.3353956758363745,-0.9743017975899642,0,0.786564072236376,0.43401936617387527,0.9892252584986054,0.41268952216986254,2,0.12149539108776541,0.5101483804563233,0.07186036437194598,-0.4790127177201111,2.986422457040443,0.25747897614372484
2021-05-06,0.5677694715656407,0.6834851291785694,-1.0465613966816671,1,-0.14991627218759354,0.08860042967961723,-0.30276632015302757,0.2140741413823772,0,0.6346392564873805,0.7362398101338331,1.8538326926622162,1.2901305777024916,2.7345441775975523,0.7744194946063033
2021-05-07,1.5450369148062326,0.9301988967023052,-1.8172516607595255,0,0.4646590094523532,0.22061195271121126,-0.08790271172072073,0.6683841805937556,2,0.5821438075777985,0.5128970555188094,0.4273962831406568,-0.20171834812052514,0.6645518163393174,0.38555356440131383
2021-05-08,1.6518264581408584,0.416071774471699,0.360334725549996,0,0.1447506449147214,0.5982252940637388,0.0918641133964696,0.011754710923963074,1,0.11841503917593188,0.8696060824747774,0.8400081481628099,1.0718505524178268,0.1684860297099393,0.5066857908540028
2021-05-09,-0.48261967367202324,0.28218173958564197,0.8242056663130821,1,0.17101957641817628,0.7356631142391898,0.13274226780824705,0.303275238937549,0,0.21189433044010908,0.4027758332328999,0.01937376548193548,0.735863119692596,0.7669172813860846,0.8560010748931528
2021-05-10,0.7768682564439144,0.6955476074099732,-1.6714568028582382,0,0.4893575422239939,0.9983475113929496,0.1165316128983187,0.2698764374152742,0,0.31100249473268027,0.9702353444148768,1.7159101818301143,0.18369457099618414,1.5826909469982597,0.7499536818024078
2021-05-11,0.5435275078719475,0.5300283420390792,1.8776380834750528,0,0.4616797664568067,0.9331133313435577,0.8614165038348323,0.015462104734080828,0,0.16693107081750147,0.9323227582288776,1.4623146889098344,1.2477499110420367,0.51478910119557,0.8051168513161777
2021-05-12,0.05526952617682568,0.8754841677763081,0.2664441737401382,0,0.7903815930724072,0.6425651995351915,0.5710489667002847,0.09949471920040819,3,0.2437294825243418,0.7416026194517855,1.8935120703474064,-0.47418554403801605,0.5023792335539655,0.13684516658635681
2021-05-13,-0.200336581665793,0.11660195544747726,0.6219513466379003,0,-0.15876628160046222,0.421248053294072,0.4118578211360556,0.33091413993490826,2,0.2676007988617075,0.279415884176072,1.5632309583927981,-0.04661869585015266,1.3877806413154592,0.06971942583372948
2021-05-14,0.3440379285090699,1.4615922114992497,0.2038137346911406,1,-0.185479385677417,0.6361773647082327,-0.03594092320582687,0.3942916675579573,0,0.3356738330390596,0.1316535887932584,0.6274130241041305,0.6337855924990721,0.09980391350807527,0.8934047290879871
2021-05-15,1.8572742597812981,1.4793161167194042,0.0038153043766300243,0,0.4967726988416153,0.785651618080232,0.7356855763319421,0.3234317978038953,0,0.749390452801159,0.8547034500931975,0.4957467174568473,0.20308452009939604,0.3656642475968114,0.38783426957109435
2021-05-16,0.3080073300518881,1.0472425710296176,0.7982016565410897,1,0.33622560870705004,0.11833619092338732,0.9325907672274834,0.4247501427296751,0,0.5719122038506007,0.16530228613796127,1.395432615106586,0.7207549906366553,1.2475840182238427,0.28787967806968084
2021-05-17,0.7969765543584153,0.8041445495161805,-1.2237987703464375,0,0.0015767332157864966,0.40990488969628824,0.7317974238253397,0.47610533992454523,2,0.9862466719514015,0.8542607889973357,0.7282255500209989,-0.45177961318266635,0.18938972762389938,0.7246962542618245
2021-05-18,1.2575473972379445,0.4642914244294916,-1.0903593475236444,0,-0.21263869411211472,0.8398022856356172,-0.49765234221279064,0.007939056902268505,3,0.414735826967471,0.49076500671236045,1.1324300315052331,-0.26708213903657496,1.190265169366588,0.8364155965798566
2021-05-19,0.40907400594823495,1.220692529560423,2.3089281050675865,0,-0.2057759254439264,0.383832951933044,0.45460205527511055,0.37127612756280315,1,0.753865073836925,0.4065567838081042,0.012514942052940459,-0.24580751956312152,1.4220187978453351,0.8624896218983009
2021-05-20,1.9294552068024018,1.0270967588308189,2.7305773106681634,0,0.6836099621305303,0.5718722712271865,-0.4232969278368489,0.7707993927100707,3,0.8714684213765338,0.9031907788344291,0.1237714033609505,-0.12143270816798113,1.3537998422193431,0.31599714112522737
2021-05-21,1.9061182373552779,0.24392540901733695,-0.13345341860123527,0,-0.08894594280938278,0.5877693608621982,-0.11358916949941722,0.415225824103639,0,0.6789784930380419,0.6038509825402779,1.0707358823633024,0.41866288160108556,2.607524572209262,0.852212391201674
2021-05-22,0.1294557395634104,1.3663907767407637,-0.646276634282231,1,0.05570871832707286,0.18447625313363936,-0.41071294947834247,0.5420338139671625,3,0.411864740417496,0.5766140071297178,1.1321432928963302,1.0042573990871424,1.5901873651551974,0.04093394437434539
2021-05-23,0.7431212647309637,1.2338058643847534,1.2199977161950786,0,-0.05067795755031315,0.3622354416522884,0.4056931794240817,0.24949108633350658,3,0.753594630745753,0.5587659446243977,1.5029058889186873,1.3110776758578022,1.4039413874341302,0.049661491459718876
2021-05-24,0.2521957745419241,1.424699869937886,0.04367085549048211,1,0.0904959364151311,0.33451128874193214,0.5298848702389103,0.61919310252221,1,0.20366713777268486,0.3711695160195314,0.2639306392479235,1.1707450605684921,1.2321277361749985,0.6235191951741544
2021-05-25,0.21210123594366903,1.08857926258254,-1.8730682216982757,0,-0.22363377297929726,0.026196708532064794,-0.3282685429011423,0.6183371855008921,2,0.3275521651801324,0.7856431035291273,1.0263661675135576,-0.10622425644863287,2.4528701349134585,0.06310636911554623
2021-05-26,-0.407782631613668,0.9201227939036848,-1.2192370131690482,1,0.27096576999909744,0.024191763891355245,0.07575832456746923,0.41703683812331116,2,0.5466852550992888,0.252798444015773,0.3888952888633772,0.38230110446126475,2.6851698119994993,0.3246091685101615
2021-05-27,1.023910834949742,0.6273645544359283,1.5798611442369879,0,-0.2256261800485636,0.8316970436757735,0.18435476343331303,0.780811058623371,3,0.5754093872861483,0.938894960041275,0.18639223912538938,-0.10117680448292998,2.5597274075913528,0.672755986246924
2021-05-28,0.7566975580721538,1.39909272503102,1.2946197095507568,0,0.5803921586045977,0.2730708099728124,0.05357953264137483,0.10044017181012271,3,0.022141475472629457,0.8939852050469608,0.8209915881211092,0.028943633334381547,2.0206397343941727,0.33726689605422633
2021-05-29,-0.3713031218750266,1.2990958342506125,-1.8645200374825825,1,-0.04291670989852364,0.5180787662388154,-0.31846249927221043,0.013558131911664795,2,0.9451141887560087,0.33748032567489816,0.32667329617811447,0.5070939630237723,0.4120852379060227,0.17959978144009592
2021-05-30,0.19661616059152864,0.06782800515928411,-0.8901391903352529,0,0.2940131060649617,0.29872557358877305,0.12842168528121312,0.6161265694056768,2,0.69662727121739,0.7294637698316637,0.4435639563846372,-0.3637819505529549,0.8306099084760368,0.28135062185384163
2021-05-31,1.7706647149166344,0.03955046174587801,-0.8446260170596429,0,0.6680869963176042,0.9406792451153405,0.6267670717126272,0.645724429891906,1,0.49570375023189106,0.5732231944495915,0.6351091597390035,-0.06365134081345358,0.1381891910459323,0.4575753322504318
2021-06-01,0.098904726667431,0.5646950503170745,1.3594637179936422,0,0.41596510595191366,0.25929675886577375,-0.3934885032001168,0.096165783296461,0,0.9331272344083084,0.3376493019992346,0.5187768014863925,1.3707563226142345,2.7924722249703424,0.4753858553554824
2021-06-02,-0.13776281977194227,1.2158299961727494,-1.9014473112281793,0,0.2862535652064689,0.4296568127389351,-0.3797299788771448,0.21246626636688487,3,0.4390955652508285,0.9885216479954467,0.1751825948118928,0.43223258531697795,1.982395589072731,0.783000231347202
2021-06-03,0.7236319006939076,1.4809141939724166,-1.4794570900771307,1,0.05676712842691323,0.8727302504846018,0.03215693775397632,0.014041890693303128,2,0.9804355702703718,0.025237345848264203,0.17983248971940458,0.3907730519557444,2.2390886529397243,0.7501532294315125
2021-06-04,1.9641261352765018,0.22562533665529227,1.999580426865947,0,0.06630210436401779,0.8419335667918086,0.9125885674283876,0.23464688862445177,3,0.5122847572434851,0.25264603062128665,0.38649883046833633,-0.4708656904974422,0.9347152187466868,0.4568178045561352
2021-06-05,0.10513817877875109,0.8911960730282027,-1.107276689728332,0,0.4364356507180092,0.18610141784627732,0.5028589700843711,0.6185134991349373,3,0.11428576999797946,0.5200740611111504,0.10111837591907791,-0.005200505883308448,2.536960566832027,0.8456673490987714
2021-06-06,1.1803388685146965,0.5713362849465322,1.2637305392593734,0,0.7935532973432844,0.8026433097957104,0.5180049350088471,0.4143684221700632,2,0.7648009724592773,0.5219530034785639,1.2529140393538543,1.2325848719643626,0.7788098511254355,0.11423713859139584
2021-06-07,1.4040490383217938,1.4548715967219048,-0.8090860947663674,0,0.42802310883431655,0.45818688673789265,0.04287998625679745,0.2784764745346305,1,0.6788977250778405,0.5889330749455641,0.5746534330178039,-0.1707431434826625,0.004931271337349052,0.2553533502289015
2021-06-08,0.09409385998099917,1.2631783847035631,-1.5027930362032742,0,0.3135617591070275,0.4829688720853552,0.3904911868128076,0.29739143592506423,3,0.7729867213055868,0.7516761720229193,0.559491935538142,0.33024987906944214,1.129244887562082,0.8279764635022515
2021-06-09,1.320540871529649,1.2574930570667067,-0.7841390450027297,0,0.5037155612631707,0.13347997241594378,-0.48480322395838493,0.0010829005723745234,1,0.9514420287256811,0.6234778305192964,0.6639965884755303,-0.4713381882659975,1.7122844428772201,0.3779940386261531
2021-06-10,0.419457831798133,0.7030397396924555,1.6113346592782958,0,0.21172617351209005,0.08060151375712465,0.4541440696143133,0.23984042205218872,2,0.7764893026510181,0.600281460528037,1.3255925484194433,0.4566709633411117,1.4361145738965675,0.9811815587938422
2021-06-11,1.0807645764839486,0.6222292535064977,2.278482340531429,0,-0.23384342313913625,0.7279393069737652,0.869930421364355,0.5171669933103444,0,0.6113366022166469,0.05351446291304329,1.741267762966981,-0.4579577865475657,2.5862284277297913,0.4662532815278354
2021-06-12,1.0838242769022368,0.41011060789605935,2.151099322834958,0,0.3185264974657009,0.49646115235529975,0.4188602025172288,0.7793555550530857,0,0.8573089023608409,0.3765302877892983,1.5181738651112768,1.1392191061315997,0.3162158578685008,0.7919356229637641
2021-06-13,0.8394367101868963,0.08456324497639067,-0.014082351907725776,0,0.7533878129559182,0.43685070261517955,0.8105478901995176,0.6776486615871197,3,0.6732464393545315,0.232055739701156,1.45505846045019,1.1497075349742072,1.6614703219011768,0.40230704138237194
2021-06-14,-0.27427557486397924,1.2970835643825798,1.3404256828532306,0,-0.10716676340657436,0.7295082286523967,0.5859595831991407,0.0188759717164233,2,0.4081190568259231,0.26537011160197543,0.9687823712016985,1.0754843766047397,1.5389380494627223,0.4249535190624304
2021-06-15,1.588256238973095,1.2193515136951163,-0.9750785229208951,0,0.45900537990273244,0.7655128989911097,-0.3191623753944646,0.7188484837398715,1,0.8856197642417732,0.5543374743403449,1.3876111139348235,0.06672813778223641,0.8441789465164891,0.3828831472841835
2021-06-16,0.3019501624293396,1.499576509929196,-0.5342613486949337,0,-0.07897294247503786,0.15890816766935356,0.8536799609287626,0.6265587306389008,3,0.22190046078437287,0.19950531492960843,1.1055247360671663,1.1744744364436361,2.4666843377310315,0.7190756205108118
2021-06-17,-0.03370372400036442,1.494955255610858,2.4816790926055985,0,0.2894104529203894,0.6102251494776413,-0.4003342334663377,0.6243008988567844,2,0.7146412749087242,0.29394910101689753,0.4325010563730578,0.5859962652105386,2.2585459676466186,0.5475178840599945
2021-06-18,-0.3980621461130902,0.8331475584039412,-1.93499038244632,0,-0.19365590538860838,0.13535408227768553,0.3009512088216457,0.3663966072028572,2,0.8815634549407569,0.2370847085173401,0.41717673548210144,0.24761621773400488,2.198577561995493,0.9437781113683691
2021-06-19,0.9772323579706046,1.1534811227707658,-1.5724573457276596,0,0.1954080298840037,0.7513750860290457,-0.2867943143098135,0.31840423436360227,1,0.7313165197032963,0.9485029432181947,0.5927840137505669,0.750659919408466,2.628577434808668,0.25089031653410476
2021-06-20,1.1939109046057061,1.417148594823642,-0.9605687242698635,0,0.5317796617847708,0.6569551562671395,-0.4824400839036439,0.2423325830665541,3,0.6972754190538569,0.9446657321710952,1.8216053419396265,-0.475317907879252,2.1683538018645634,0.10056273208344435
2021-06-21,-0.4585304276803596,1.2744710860161172,-1.8673389806309015,0,0.08232867666288035,0.956614621083458,0.1330513901914585,0.052555887163492625,2,0.752638294071836,0.6099415585960517,1.0948296807594518,-0.2140782447984957,0.6955238751441793,0.3932614850992152
2021-06-22,0.7802326457482025,0.3710221526147965,-1.0928228245510134,0,0.43140289693593986,0.06895801635642118,-0.057438938518765636,0.1825882907949593,2,0.4650552483006444,0.9245224687318999,1.4678107540037388,0.9845870763405256,2.116688134949073,0.616712707646776
2021-06-23,0.06623943799484489,0.6758162029651402,0.9152078048484609,0,0.5749949568687023,0.05705472115125432,0.22900074069640453,0.1972829079824197,2,0.874170682157026,0.7858126454683731,0.6931175196330952,-0.011676782567694,0.9231084401695315,0.860798936915495
2021-06-24,1.1129319760236247,0.19373912272724247,0.10712275296248963,0,0.7198956014273981,0.28218707469320015,0.36579983010182615,0.3872616557681613,1,0.2034364751360912,0.5899478828018088,0.8154315413304505,0.6960182346574992,0.7265239510424116,0.34619688668032766
2021-06-25,-0.0640839274875214,1.4310765408880837,2.4633585553848745,0,-0.041893709959001046,0.26170568373590597,-0.43439139153657896,0.5979555252773552,3,0.1273864160003393,0.006435211496795712,0.25113115727450275,0.2702052056460593,0.21901077869888197,0.6537867511244616
2021-06-26,1.227344345256165,0.9092619516763201,2.0872178086922046,1,0.139247507390239,0.24697879907199982,-0.31549505731438154,0.37904786271835733,3,0.28550878011851155,0.772516286079404,0.34258991564334074,1.209611557598523,2.23208574104303,0.35019868102321905
2021-06-27,0.4668383657513435,0.3429642082551941,-0.29091324151062015,0,-0.1323423853365408,0.9062545805210367,0.3379635946756381,0.04627555955772849,3,0.5315773967749932,0.7024883415884688,1.6547131096522911,1.4048306119932872,2.1330028858494336,0.6172195829944581
2021-06-28,1.8418249718418362,1.007551026608785,-0.7028828328435375,0,0.7917318523742127,0.2495461998495061,0.014751029758987344,0.7662318407905632,3,0.5105617954093381,0.615253653282414,1.1696772633777641,1.2671294567403808,0.7034984330222812,0.8848079470306509
2021-06-29,-0.15619763963501687,0.9271923606868437,-0.10153795916366537,0,0.7197010647167248,0.271949726128631,0.5937602313241719,0.7541794552752898,0,0.8205987576765866,0.7604243116824717,0.6750649317676378,0.04123998938719331,2.248137050172468,0.23135764225940902
2021-06-30,0.3526658776256463,0.5372440770492608,0.9514747125740386,0,0.29395284330861565,0.7593982624179637,0.4784374728879095,0.6281516345187268,0,0.4045686564040174,0.5129221647747657,1.605702417991092,-0.11167426190783547,2.7535226492806593,0.40424164210703917
2021-07-01,-0.21631619689852732,0.17033638829944353,-0.6596817958856187,0,0.6262366238140635,0.44973984245054,0.7684065444848602,0.7930623212513765,3,0.48434442629150865,0.7040832713213391,0.49303981127596597,0.44886978724147,0.3240868724747378,0.9932651964297465
2021-07-02,1.811734045696407,1.0073597933891993,1.12074453924567,1,0.2730537749992465,0.7767105569551812,0.538739240003838,0.43558586624021034,1,0.013367683259395635,0.9351720867264933,1.9520653972004076,-0.48533169832763945,0.6979099151603249,0.8685570282494608
2021-07-03,1.6933483834524523,0.78046155135569,0.04705826095620225,0,0.38594425680303573,0.06536615756438524,0.1448966160852222,0.7702146802025649,0,0.4097392364429391,0.3758050158460863,0.6896352154923395,-0.44838121427363653,2.2507823822619466,0.564639857896202
2021-07-04,0.14485406928788902,1.158477587603459,0.7602359042599014,0,-0.2019631246723817,0.4875711936733843,0.5094499335916485,0.06048403249340062,2,0.6477742329503421,0.7081218349006254,0.6746219083024552,0.6065812792460001,0.8235200205212347,0.5166275918542753
2021-07-05,1.1499601150854475,0.7802452516679901,0.18063264567658344,0,0.5307974625464889,0.03361360018328263,-0.08692823861687221,0.29254459860909704,0,0.015508330626592182,0.4756878180109587,0.6238238110734105,0.5408988083305719,1.8739919228511503,0.284600382304681
2021-07-06,1.5430555005030397,1.2782722504778101,-0.5276712022904118,0,-0.15951516800124166,0.06265320345535452,-0.04052975183268098,0.1803050144054127,2,0.28088196518624375,0.6743996518139815,0.24422303184857586,1.48916397807052,0.24349267339114355,0.5172094276935294
2021-07-07,0.8880020289986559,0.8278602581617283,2.742266534810783,0,0.6086743932777814,0.906437453344411,0.68347773988119,0.15666646730741604,3,0.20795635928938994,0.7628933355543641,0.22227429466402482,-0.09631632927248379,1.356607437310616,0.8481814982799472
2021-07-08,0.8241264458900162,0.8414069573030794,1.818028970798804,0,0.5602308964374245,0.13924537111759516,0.16962927460237331,0.11264235911414087,0,0.04198542890958823,0.04545250043579596,1.2962100690682468,0.016207858320936852,2.217274265978859,0.6851745132777806
2021-07-09,0.10463072725112921,1.3149804039875175,-1.2994341211677374,0,0.4796191675172741,0.5324206822752171,0.6975705107775287,0.49793091325279737,1,0.4792600899145375,0.6466004439486619,1.750236089116094,-0.2729187153474266,2.0595418291297576,0.2900440281779866
2021-07-10,-0.26724308048525197,0.6052242993185956,2.342339879489564,0,-0.26022358142276164,0.41109560260070654,0.7336335605024176,0.625057484597844,0,0.1817232932281565,0.22674118440694457,1.581041020543347,1.3350860193074894,2.4452163020274202,0.20146392105353295
2021-07-11,1.7430393948833167,0.2010228426759611,0.4371559912475682,0,0.033441191539861526,0.3473433262588427,0.7863435064919257,0.46263871953628855,0,0.7430815396313801,0.6700325378075668,0.2822151880427022,1.0556224889169015,2.6323563798095067,0.2652085369968291
2021-07-12,1.751045142908326,0.04317401447000846,2.472761134470457,0,-0.010576173098072794,0.8998333456872725,0.874952853761811,0.11757016767056774,0,0.8479278837633485,0.4683301859338135,1.0911642435841329,1.144678222913695,2.3195505037762745,0.16975920139282652
2021-07-13,1.08275364318317,1.1327058835104284,1.9992762797365762,0,0.09615004821867107,0.0218233967754895,0.14647783076994436,0.6488990159467768,3,0.5455851826691478,0.7735527418648872,0.21118309195328,1.3055275759290175,2.014763228816778,0.09564069602371594
2021-07-14,0.34757447762175175,0.930464327030197,0.12606752234616714,0,-0.2035929785597776,0.6637896861755891,-0.02169977251829175,0.5087637657309828,1,0.9817073425211416,0.12340081520559643,0.09058928722615489,0.5497999734516765,0.09516747544809345,0.419136174442055
2021-07-15,0.3730239365316522,1.0561196521488354,-1.887653458399413,0,0.730653605334169,0.9633944342135504,0.3732981198911708,0.3105325649015964,0,0.45047857147059533,0.6263223516561951,1.3127717187695345,0.40238638290144735,1.6049000202283321,0.1132996043982677
2021-07-16,1.3148891971755985,0.3194462422633661,-0.6566132030752696,0,0.30918246478361394,0.5601681834618419,0.056758635156441306,0.5393042364288504,1,0.5133682102249155,0.2784707289275523,1.0703046673607006,0.160782947331233,0.11309317474455838,0.17191255772710434
2021-07-17,1.7427756498814428,0.20455721338015465,0.7081710733043347,0,0.03607674172382591,0.9368224620330918,0.4016112502003495,0.2079239833942663,3,0.9892177539577501,0.8529819953305915,0.1640473704229417,0.678429228695711,2.4242034513480677,0.5473246843394861
2021-07-18,1.7177160606627933,0.021816998501822893,1.1673910991307364,0,0.13667966878171178,0.05225787928602377,0.558378793965737,0.2761537667953684,2,0.23154843596504882,0.9283835056363074,0.06987849281197689,0.40855679357964503,0.9621735733798727,0.16459927369957472
2021-07-19,1.4496888646440595,0.5258813382098955,-0.7105615728339885,1,0.1919227945553193,0.4187933190741614,0.5326075277382052,0.7339886745055922,0,0.9425459396769053,0.9963982936790554,1.9795128268186692,0.4031311732111502,1.6872881223537628,0.06387976743090285
2021-07-20,1.1050791153857193,0.8848765302819497,-1.3032196296358793,0,0.3606537666966791,0.26015779096205116,0.061829330530182025,0.23240360453713632,1,0.042837555119113246,0.7960074024272833,0.060042664298143755,1.3738557274622778,0.8383359219567078,0.3173888500278852
2021-07-21,-0.2896500875123779,0.5883660676495985,2.1746511839964953,0,0.2672473704661476,0.7308209649807298,-0.24970969745187077,0.3759906145263493,1,0.4463868902631948,0.7537340704280046,0.8890565061003193,1.4680630285582603,2.3475004331408806,0.22031909862196752
2021-07-22,-0.09592821476346558,0.6562123830355936,2.9220109035177604,0,0.7113311705358591,0.9812970904972467,0.1457940076933113,0.7121129099168118,3,0.07000351213306577,0.21550075886755105,1.0092380492153912,1.0929687786591615,2.6595075799257075,0.5153051879943767
2021-07-23,1.7463854713176983,1.3562380417406226,0.6284509115134291,0,0.24665983119641338,0.2565300624442478,-0.2861087838771369,0.566177080214022,0,0.729234742913643,0.33600705899010874,0.2345602956008901,1.0135161804938566,1.195927482639192,0.10236708458320931
2021-07-24,1.0160726491489749,0.5223832005349505,-1.1416035707584826,0,0.7913738163056441,0.6541746014740745,0.8351455527757126,0.0497625809317622,2,0.6084089358800178,0.4656825417622795,0.3381235568794325,0.8611163235582029,2.588767180532967,0.7517707876829781
2021-07-25,-0.4770073709584259,0.7709842337397161,-0.6384633674031552,0,0.6365674535196053,0.19809763275974013,0.018816191106786118,0.11784243542317628,1,0.7066342634675964,0.7733810477822497,0.703610012820705,-0.16785029533297258,0.8012250223689972,0.9062335194351386
2021-07-26,-0.24632114283491974,1.1754795191117147,-1.9080466172626664,1,-0.07063843420693058,0.5653302545716099,-0.2683103791650143,0.006273272617533455,0,0.37448039996801696,0.9149658650779686,1.5233517524273252,-0.38178835824869095,1.6039827692265716,0.7434351739561944
2021-07-27,1.1587544227701394,0.5948141734819052,2.5714940328024953,0,0.7236547361083079,0.4639324866883362,-0.4618283601413737,0.5047374321833308,2,0.3694819340313803,0.18913910002298462,1.0141648481205334,0.8814526302265262,2.5762842895161118,0.5328270374013943
2021-07-28,-0.4873460403844533,0.9331300503418103,-1.4112445855492943,0,-0.17199696232597628,0.9720053296315371,0.4687335794297264,0.3581387403283347,1,0.045319278960894605,0.9223674846701029,1.275803749105923,0.9575724445131519,0.9776440278473711,0.8606678217888851
2021-07-29,-0.09797987145625336,1.2935455631201178,0.8825823775712678,0,0.5991946793403109,0.6085272726964666,0.45535347618211486,0.10741988072182043,1,0.3499449395296398,0.695624652354058,1.9703491101813495,-0.4060540178037204,2.862126795234257,0.6949183797815075
2021-07-30,0.8718344734164654,1.4242809354864632,-0.62972389656397,1,0.11868562282423811,0.3495063720868188,0.010906249871937446,0.7663472968454164,2,0.9292884022620594,0.6107707306850386,1.5360108706264193,1.3561035004576962,0.3656385053441509,0.010551122450189854
2021-07-31,1.229737994231733,0.2206102213935569,0.7708900125789668,0,0.6657717524895765,0.11409578488793337,-0.3924321667285235,0.42372777915649595,2,0.37922653718044896,0.19984127128193951,0.8687229962824354,-0.3177187211106449,0.054825209170518696,0.3940901527745031
2021-08-01,1.1299031487565014,1.3898814377422415,1.2571019417593212,1,0.6548623591181955,0.15124682873493456,0.11444334234284803,0.19351463529031135,3,0.83136770622197,0.055525032809150554,0.8928838435930975,0.07180106754240478,2.712406057734572,0.8509518994068
2021-08-02,0.06067327365139952,0.7381744396193073,2.1487090185360085,0,0.5865179401293834,0.2253169299512351,-0.03317375740490963,0.40048285692376606,0,0.8423255047499341,0.5684648985079399,1.23754415408201,0.8447796255974089,0.20594599844361672,0.3458588579752693
2021-08-03,1.2804480533688396,0.3873665824484375,-0.9678936411969841,1,0.5690334799377677,0.250966661340298,0.515680959602514,0.5436962661880863,0,0.37324115637923383,0.6515156833288924,1.3307304168378087,-0.16025481119104734,2.975667587842475,0.0352151735255235
2021-08-04,0.09312271874200018,0.688703634357392,-1.9450208567075977,0,0.035147053007844875,0.8506160578411378,0.4086688741790355,0.06099137437885158,3,0.631988680396189,0.21078144935468823,1.0014218516733426,-0.38916822311551114,2.8541905859373182,0.7461796385522723
2021-08-05,0.3134992453981693,1.4700488629282156,-1.3155718496559636,1,-0.21098878864362258,0.5612227882825249,0.046890592296309985,0.2197630520383136,1,0.09537160227305863,0.5564562058254564,1.2897224456299599,0.1622929783282996,0.411062730108962,0.8020382702828686
2021-08-06,1.3662285127950604,0.7389271409893043,2.500093209240525,0,0.14327819664167762,0.5233909113743664,-0.17316116861751485,0.6455723927071949,2,0.1036785807342765,0.8564934027625736,0.04706498882819754,1.0319431497103582,1.6127538770776975,0.16059369504330856
2021-08-07,1.1240822476180368,0.4931274154312623,2.3694503878125763,1,-0.10912303351484043,0.11476887186921747,0.9820539492333877,0.367731896322129,2,0.04865766366171331,0.83506594545502,0.8592457277936882,0.3273573579705207,0.554760892401433,0.5373404968431812
2021-08-08,1.6230585262354449,0.9501012814750887,0.9870655108515414,0,0.46444619779270796,0.860139693349435,0.1810024317941723,0.43726171362583593,2,0.5810150933751095,0.9273551805862972,0.5578761521469535,0.8059458438158786,1.2844655190903596,0.19195543899572576
2021-08-09,1.1440322307508584,0.3602184281672896,1.002584302168267,0,0.08070969919156412,0.7228143032084837,0.5324113536703556,0.34625280176757545,1,0.426070977626097,0.36588580955688044,0.2583488904862208,0.6592381944562733,0.18427538777949803,0.7192344190441468
2021-08-10,0.9207715083386789,0.11379499216299588,1.3251833727312774,0,0.7731712209459065,0.06766836190000158,-0.28917054863245883,0.0351199541144041,2,0.5480323566642401,0.3180495725509187,0.19909302561755027,-0.4555630359488392,0.6717737633897686,0.27155045517748566
2021-08-11,-0.2658130804297688,0.19331958286597384,-1.123143606882752,0,0.40506928507986534,0.7078350972297687,0.2283845494890967,0.13259982385612476,2,0.5210731905083879,0.7494260059808087,1.206384331229335,1.4770799740914133,1.0898183891966986,0.31621512256333006
2021-08-12,0.41928950764858386,0.19206875843665866,2.572059729624799,0,0.604728619997797,0.5435382173426461,-0.45869492019580177,0.3564333109935127,3,0.3502029910907303,0.431112405097005,1.0472010943052235,-0.4171438223612245,1.3159425007381644,0.8449708536401014
2021-08-13,0.16300591920431362,0.22785404026844153,0.09385262446036569,0,-0.1542228599839667,0.08172534574677826,0.258182676865675,0.16734837232634225,1,0.6774734148234729,0.08754866402778061,0.5071682339927384,1.43560547529697,2.9324887746266795,0.47632235220690433
2021-08-14,0.10997410844770894,0.2082407589741152,-0.08430735875251272,0,0.6482159304998849,0.45830064152865646,0.9460261106765535,0.03998322292774299,0,0.7585018809163907,0.2828011306704997,0.941900117545029,0.5997283567287963,2.4235969370519435,0.6697544512182478
2021-08-15,1.932526386881114,0.9613121172048219,0.5945885264141877,0,0.7150329095647339,0.484696287130047,0.07631006947870034,0.674919731241459,3,0.014628258877675715,0.41858228553148913,0.9844646303648166,1.426318054130133,2.2122298329358383,0.40237305072246765
2021-08-16,0.482744311666901,0.27282012659871724,-1.7651701661247248,1,0.23576811070082954,0.16577454016327575,-0.4415059811376326,0.7849540233312927,3,0.2072422997688783,0.292516425476252,0.3900179608772316,-0.2704928011723291,1.6111239442259229,0.2980068571937554
2021-08-17,1.7301163879427834,0.5185009249857948,-1.168583156219603,0,0.3668782315260753,0.9456981470002823,-0.4535663136209847,0.6345142991973916,0,0.7132358680833368,0.3322055709473216,1.3041861237633012,0.4808170383710264,2.51999328181303,0.6254780604246614
2021-08-18,1.0778465649931572,1.3451826148590178,1.6901680821318523,1,0.541290780993295,0.8499753714806619,0.08198013992030417,0.6830279373637337,3,0.3866201726338342,0.29377590617439076,1.561838712772181,-0.16099181626788273,1.0179685069671334,0.15485757407882128
2021-08-19,1.487028258854121,0.7109424603943085,-1.5860066603743677,0,-0.10767751001354617,0.6690223373291083,-0.25996259530520893,0.1935817042536363,1,0.6624839469416082,0.041499167183079444,1.582927081779038,-0.3980502459551152,2.126697338319948,0.372999835566863
2021-08-20,0.7565927327629802,1.0013366077815409,1.0157605473319409,0,0.25282268410978675,0.4622955610006072,-0.46497185550772113,0.7685015804105598,2,0.3469626597345584,0.6370947008244425,1.2049396614069101,0.7350582301246231,2.9813519261345163,0.20903703738592228
2021-08-21,0.9422597115658977,0.25847980680244476,-0.7732544515933952,0,0.13852933054954447,0.4117655415845085,0.6343204209252653,0.1575405635627427,1,0.3907551523296371,0.5972924203534693,1.0232771650380281,-0.08443315807661711,0.9438867268055964,0.6957949669407455
2021-08-22,0.7312942345471598,0.28843352821300616,-0.05352192979011727,0,-0.13898860862152596,0.6509734671509542,0.18778451332283597,0.7611438482894659,0,0.15867887368968492,0.6533834984786806,0.12201428601078979,0.6753940365750919,2.022052604651902,0.9442088383461076
2021-08-23,-0.011892530504888754,0.061302924399718295,-0.5565313161465006,0,0.10428786452068461,0.5454318694069055,-0.06613284204101821,0.7958554351727609,0,0.25823101966616,0.19230989603362747,0.5756625977032117,-0.27527103610202874,2.5329445924571474,0.9955109680158664
2021-08-24,1.3061302881537633,0.2534025946082468,-0.22163641767525433,0,-0.22501045967595706,0.062273105881885615,0.8501247745247211,0.5693782445968391,3,0.6054117575075872,0.2956545416124853,0.1865428935563398,0.16397294286540554,2.7474227500520167,0.45027681044159074
2021-08-25,0.20193090610213948,0.41788550854793793,1.5952295259212272,0,-0.2716069023555643,0.5125026487703317,-0.3257915596992116,0.7849149854334576,1,0.4331631113151664,0.6196159269449223,1.9276463217569473,1.0632651161064943,2.1537980728203054,0.2525303896364445
2021-08-26,-0.4392100839213654,0.2655157264151202,-0.5143914218841248,0,-0.15131708192969495,0.8064036172328395,0.9338782434329789,0.45563182365368293,1,0.7743026829445951,0.5996275684599214,0.2701602924515214,0.3741030436843753,0.8508237702514088,0.44282937038432413
2021-08-27,1.1136807397679196,0.13305380063558342,0.8320232014844859,1,0.7594266227480913,0.45923987759695806,-0.029049923933970767,0.20763342654087227,0,0.8525849549383427,0.5063303093542678,0.3035508197022041,0.7554908297946727,0.9788464547068394,0.8472694099627238
2021-08-28,-0.05722330148237764,0.18095380665090122,0.3802520109954983,1,0.30448248948451867,0.05195657755426841,0.832605508463022,0.3495967085324967,1,0.5416464182167599,0.3504132500101974,1.7791532366609843,0.7949158814910919,0.06227409637189263,0.20600567855203988
2021-08-29,1.8511464608822856,0.6911681520490887,1.3183558268132405,0,0.762404377268542,0.7862781993840331,0.4044143147191923,0.4748487483030288,0,0.7582672920560591,0.9129310047746899,1.8878565669529157,1.1875100879745872,2.282657933014529,0.9520956516529238
2021-08-30,1.8848214425064684,0.30950057760868876,2.68414869662379,0,0.17574766616314524,0.2013637821359744,0.7400610396122311,0.058465249621611995,1,0.30690451319457,0.3397702422988438,1.5316580784698197,0.14984558881328258,0.12821881818585412,0.341865768798151
2021-08-31,1.7871609755511213,0.5464047915721132,1.6628604860512515,0,0.04299774639378556,0.2586208348880388,0.9760197448156964,0.4978746116937969,1,0.4149712154000782,0.4556191564372516,0.01080984734533974,0.8745911251650351,2.593957063808237,0.9858036594503049
2021-09-01,0.42539675063861093,0.7551259062822853,-0.9252981070462161,0,0.2567560491242686,0.1647063534322959,-0.06739184327188141,0.7849422694098357,1,0.712777676216831,0.6781138309542087,0.0026925419131273998,1.4232316140923313,0.3559818434236164,0.8386088875339622
2021-09-02,-0.46135845867783143,1.0355922429440478,-1.8440843246935765,0,0.18346285749620117,0.33021506487149754,0.9417032281113895,0.1520861198269821,0,0.38621199281703067,0.5430214308667641,0.7562015395749015,0.9604866687157361,0.5156295364077728,0.8085705341473903
2021-09-03,1.8207964064693134,0.058968209761648405,-0.6886797785008745,0,-0.18376884731208168,0.756751505688635,0.08422284235363053,0.6340760930307067,3,0.5885049351589888,0.34688597636438556,0.28679074002178506,0.47974095343548906,1.4295794124967118,0.3179046737732836
2021-09-04,0.5704603707932858,1.199115598363564,0.9753896535012743,0,0.40490894615922696,0.5193858595039373,0.07826785710538342,0.7263190350236955,1,0.18537277908251149,0.43564479045650983,0.03677228430319457,0.7614348889838585,2.213641245506227,0.008777211947929464
2021-09-05,1.916637047609174,0.9418505842363616,-1.7428709325787484,1,-0.06235799923944041,0.20488127415071256,0.010580656381758535,0.7549612742561767,0,0.599771314970498,0.7944808178535061,0.9281333788090094,0.9793657955262163,0.41700661559723307,0.3821329088259878
2021-09-06,1.909049942723132,0.12263854792330786,0.48183123600618183,0,0.3815467503876126,0.8778300781520408,0.31211141102137785,0.7681084835243578,0,0.8615137072268936,0.27812915548661243,1.886123794813943,0.7245515313877449,1.3202132251994954,0.30180936966269367
2021-09-07,1.6325236386684003,1.310367936160166,0.9842142445844462,0,0.4152212016379688,0.8795818549515292,-0.26878243523226936,0.4171677109771776,1,0.8686396398234256,0.14225523977681542,0.6476391498048628,-0.4666483730203217,1.4485538232303143,0.03739699040879729
2021-09-08,0.23612223017396428,1.3813086007977198,-0.3287805459151958,0,-0.13277266155848705,0.8705784250460069,0.33056722803701677,0.781846326393203,1,0.7243444063295397,0.3131632018297771,1.322281356857393,-0.1104530046255483,0.636856925005774,0.5053652565059297
2021-09-09,0.46274432150481315,0.09161693978229563,1.8545610187291097,0,-0.232515410178265,0.23879621138153928,0.31255721861500607,0.6058481657075512,3,0.745753379076126,0.8495342154879013,1.3044707062648815,1.120936434430932,0.3466751300418952,0.4030313112827366
2021-09-10,1.6278416787921421,0.4153164722208056,-1.467008734331141,0,0.5588377446752839,0.4512393441809881,0.642852718907305,0.12933714898956952,0,0.5579274451507007,0.08898971485634666,0.5021602073303355,0.045301294624969346,2.5092627689569187,0.6345564677415247
2021-09-11,0.2923050128906941,1.209301919689592,-1.6243110913209562,1,0.20578046614625228,0.9849896561408751,0.7504749429063784,0.381520085174376,0,0.5846680901658248,0.9916960733724518,1.3008504976477286,0.9631242391222679,1.5073969492882966,0.6211863221940832
2021-09-12,-0.07626813328476878,1.1223895355754876,1.6409437810180165,0,-0.2360198249439766,0.7720124763099904,0.16066202546863606,0.5746649402976032,2,0.133650581410518,0.5410028989276625,0.42466794857378254,0.24424043048339739,0.04314370795245892,0.12074663589668011
2021-09-13,0.8920031561458754,0.276781529034566,0.4774565810309923,1,0.7943529488867438,0.027167421225559818,-0.046500125972759376,0.19787225265526667,0,0.4438591884213011,0.984845743967094,0.2440148271537781,0.5437686563158863,2.4089439039273115,0.9769655461266226
2021-09-14,1.8403869354019524,0.31402398500506545,1.44201198213868,0,-0.2364413829039967,0.06520459126049205,-0.1109976540243583,0.5124921468391099,3,0.4507762838863638,0.9389964220859776,1.4027665711193802,-0.3640534003611926,2.9423814162437543,0.18693142944144692
2021-09-15,1.2400744916874324,0.555708154187073,0.17413669301873114,0,0.46453875174440856,0.46393137681233276,-0.2080642449426921,0.5332803832372954,2,0.9584978356677402,0.45281371421091676,0.22688163420783347,-0.1375488779005809,1.817778586242742,0.44527402476470457
2021-09-16,0.9251529252234123,0.726784477786532,-0.767989833804466,0,0.782046817789755,0.9092202058615602,-0.4135286267014627,0.1301597950468527,2,0.43108686262328944,0.1984910746053491,1.9938184371787107,1.4143939270384691,1.5111251612522123,0.4881175434337349
2021-09-17,-0.25705876557307866,0.9273821572954439,2.0955115883709983,0,-0.03690188536248179,0.5387017979527142,0.013671968252070066,0.45206824996220507,2,0.5493426449027576,0.16488477656513845,0.36690480230045863,1.280276106893828,2.635247589134885,0.8130627972141201
2021-09-18,1.0375180667479245,0.5533704593546587,1.9970793948448962,1,-0.1435256944440842,0.4978125080342902,-0.09462846180382511,0.6173015287828862,1,0.5332513992791025,0.2399893638699575,1.188283725512915,0.8045502217981004,2.857550369053796,0.09922959609464677
2021-09-19,1.975134625260658,0.6938020741997218,1.473482354272134,1,-0.1664765666353282,0.10547369995663058,0.9496260787996111,0.39911653162875355,1,0.6367617170443272,0.7101326405645373,0.8227491428251787,0.41928919477147475,2.2636107477073817,0.42864427920853176
2021-09-20,-0.14978996190868993,1.121206407200635,-0.6392743138501866,0,0.03360266232435516,0.656780104724294,0.33656323937506594,0.009682493420885941,0,0.7482328313318959,0.27294999473148784,0.2527728448113342,0.8515225857904476,1.3363587892028637,0.6285021702362039
2021-09-21,0.7958241309093419,0.05502480433589685,0.9511533343454355,0,-0.18884960788828864,0.8221031606002255,0.020915558545761326,0.007230775263433742,2,0.22504187617087212,0.3414252696042983,0.05568781515482679,0.737220578187878,1.7766641979943214,0.21515562162405555
2021-09-22,1.6934326798198884,0.37865541651603113,-0.19513051529986614,0,0.4613774758635452,0.38042000750756233,0.370701401490544,0.2856234751760098,3,0.5287244190984357,0.4487788039946148,1.2454645645856666,0.6371045112092242,2.1028060950539977,0.6274678987660728
2021-09-23,1.351921544385511,1.0700243788268287,-1.5420896333668292,1,-0.23147902205693102,0.7756118509253275,-0.29120494798145674,0.7409552547454257,1,0.8259177073160304,0.9132326804214563,1.6135151275782522,-0.38164585627291636,0.5828207130054043,0.9236648375496527
2021-09-24,1.24253935248817,1.3428102565307989,2.5865678773112144,0,0.26036434096476874,0.9644766539008116,0.16606562380330436,0.18294142368288702,3,0.46311471383751146,0.1893934178848461,1.684031323013488,0.7656052213230138,1.341603096649314,0.997518131172675
2021-09-25,1.2562102099677732,0.7675161631734992,-1.315906845405193,0,0.7963665392382746,0.2037664591276891,0.4393514821315958,0.5074909510973498,3,0.278457546373573,0.005026552609803114,0.9654269461538689,1.0378400891423367,2.489463794151855,0.032451076790675715
2021-09-26,0.3987278780493879,0.7981702278979734,2.751186769104012,0,0.5953672964566208,0.5233296311947413,0.23334674768867703,0.17766069655465647,1,0.6547090753562991,0.06009641037817015,1.5549109343647711,1.488163309291151,1.964176045495329,0.2355882282446775
2021-09-27,0.2339796106612334,0.16075801700966408,0.2300288647897788,0,0.37674138205411206,0.28713795808457554,0.10266820098148632,0.25733599172763894,1,0.823767395799123,0.9047663416801179,1.3456942669770895,-0.47784289481138065,1.2336122016355624,0.31030711579169745
2021-09-28,1.523402888696284,0.671118550235182,-1.0743353558069018,0,0.03687898286527286,0.7928544190338394,0.9907725833495473,0.6784336716811872,1,0.06314029292739132,0.6475164648433631,1.4485090549982664,0.9603469066213532,1.9900876020440441,0.3991261004449661
2021-09-29,1.525283486697952,0.7989258996825348,0.7095047368917906,0,0.3862854199208024,0.5775933658811575,0.8204721432233906,0.5830891538159575,1,0.7767904834072271,0.27304061932780677,0.9851980104436282,0.643578631871961,0.3546672362173796,0.2422571575847674
2021-09-30,1.6676807964502594,0.3637057554520945,2.3647291793820413,1,0.2797456103028168,0.6345824175503038,0.4351089372391601,0.0763194218505685,2,0.8216479329617712,0.1771925010111911,1.2668234804842542,0.3681043521619134,1.2044928316946288,0.20348799455531252
2021-10-01,1.7831013813911785,0.40386484642407144,1.661124432047806,0,0.16869172227940865,0.7979141596158941,0.35406604177342416,0.34296161678914694,2,0.4615229275886068,0.29426673663711433,1.611051827152114,-0.24485965085725825,2.379385613889169,0.9545538424175
2021-10-02,0.7783559971523446,0.565926244656934,2.032805739307249,0,-0.15621858558578056,0.3959704726624549,0.4309907197368761,0.023335810916211577,2,0.9833056568184674,0.1147969272512801,0.7957683511140461,0.31817029726975243,0.661526361409944,0.9185216027705179
2021-10-03,0.753790736717999,0.030106796666589553,1.2939168335535869,1,0.6752646367645134,0.9150900684070432,-0.19803183826635012,0.38471211728240723,2,0.7867083407073091,0.9415329102844411,1.6119578017351675,0.2087543659722706,0.5578845226722531,0.04699250100311747
2021-10-04,1.4957379474169379,0.4831187483747674,1.4613828225892624,0,0.19476311370345484,0.53302886724614,0.09270661489647791,0.5299472093608545,0,0.7736625648956658,0.7842061743652669,1.1840336855781257,0.10565977795748438,2.852455979749294,0.33881302160484816
2021-10-05,1.1249098269444129,0.31717201049481697,2.2459782578265965,1,-0.08591523699715839,0.157954822835348,-0.440810700663651,0.09480209887852126,2,0.7478385744120718,0.4623911769125407,0.3318020487415725,0.9617592466444154,0.6296928887586921,0.40514855367840663
2021-10-06,1.2549171931442584,0.49124602826687197,-0.7516599557040702,0,0.1045352859650186,0.6958991181688025,0.21331905623024006,0.23110795112733254,1,0.150608103218274,0.864962605115202,0.049368314449169226,0.9014510425685276,0.7827557389505042,0.23901453466594336
2021-10-07,1.4894816735902525,0.17964319772887682,0.4471248182157024,0,0.15554272778181977,0.7932613504382544,0.3145368759364948,0.3182693004017256,3,0.2172308864530108,0.2494582042932323,0.7255072007983041,0.6780401819618231,2.908847816713014,0.6288728969881755
2021-10-08,1.7250133545439157,1.3357909211098424,-0.8939527909019889,1,0.6102916851235618,0.31676167706752667,-0.15837539584518562,0.7356248197248398,2,0.463990131464425,0.7171205684721935,1.0933926565926797,1.3773296265867445,2.204125710795077,0.640380746644241
2021-10-09,0.3449878921288395,0.890388680331073,2.9383400399832347,0,0.5069758186175424,0.857179256998753,0.9460432707482707,0.7946040123383713,0,0.26400434995946587,0.8561324990137434,1.6796407044069768,0.19970876836170892,2.0987895990705847,0.8505042283285971
2021-10-10,0.43895738159986,1.0186534787167343,2.7202966984330663,0,0.5462353830054738,0.9061432547657664,0.8641819164058631,0.035929039196492686,1,0.41524097233404045,0.3567687116232726,0.2549713602804924,-0.0123961245796409,2.558779151563744,0.7408692683852178
2021-10-11,-0.2650451503978275,1.1837568579110074,-1.8028659431574705,0,-0.2878656091284881,0.2769044873778089,0.5832148531838588,0.6088063387963136,3,0.8884641099229207,0.7574644454507177,1.6004126953671582,0.8118066261967991,0.3474692467103828,0.5425733269659556
2021-10-12,0.945700352490435,0.7476632983935859,1.5278758625784423,0,0.1577693979977377,0.9835214727152221,0.30007994314804387,0.2973792531218746,3,0.8243268918792692,0.29507234926430936,1.726018092134454,-0.1023718781251941,2.1178687097400215,0.6535867700444199
2021-10-13,-0.4101443155081448,0.13038043213113554,2.6262415870783293,0,0.2294785667988561,0.14071152804875842,0.8049537394715274,0.31396654898358406,2,0.6300398784799822,0.2988571352590308,0.3013749740016676,0.1300210143668492,1.5110658279847167,0.2739887815430181
2021-10-14,0.6639950453311503,0.8056598127278216,-1.0971232743633323,0,-0.2788884954946376,0.20201566840248997,-0.30402148426480563,0.6034119786776182,3,0.8581203942511035,0.10705717855418606,1.703188638608438,-0.05079511985023033,2.4874519208524197,0.5930561899673576
2021-10-15,0.8566115867689414,0.8802616770313187,0.8397261527631472,1,-0.014205470380462326,0.18422483923802613,0.6857646914123274,0.734741145716327,2,0.7837723890172492,0.4400580465093987,1.982907135685584,-0.36169286456299754,1.524425155995583,0.48922725474991924
2021-10-16,0.21635313032071102,1.1181592112764949,2.5774414879402094,0,0.5363188054343486,0.8939897100078704,-0.31276877904972755,0.7607428756020388,2,0.4289849318408905,0.7297119064974222,1.453677662096475,1.1549974832713468,1.8607240628067365,0.1333444673163704
2021-10-17,0.9770831514225269,0.647489319344519,-1.830270107071006,0,-0.14917932369810102,0.6542925523249619,0.6913159938241082,0.46169806883065667,1,0.20106515204994513,0.940220805571285,1.569539363649976,0.009081085843322345,1.433226379198608,0.24254427658297073
2021-10-18,-0.42374937515237643,0.19137045419334564,1.4871013362341996,0,0.2888411445978509,0.15210428322227287,-0.08634864762296457,0.28569692744040226,1,0.5142010400093392,0.6037969919290961,1.9888305351177469,0.44605500668604137,1.4344767706675323,0.29169345072158603
2021-10-19,-0.40662952812696396,0.4256638586980867,-0.5132549631372463,0,-0.06327794078103871,0.440323418368349,0.8156358715272833,0.6300392686870234,0,0.7362288825285501,0.863135537735739,1.2109625010518907,-0.4133694534913761,2.3039099341854947,0.924309567052558
2021-10-20,1.5565014016491459,0.5446234445979526,2.621980976882652,0,-0.2866671478917174,0.615298025069802,0.9160631407380968,0.2008011066098402,1,0.436419598729593,0.8224946492902271,0.6157727640324988,0.8986789325052862,1.8856992019418497,0.23038663938588944
2021-10-21,0.4004766035281573,0.9688758619974018,2.8552912258268393,1,-0.034678396640504316,0.08346408498938329,-0.27680604589232655,0.4512592230668142,1,0.6667719097838972,0.17334305297528085,1.6750616681521113,0.16112200461258164,1.8997896048282312,0.28924390281966816
2021-10-22,-0.18234871837028804,0.8561674570033678,2.7213324455671692,0,0.7734611304010592,0.8824163684073387,0.19401340759809027,0.28686276921989856,2,0.09432742629104363,0.48581742891263147,1.2289715550232625,0.9894734556584199,1.3508474514945774,0.3693541300894323
2021-10-23,0.8056081501370109,0.5341450888467694,0.37107108328731897,0,0.5816908230712887,0.8036035354415352,0.9714810672440277,0.5253048589663009,1,0.7480047363714034,0.11692353552539148,1.1623908474419131,0.32480612093573225,1.5933284890125827,0.663742738625387
2021-10-24,1.424983882746527,1.4797728731894695,2.310213254946567,0,0.7555343087531368,0.5052067735766382,0.22511115395971992,0.19231913031480552,2,0.812713619893062,0.682153161561635,0.5072711110280765,-0.10848878718875077,2.237152998614362,0.11823839247214052
2021-10-25,0.039552568742107885,0.9086622290353308,2.2227469926753516,0,0.2366394483189987,0.9671266152591704,0.7953212837718178,0.15327435658786062,2,0.7068378557805411,0.949899668246076,1.5126685391657733,0.5263501645640718,2.4778227573357547,0.9539452124937761
2021-10-26,1.0572261895475006,0.3558401876039917,-0.40449763378372183,0,-0.17929018145474612,0.4177609792750997,0.3830972831969798,0.7345912693403497,1,0.9672635875263655,0.1370894580787565,0.1633345517201925,-0.23899088072512042,2.0896842064321386,0.8655712200947645
2021-10-27,-0.28663133751558,0.1526737089306056,2.144577370753387,0,0.30275543787106235,0.9841103190364978,0.06299486187940273,0.08144294635962952,0,0.8266520574606404,0.7338831308025413,1.8485741415893224,0.3810783197459895,2.772218966537049,0.5772160730089502
2021-10-28,-0.37079569707848076,0.22928870877649804,-1.814961826422537,1,0.199815068015957,0.6679199988036271,-0.0713246667111947,0.40476632618794534,0,0.9030937278765383,0.632238150867861,0.6516469215409695,0.13461095484097307,2.4609722644416028,0.6740378674249567
2021-10-29,0.8283865789203699,0.3689365925767622,0.981349392410265,0,0.6287927910135775,0.6346712732539415,-0.1951653633708691,0.17668222637040715,3,0.933571083457648,0.5836050370080997,0.2555493055799809,1.3239191683992664,1.6855913694285554,0.01666047124421599
2021-10-30,0.8515878040252662,0.2410220598893335,-0.8499558135614849,0,-0.19210916113733095,0.165954895295785,0.6426972870665457,0.03114397066053396,3,0.8013479918738086,0.39012023468833923,0.8847330662048376,-0.3781425565585601,2.0142182179312105,0.3389447753484487
2021-10-31,1.0935747537455165,0.27985053607695864,-1.397165571113606,0,0.23706525072395607,0.881927758304644,0.07981076023454181,0.028815054633141116,1,0.6742588420064991,0.35513164775381256,0.08493981851306631,0.888034828211484,2.778924830763588,0.795660230661442
2021-11-01,1.3152283343066538,0.42764275304077065,-1.6152339918539542,0,-0.1349464688366173,0.42748968792061515,0.2669131933011267,0.14017741768466188,0,0.005718581360789288,0.04524918901888786,1.3692523885299326,-0.1344976680251282,1.8575041327291753,0.07748297379238589
2021-11-02,1.9396301986563365,0.26006039294213223,1.4814438793906985,0,0.05714351957906599,0.16223340578247936,0.23848822000177283,0.6934162836048002,2,0.4658257532231247,0.21790870825201347,1.8054110208907124,0.13809014866447966,2.474420843939492,0.2823138342107202
2021-11-03,0.7907508707529882,1.3451481369396379,-0.3006251811596692,0,0.5110927851265796,0.01260751997575904,0.3659185438496968,0.22598299518162135,3,0.571162298622361,0.015176882286826898,1.6745260142770175,0.3310281261241319,2.066431510769961,0.5852968283343113
2021-11-04,0.3073911823531149,0.12035061849246331,1.6238338576438074,0,0.22361994230564325,0.5597556836383826,0.7983657184368282,0.7603673364602366,2,0.3040302724479996,0.5814171055820205,0.25473894689576215,1.3160301787499484,1.6558090831813996,0.2564130276989418
2021-11-05,1.4879654869217591,0.786767084355382,-1.6732182960052882,0,0.1134771136603463,0.5273996221226763,0.971109015375144,0.46529783439135486,3,0.31810444690347206,0.10585323587790885,0.2525422742154637,-0.01484346785234969,0.7255145862460594,0.9339779741445192
2021-11-06,0.17708062815518555,0.6155952404844922,-0.42354831084694844,0,0.13392390642703889,0.7193536223691586,0.11137631286072547,0.3492913518150129,1,0.9611594157101652,0.8730193940297161,1.6268689646485281,-0.31738239491065956,1.2779925584052845,0.13105863080429037
2021-11-07,0.5974285517640903,1.4735679253629095,0.6974564618766861,0,0.2053914452465853,0.8902580530178021,0.7412783831594547,0.4640710677355637,0,0.8917108652027459,0.5231430206971652,1.8485085492062319,0.1373792079810472,2.903228474501147,0.7973943579077786
2021-11-08,-0.3038590466443351,0.16805835325207852,1.9536158241948178,1,0.5635181982207627,0.07940658464302952,0.6467916919820764,0.4133587081810142,3,0.8491790055017042,0.6996899090587084,0.9213396596669783,-0.2906480589289333,1.9732961498178,0.5079486919064082
2021-11-09,-0.4366231414613562,0.5967833985686124,-0.40623748533965043,1,0.681293157834258,0.7314964903403623,0.3602934271833599,0.6070210030058601,0,0.4060118017061106,0.41085709184049646,0.9979422338275319,-0.24280702807889498,1.6931861410169688,0.750330775819956
2021-11-10,1.9066210366948129,1.4542056499130533,1.1294568821850453,0,0.750868155154321,0.18741194409758222,0.9340707154178998,0.22599685277828183,2,0.013698550408914545,0.5605798090010486,0.6365240827714518,0.6477011959500534,2.798869876584682,0.31071532831144744
2021-11-11,1.5899503012805147,1.2982606888409705,2.4298887411809353,1,0.5655937248808247,0.858177053157164,-0.19928822670739582,0.28244031328024194,1,0.08022224645571407,0.9426591769666305,1.788530236512828,-0.37819613380101336,1.7595353431123462,0.5144896023120388
2021-11-12,1.239935515234245,1.22560810642392,1.0793159409115227,0,0.04694758532281407,0.8190635138616561,-0.3361036845355679,0.7152754420266006,0,0.31219636821760366,0.08273403962367076,1.2898058105847119,-0.43813823721286793,1.5782475552522088,0.8568353497231763
2021-11-13,0.5223823610356746,0.38685424056740975,-0.8352026262318311,0,0.45694817669519644,0.5407937549855444,0.7809429504331331,0.7571652105203244,1,0.015742912995676983,0.25393777192369615,0.576503154334737,0.9288282029409956,2.277932565450616,0.4668780991231044
2021-11-14,-0.06676419982288556,0.25633138108509873,-1.8779960922173098,0,0.18136343646093117,0.7102427986233115,0.1587247249506225,0.7140465819891797,0,0.017149781915198115,0.7799883269105443,0.5975657421085032,0.22329418968208903,2.1379968569596333,0.3597198619102696
2021-11-15,-0.10890739332228488,1.0029648298866465,2.3504943695046494,0,-0.019862315749343662,0.3143501131837484,0.7704532813105907,0.3355583951658509,2,0.916603301642411,0.09873720688266585,1.7824001461272048,-0.24924930153225344,0.5794800252252982,0.5361553862527361
2021-11-16,0.12560724541148827,1.3940639836913786,-1.8936529457480642,0,0.624958737368515,0.47116789893281463,0.8396353077931225,0.6242924024055054,2,0.7061585021190541,0.07566110390411085,0.027268047811642937,0.007225541719416473,1.4139248237223634,0.7173627530363669
2021-11-17,0.8730666617653011,0.8351443395208946,2.3735083634209975,1,-0.2577310161414425,0.8216368977104717,-0.40631360957139284,0.38106858664087906,1,0.30895599006815266,0.36154139875403857,0.6454531454532768,0.784173014704798,1.4175463284587557,0.44356334549850274
2021-11-18,1.2864898067501558,0.8574190342048498,0.6446856701360599,0,0.691938191348966,0.4592651971732139,0.8251971444790911,0.39803188171688175,2,0.13264457760095316,0.09216795847243231,1.108713362432738,0.05107313428170235,1.1346735457300343,0.938876975142273
2021-11-19,1.1504934417943282,0.41996864049042626,2.695338492564481,0,0.2076252110872076,0.3577982653254418,0.17247858305413333,0.16374408724582717,3,0.5116357178950771,0.5850784422062031,0.29643492419864925,0.4890422502408158,1.5518804464567593,0.29494582404234204
2021-11-20,0.1998347423648571,1.1542393997879055,1.9939161788683268,0,0.40092162448910856,0.4942124472502999,0.2656487335063483,0.4729042426068132,0,0.005346160854364457,0.22627525081659983,0.1841975083991796,-0.25660938654665544,1.2393221931814327,0.4754636061691204
2021-11-21,1.8871632016579851,0.28056562283628506,2.989670552666688,1,0.42528931442636103,0.8282492524372184,0.43988876663981535,0.14890871820267834,2,0.938413743858144,0.8956979631993723,1.63055266218112,0.676187275210894,0.5980364684135494,0.7569276593414415
2021-11-22,1.3447422917394212,0.4855188546063655,-0.24644092274144924,0,0.6846295147771901,0.33520804737087273,0.8895739100951301,0.26525175925375505,3,0.4148151193889472,0.7835000808452567,1.7888087772970145,0.13215536768652814,1.2370994618240432,0.6891210904957582
2021-11-23,0.8858851312785017,0.6381546579246251,1.8359414446556346,0,0.4003366503839281,0.1737615931357438,-0.47132585835535395,0.6840241612959481,1,0.40233495523733276,0.6997052060994762,1.647212841596379,0.7539368690574331,0.2168308427195298,0.8636410524171562
2021-11-24,1.0293018655858805,0.7614155680266825,0.009654568046210787,0,0.375326943236068,0.7120140203307808,0.21526520247672565,0.1656606473686842,3,0.3905936075817822,0.6169440273845019,1.7975757794746954,1.1167897646080458,1.7273575883232346,0.9968091806811089
2021-11-25,0.5490001560694748,0.36361459862262036,0.39937810151954434,0,-0.226682755383241,0.8259782127080818,0.531583063645841,0.05692662813874625,1,0.06932833038776476,0.8634657303414633,1.106223942116743,0.7232928387799848,2.560963646823336,0.42685832879508956
2021-11-26,0.11932747375289365,0.1722552371088053,1.1375273160918504,1,0.27024882413972456,0.10063747852353333,0.5840604365473427,0.05520607409025305,1,0.6383222397918266,0.22306206154275687,1.6245162419806838,0.09149512519004133,2.175861253063666,0.11115087978331184
2021-11-27,0.38993169662815397,0.9159300636624489,2.368385570931694,1,-0.13481409910125416,0.23987411275594472,0.5387986473056618,0.7526276164024863,0,0.7330036196283534,0.8731088427642276,0.7680852767822008,0.01148740309660079,1.0811821201623337,0.030415880807967977
2021-11-28,1.3946152761609227,0.43294582986038366,2.9204173459964755,0,0.5111771455936343,0.1419719897609939,-0.2983473058878172,0.4055363503694677,0,0.6761253975882903,0.7894922984240523,1.332535722958077,0.15484191746689602,0.26121361673192456,0.7268769061397716
2021-11-29,-0.46401627842561033,0.8718573321339185,1.8413670693225912,1,0.26344411289394204,0.3479414115821666,-0.05090661744247815,0.3275296574536147,3,0.1384354933293943,0.7481608263876856,1.977671062778329,-0.17075897352699032,0.6064481976758123,0.8740136713087157
2021-11-30,-0.2098183987327094,0.23154407291130347,0.08883391083666892,0,0.44825055712918876,0.45035097890541265,0.03807328812552013,0.6487028648063348,0,0.5788401680355926,0.561255678074924,0.45145544767825485,-0.13765629829995985,1.636471021484507,0.22071258594441867
2021-12-01,-0.38499339494561813,0.7217101527822263,0.10678501138535079,1,-0.2541598093373773,0.7488263369633065,0.7066558115192576,0.6686607423284129,0,0.5694844841722538,0.2462441609706001,0.7797994925821612,1.0813822038003358,0.6211712501490986,0.15844803718990597
2021-12-02,-0.39817799420257466,0.7988841488273788,1.6879115079444573,0,-0.20672878234961645,0.6511475848816741,-0.08186019137817047,0.2657528264924837,0,0.868410787941382,0.42354791599189634,0.9600947546201712,0.26946515301488994,1.6319193338549025,0.06220509152569098
2021-12-03,1.6386514600275182,0.07773530523364036,-0.8061142711584883,0,0.48795572686895056,0.6209285674784312,-0.18394255419919525,0.5548944459790363,3,0.379127658375647,0.7935706545388016,0.27603097404010346,0.3719903611411717,0.6947970742916968,0.8227029217172064
2021-12-04,1.2591446484500592,0.5049064172908808,-1.4476294343430267,0,-0.2207072304014593,0.3523749466096544,0.9361720285571442,0.6168982526815093,2,0.3714859436594342,0.031778484357324444,0.16207722093011356,0.6880989311336223,2.5467716084282186,0.31138193989258434
2021-12-05,0.6854345727183131,0.20162201540846136,-0.22688921179611743,0,-0.22161759945821552,0.8414475530847599,-0.48670507232979665,0.5237205494927636,0,0.6185270587181856,0.7820507692637583,1.6594457326432488,0.6793069903030953,1.1918144185213793,0.4016968927597765
2021-12-06,-0.2554145983724963,0.09506245570915162,-0.5638050417295912,0,-0.28668067724162377,0.47128716739816456,0.9967312835229674,0.1212760598400795,0,0.633072653499513,0.2400707404875665,1.9535887456551724,-0.36524625695614854,0.7366518778334732,0.5027501916096123
2021-12-07,0.7290396877920808,1.4849403485849177,-0.5184593977200496,0,0.7521515381294281,0.9791049380151545,0.5152319482860934,0.7007064668136457,3,0.46928522732579037,0.14430920072160303,0.8094501276593173,1.1630815726753312,2.436978540741185,0.8394532342095508
2021-12-08,0.6836794269514141,0.48353076746208445,-0.8319612447504503,0,0.5112591954049077,0.6341421382957368,0.7427039491736755,0.431275642188807,2,0.4430593623304211,0.11570131818030216,0.17529967238930655,-0.14534689355212116,1.0285168944163523,0.6508332215614849
2021-12-09,-0.06699532522496204,1.2148116687819523,-1.7895340518181906,0,0.0885765493522706,0.12626474156450274,-0.058070905480710255,0.22597794109600297,0,0.4941476706378827,0.027250011950815112,0.13162352138115296,0.9461432720993377,0.3344630635163458,0.6150646298578113
2021-12-10,0.5846291230949325,0.3819609821456458,-1.910630326332931,0,0.02618913941642076,0.676177562075434,-0.47852708349941003,0.34018254835015516,1,0.8610452995033119,0.5235864852214529,1.7826364127205974,1.0453419762563332,1.711228474210925,0.1756720999559107
2021-12-11,0.49626183599343365,1.022254083335894,2.9386119486801574,0,0.08467355272043453,0.325104015431699,0.6068042778422951,0.030056872319125905,3,0.46116690125391,0.21825987269372948,0.9276284994553599,0.9297990681826274,1.7446926133139662,0.5131898917098298
2021-12-12,1.0396252451305412,1.1403417898345298,0.13886566867931194,1,0.5521188842993001,0.6863271966860974,0.7512168955010137,0.10229344097793405,0,0.9399317919698225,0.9894317657796315,0.6400546331247838,0.6579552931082904,2.1440870257072024,0.7153810171786552
2021-12-13,1.0877341271691094,0.8934581109117664,-0.07836676420159172,0,0.42750767217745594,0.06964114816240574,0.6107141979302786,0.6124374004126887,0,0.504003763596326,0.5744367558722058,0.952922542478799,-0.4707820057822343,0.7206582996251567,0.9732608830304917
2021-12-14,-0.3867399755698887,0.7073642828252376,1.3982364134653493,0,-0.09628487534578525,0.1748814371759594,-0.2857245690487421,9.307804292912892e-06,1,0.9492006931808914,0.13788526935601042,0.6366081893846947,0.22075098472634136,1.3313140172767353,0.20140630921335223
2021-12-15,0.43653153656617805,0.6177613712209028,-0.9087305606746792,0,-0.1084797311325072,0.8557372589057863,0.6301418833854537,0.33325266278583376,1,0.8328319018690757,0.6887625408113653,0.97807155061524,0.7096788587251623,0.8471037571279687,0.009543353067226645
2021-12-16,1.0646497892855908,0.523302399814493,2.749805919751127,1,-0.19176478531526292,0.2271795570235149,0.6533841731614616,0.41800814486847077,3,0.3624313226158291,0.8977435665097253,1.7191127938358737,0.27490259184507737,0.24286120834706437,0.07530143359846975
2021-12-17,0.7578406464502192,1.3942937163717388,1.9317250720777603,0,0.42633299167147204,0.83704112524294,0.4878107735050823,0.04370753600077784,3,0.863641421296616,0.7451794953696144,1.1846027421241914,1.2269597898256261,2.629841481047675,0.37585246518197923
2021-12-18,1.6412246029708055,1.2459291116815936,-1.5529449884387025,0,0.5408099284439096,0.27927608845441043,0.6491738991933793,0.7784625303778663,1,0.11006328420111522,0.07643986103944767,1.3893075456203507,0.1176045506992307,2.1866094134650234,0.8205446477459871
2021-12-19,1.1467340790473626,1.4475403659997688,0.0879038789246418,1,-0.00844892884249554,0.6428819100587077,0.7688821595165982,0.18090026499973755,3,0.9250471753430145,0.8958841811926596,0.7293413524686732,0.08706958491732086,0.9043891783764021,0.0071420817682450455
2021-12-20,-0.09266393229642578,0.1864458352283171,2.395591537810823,1,-0.2769605428659959,0.694150573509831,0.42040617135618763,0.2433589757090247,1,0.6316435150828916,0.7939293858599648,1.4770117570210375,0.031995386185315944,1.798118978615959,0.4567305928858403
2021-12-21,-0.3235781314989254,1.0963012128054663,2.7236601114570513,0,-0.20961116577592992,0.5126547531450529,-0.3670929290454814,0.24315400980402188,0,0.05439074852231118,0.15830390010561435,1.3332341697587446,0.165561737921591,0.6037913644034173,0.32923061534139453
2021-12-22,1.106048195515789,1.4075106852315566,0.33700755624934864,0,0.7646460383295335,0.3053106766967313,0.2314417145008163,0.18433332969387994,1,0.6442567236508115,0.051785888732816865,0.2391239955041129,0.6148099286283744,2.6707098653873125,0.052481710099727574
2021-12-23,-0.43372172364594547,0.2718495992484902,1.0670569460535386,0,0.02498925522516232,0.21264437637109612,-0.3835259979925924,0.0011790576690491328,1,0.9742476541447561,0.5573105753143085,1.1452857062311692,0.9140305885451816,0.3447190300857309,0.4502362866726173
2021-12-24,0.9644389531836581,0.09974440105016624,-1.1648302695396238,1,0.5461454626219471,0.03318935456242622,0.11131454654864625,0.5834758352703971,2,0.06980065461462892,0.1560358113399769,0.513486992619516,0.8251358354775702,0.011511436523402696,0.25474870733671884
2021-12-25,1.850575603562394,1.1116809739350886,2.955843130684883,0,0.38712992573969024,0.3039464012407238,0.1106597336884414,0.7734763998394283,1,0.5546877097800863,0.834590952595272,1.6081913392671856,1.1154356399629592,1.5060245932175464,0.35188483434700646
2021-12-26,0.9386854446896975,0.8617096697698678,-0.8416414930827831,0,0.12013360361818554,0.653162790531283,-0.40098523378963763,0.17943478662803605,1,0.7477943497593724,0.35833465667167375,0.8518754169338789,1.2718279909948498,1.749383470358608,0.705615304784293
2021-12-27,0.4704248155163048,1.2627431651374081,2.713658870675628,1,-0.07374401158488936,0.9383048184484827,0.023230800954219033,0.5304377534427379,2,0.8102585866995313,0.9128924447365754,1.9893683303929743,1.1321580846867025,1.7368959608874133,0.5215509839109671
2021-12-28,1.108220546105883,0.20965856493943424,1.2482332449618423,0,-0.1664749400246529,0.871204482263052,-0.33350285181302775,0.5935170615669721,3,0.41382746532079584,0.5656881721410058,0.18500087587792757,-0.46210919325129085,0.16353578231347887,0.12464742899281334
2021-12-29,0.6456322262287917,1.1929009677898352,1.0386839743942957,0,0.37651426484275335,0.7660647765353026,0.7123528150138332,0.6787403032724199,2,0.204166559168243,0.18267238423966814,1.560695725480317,0.9718359071039775,0.9421314207552974,0.961414540423639
2021-12-30,0.8640419732898375,0.3024409800716168,0.5634425550825428,0,0.5520971587015668,0.7884473432532987,0.9215320389467061,0.33810335761088733,0,0.042342278772383835,0.1395988673598001,1.347403467084313,-0.08320085276333677,1.4975968405239954,0.6359107657097384
2021-12-31,1.8536620219413127,0.24548391429855676,-0.8466509414112067,0,0.4082946788952438,0.6649849034759953,-0.3915252871130921,0.2423447245123434,2,0.5797261570972247,0.5764724375577539,1.534997661181411,-0.23414391458403472,0.6497375568817226,0.7658684256625315
